{
"type": "FeatureCollection",
"name": "adelaide_40",
"crs": { "type": "name", "properties": { "name": "urn:ogc:def:crs:OGC:1.3:CRS84" } },
"features": [
{ "type": "Feature", "properties": { "osm_id": "4856324", "road_name": "South Australia One Drive", "highway": "residential", "maxspeed_kmh": 40.0, "length_km": 0.42690894514415567 }, "geometry": { "type": "LineString", "coordinates": [ [ 138.484165499999989, -34.7815334 ], [ 138.4833674, -34.7821505 ], [ 138.4819727, -34.7823058 ], [ 138.481839900000011, -34.7826638 ], [ 138.4811463, -34.7831706 ], [ 138.4806633, -34.7828194 ] ] } },
{ "type": "Feature", "properties": { "osm_id": "4856326", "road_name": "Australia Two Avenue", "highway": "residential", "maxspeed_kmh": 40.0, "length_km": 0.52602159143157079 }, "geometry": { "type": "LineString", "coordinates": [ [ 138.487398500000012, -34.7830976 ], [ 138.486518100000012, -34.7834609 ], [ 138.4853235, -34.78308710000001 ], [ 138.4844981, -34.7834068 ], [ 138.483414900000014, -34.7834147 ], [ 138.482315699999987, -34.7841036 ] ] } },
{ "type": "Feature", "properties": { "osm_id": "4856328", "road_name": "Southern Cross Avenue", "highway": "residential", "maxspeed_kmh": 40.0, "length_km": 0.15737629280862925 }, "geometry": { "type": "LineString", "coordinates": [ [ 138.483655700000014, -34.7820348 ], [ 138.4839293, -34.7825955 ], [ 138.4839303, -34.7833954 ] ] } },
{ "type": "Feature", "properties": { "osm_id": "4856330", "road_name": "Endeavour Court", "highway": "residential", "maxspeed_kmh": 40.0, "length_km": 0.096563818406391805 }, "geometry": { "type": "LineString", "coordinates": [ [ 138.4846824, -34.7821004 ], [ 138.484341300000011, -34.7825369 ], [ 138.4839293, -34.7825955 ] ] } },
{ "type": "Feature", "properties": { "osm_id": "4856331", "road_name": "Australia Two Avenue", "highway": "service", "maxspeed_kmh": 40.0, "length_km": 0.051122690097995312 }, "geometry": { "type": "LineString", "coordinates": [ [ 138.4818497, -34.7843079 ], [ 138.4813751, -34.7845414 ] ] } },
{ "type": "Feature", "properties": { "osm_id": "4856332", "road_name": "Spinnaker Court", "highway": "residential", "maxspeed_kmh": 40.0, "length_km": 0.072809480913020794 }, "geometry": { "type": "LineString", "coordinates": [ [ 138.4820182, -34.7841045 ], [ 138.48153880000001, -34.7835872 ] ] } },
{ "type": "Feature", "properties": { "osm_id": "4856333", "road_name": "Gulf Point Drive", "highway": "residential", "maxspeed_kmh": 40.0, "length_km": 0.75395014432252716 }, "geometry": { "type": "LineString", "coordinates": [ [ 138.4823096, -34.7844773 ], [ 138.4840446, -34.7866346 ], [ 138.4839921, -34.787023499999989 ], [ 138.484559, -34.7877918 ], [ 138.4850207, -34.7879646 ], [ 138.4858063, -34.7891095 ], [ 138.4861036, -34.7901797 ] ] } },
{ "type": "Feature", "properties": { "osm_id": "4856334", "road_name": null, "highway": "residential", "maxspeed_kmh": 40.0, "length_km": 0.09663947622261225 }, "geometry": { "type": "LineString", "coordinates": [ [ 138.4821004, -34.7843685 ], [ 138.4819171, -34.7842367 ], [ 138.4820987, -34.7840937 ], [ 138.4822528, -34.784235 ], [ 138.4821004, -34.7843685 ] ] } },
{ "type": "Feature", "properties": { "osm_id": "4856336", "road_name": "Courageous Way", "highway": "residential", "maxspeed_kmh": 40.0, "length_km": 0.078007130492961207 }, "geometry": { "type": "LineString", "coordinates": [ [ 138.4827319, -34.7837967 ], [ 138.4822127, -34.7832456 ] ] } },
{ "type": "Feature", "properties": { "osm_id": "4856338", "road_name": "Constellation Court", "highway": "residential", "maxspeed_kmh": 40.0, "length_km": 0.12455629934101899 }, "geometry": { "type": "LineString", "coordinates": [ [ 138.483607799999987, -34.783314099999984 ], [ 138.483752, -34.783933399999988 ], [ 138.4833226, -34.784251900000015 ] ] } },
{ "type": "Feature", "properties": { "osm_id": "4856346", "road_name": "Challenge Court", "highway": "residential", "maxspeed_kmh": 40.0, "length_km": 0.082417139900288622 }, "geometry": { "type": "LineString", "coordinates": [ [ 138.4853908, -34.7824661 ], [ 138.4850567, -34.7828823 ], [ 138.4851138, -34.7831118 ] ] } },
{ "type": "Feature", "properties": { "osm_id": "4856348", "road_name": "Canada Court", "highway": "residential", "maxspeed_kmh": 40.0, "length_km": 0.054840891144884524 }, "geometry": { "type": "LineString", "coordinates": [ [ 138.48608440000001, -34.7827773 ], [ 138.485754500000013, -34.7831852 ] ] } },
{ "type": "Feature", "properties": { "osm_id": "4856368", "road_name": "Marina Court", "highway": "residential", "maxspeed_kmh": 40.0, "length_km": 0.047109555399979221 }, "geometry": { "type": "LineString", "coordinates": [ [ 138.4843468, -34.7836078 ], [ 138.48441840000001, -34.7837171 ], [ 138.484359399999988, -34.7837743 ], [ 138.4842928, -34.7837246 ], [ 138.4843468, -34.7836078 ] ] } },
{ "type": "Feature", "properties": { "osm_id": "4856370", "road_name": "Advance Court", "highway": "residential", "maxspeed_kmh": 40.0, "length_km": 0.08206200450630001 }, "geometry": { "type": "LineString", "coordinates": [ [ 138.4882776, -34.7837382 ], [ 138.4874484, -34.7836636 ] ] } },
{ "type": "Feature", "properties": { "osm_id": "4856371", "road_name": "France 3 Court", "highway": "residential", "maxspeed_kmh": 40.0, "length_km": 0.023772508814840086 }, "geometry": { "type": "LineString", "coordinates": [ [ 138.487278800000013, -34.784239799999987 ], [ 138.487057600000014, -34.7841304 ] ] } },
{ "type": "Feature", "properties": { "osm_id": "4856372", "road_name": "Victory'83 Crescent", "highway": "residential", "maxspeed_kmh": 40.0, "length_km": 0.15412132386133476 }, "geometry": { "type": "LineString", "coordinates": [ [ 138.4888272, -34.784289 ], [ 138.4880469, -34.7845275 ], [ 138.487353500000012, -34.7841544 ] ] } },
{ "type": "Feature", "properties": { "osm_id": "4856375", "road_name": "Alexa Road", "highway": "residential", "maxspeed_kmh": 40.0, "length_km": 0.31148094323205477 }, "geometry": { "type": "LineString", "coordinates": [ [ 138.4897531, -34.7858187 ], [ 138.489096600000011, -34.785807 ], [ 138.4884614, -34.7853802 ], [ 138.488514900000013, -34.7849429 ], [ 138.4897708, -34.784603 ] ] } },
{ "type": "Feature", "properties": { "osm_id": "4856765", "road_name": "Falie Drive", "highway": "residential", "maxspeed_kmh": 40.0, "length_km": 0.42339473484474288 }, "geometry": { "type": "LineString", "coordinates": [ [ 138.4906159, -34.7904257 ], [ 138.4900364, -34.7905308 ], [ 138.489564, -34.7903183 ], [ 138.488834200000014, -34.7904079 ], [ 138.4885322, -34.7898947 ], [ 138.4887062, -34.789626 ], [ 138.4902234, -34.7891863 ] ] } },
{ "type": "Feature", "properties": { "osm_id": "4856770", "road_name": "Lauriana Court", "highway": "residential", "maxspeed_kmh": 40.0, "length_km": 0.078841169199440342 }, "geometry": { "type": "LineString", "coordinates": [ [ 138.4896191, -34.7883157 ], [ 138.4893351, -34.7882959 ], [ 138.4892563, -34.78784550000001 ] ] } },
{ "type": "Feature", "properties": { "osm_id": "4856776", "road_name": "Nerida Drive", "highway": "residential", "maxspeed_kmh": 40.0, "length_km": 0.1837788228945488 }, "geometry": { "type": "LineString", "coordinates": [ [ 138.4897929, -34.7872256 ], [ 138.489600700000011, -34.787283899999984 ], [ 138.4895428, -34.7858106 ] ] } },
{ "type": "Feature", "properties": { "osm_id": "4856780", "road_name": "Arcadia Court", "highway": "residential", "maxspeed_kmh": 40.0, "length_km": 0.15253354223787396 }, "geometry": { "type": "LineString", "coordinates": [ [ 138.4895498, -34.7867012 ], [ 138.4892155, -34.786792 ], [ 138.4885999, -34.7876767 ] ] } },
{ "type": "Feature", "properties": { "osm_id": "4856782", "road_name": "Nerida Drive", "highway": "residential", "maxspeed_kmh": 40.0, "length_km": 0.056078963677364542 }, "geometry": { "type": "LineString", "coordinates": [ [ 138.4896679, -34.787780199999986 ], [ 138.489600700000011, -34.787283899999984 ] ] } },
{ "type": "Feature", "properties": { "osm_id": "7730717", "road_name": "Tusmore Avenue", "highway": "residential", "maxspeed_kmh": 40.0, "length_km": 0.14162617214347017 }, "geometry": { "type": "LineString", "coordinates": [ [ 138.6510591, -34.9264247 ], [ 138.651145500000013, -34.9276907 ] ] } },
{ "type": "Feature", "properties": { "osm_id": "10596755", "road_name": "Brown Street", "highway": "residential", "maxspeed_kmh": 40.0, "length_km": 0.38455336954248803 }, "geometry": { "type": "LineString", "coordinates": [ [ 138.5654121, -34.8854677 ], [ 138.5628193, -34.8881669 ] ] } },
{ "type": "Feature", "properties": { "osm_id": "10596763", "road_name": "Wilpena Terrace", "highway": "residential", "maxspeed_kmh": 40.0, "length_km": 0.093769011626944399 }, "geometry": { "type": "LineString", "coordinates": [ [ 138.55472850000001, -34.8800285 ], [ 138.555358100000035, -34.8793687 ] ] } },
{ "type": "Feature", "properties": { "osm_id": "11069723", "road_name": null, "highway": "trunk_link", "maxspeed_kmh": 40.0, "length_km": 0.26670751405911641 }, "geometry": { "type": "LineString", "coordinates": [ [ 138.576555900000017, -34.923391 ], [ 138.5793936, -34.9231507 ] ] } },
{ "type": "Feature", "properties": { "osm_id": "11216750", "road_name": "South Road", "highway": "trunk", "maxspeed_kmh": 40.0, "length_km": 0.21372110063421235 }, "geometry": { "type": "LineString", "coordinates": [ [ 138.5653929, -34.9138067 ], [ 138.5644641, -34.9120559 ] ] } },
{ "type": "Feature", "properties": { "osm_id": "11279776", "road_name": "Frederick Street", "highway": "residential", "maxspeed_kmh": 40.0, "length_km": 0.73080267255216758 }, "geometry": { "type": "LineString", "coordinates": [ [ 138.5572637, -34.8976874 ], [ 138.557744500000013, -34.9042173 ] ] } },
{ "type": "Feature", "properties": { "osm_id": "11279779", "road_name": "Barham Street", "highway": "residential", "maxspeed_kmh": 40.0, "length_km": 0.66188212458257678 }, "geometry": { "type": "LineString", "coordinates": [ [ 138.5540217, -34.8984808 ], [ 138.5542316, -34.9009459 ], [ 138.554005, -34.901247 ], [ 138.554335900000012, -34.9043043 ] ] } },
{ "type": "Feature", "properties": { "osm_id": "11279810", "road_name": "Malcolm Street", "highway": "residential", "maxspeed_kmh": 40.0, "length_km": 0.32499189230423192 }, "geometry": { "type": "LineString", "coordinates": [ [ 138.5377562, -34.908149699999989 ], [ 138.5375852, -34.9052559 ] ] } },
{ "type": "Feature", "properties": { "osm_id": "11279812", "road_name": "Hammond Road", "highway": "residential", "maxspeed_kmh": 40.0, "length_km": 0.42141979760397086 }, "geometry": { "type": "LineString", "coordinates": [ [ 138.537175100000013, -34.905184599999984 ], [ 138.5369111, -34.9014186 ] ] } },
{ "type": "Feature", "properties": { "osm_id": "11279814", "road_name": "Gould Street", "highway": "residential", "maxspeed_kmh": 40.0, "length_km": 0.3262831394443988 }, "geometry": { "type": "LineString", "coordinates": [ [ 138.5366249, -34.9082359 ], [ 138.536387100000013, -34.9053218 ] ] } },
{ "type": "Feature", "properties": { "osm_id": "11279847", "road_name": "Troon Avenue", "highway": "residential", "maxspeed_kmh": 40.0, "length_km": 0.47548071046483903 }, "geometry": { "type": "LineString", "coordinates": [ [ 138.518426299999987, -34.9061314 ], [ 138.518316700000014, -34.9036994 ], [ 138.5204917, -34.9035724 ] ] } },
{ "type": "Feature", "properties": { "osm_id": "11375182", "road_name": "West Thebarton Road", "highway": "tertiary", "maxspeed_kmh": 40.0, "length_km": 0.026980888207277683 }, "geometry": { "type": "LineString", "coordinates": [ [ 138.566515, -34.9145659 ], [ 138.566235299999988, -34.9146375 ] ] } },
{ "type": "Feature", "properties": { "osm_id": "11375198", "road_name": "Ashwin Parade", "highway": "tertiary", "maxspeed_kmh": 40.0, "length_km": 0.040798181809716769 }, "geometry": { "type": "LineString", "coordinates": [ [ 138.5648793, -34.9146953 ], [ 138.5653222, -34.9146784 ] ] } },
{ "type": "Feature", "properties": { "osm_id": "13976187", "road_name": "Grenfell Street", "highway": "residential", "maxspeed_kmh": 40.0, "length_km": 0.33847297241964702 }, "geometry": { "type": "LineString", "coordinates": [ [ 138.619875799999988, -34.9210351 ], [ 138.623012100000011, -34.9194635 ] ] } },
{ "type": "Feature", "properties": { "osm_id": "13976500", "road_name": "Little King William Street", "highway": "service", "maxspeed_kmh": 40.0, "length_km": 0.80877106843433066 }, "geometry": { "type": "LineString", "coordinates": [ [ 138.6152692, -34.9201408 ], [ 138.6227288, -34.9163142 ] ] } },
{ "type": "Feature", "properties": { "osm_id": "13979362", "road_name": "Coolibah Avenue", "highway": "residential", "maxspeed_kmh": 40.0, "length_km": 0.27998435020236545 }, "geometry": { "type": "LineString", "coordinates": [ [ 138.662885100000011, -34.9198515 ], [ 138.6627057, -34.9173491 ] ] } },
{ "type": "Feature", "properties": { "osm_id": "13979484", "road_name": "Cuthero Terrace", "highway": "residential", "maxspeed_kmh": 40.0, "length_km": 0.48178389884392681 }, "geometry": { "type": "LineString", "coordinates": [ [ 138.662921800000021, -34.9173148 ], [ 138.6681494, -34.9171901 ] ] } },
{ "type": "Feature", "properties": { "osm_id": "13979590", "road_name": "Mahar Street", "highway": "residential", "maxspeed_kmh": 40.0, "length_km": 0.40845313006945283 }, "geometry": { "type": "LineString", "coordinates": [ [ 138.6630783, -34.917322 ], [ 138.662805, -34.9136732 ] ] } },
{ "type": "Feature", "properties": { "osm_id": "13979637", "road_name": "Lincoln Street", "highway": "residential", "maxspeed_kmh": 40.0, "length_km": 0.41821020065965298 }, "geometry": { "type": "LineString", "coordinates": [ [ 138.6630262, -34.916306 ], [ 138.6584891, -34.91653680000001 ] ] } },
{ "type": "Feature", "properties": { "osm_id": "13981400", "road_name": "Allinga Avenue", "highway": "residential", "maxspeed_kmh": 40.0, "length_km": 0.32983196021852557 }, "geometry": { "type": "LineString", "coordinates": [ [ 138.63711330000001, -34.9396492 ], [ 138.637343499999986, -34.9425959 ] ] } },
{ "type": "Feature", "properties": { "osm_id": "13981479", "road_name": "Kyle Street", "highway": "residential", "maxspeed_kmh": 40.0, "length_km": 0.3429463226342207 }, "geometry": { "type": "LineString", "coordinates": [ [ 138.638859, -34.939429 ], [ 138.6391084, -34.942492499999986 ] ] } },
{ "type": "Feature", "properties": { "osm_id": "13981504", "road_name": "Sydney Street", "highway": "residential", "maxspeed_kmh": 40.0, "length_km": 0.34231902954215049 }, "geometry": { "type": "LineString", "coordinates": [ [ 138.640613699999989, -34.9393416 ], [ 138.640844499999986, -34.9424003 ] ] } },
{ "type": "Feature", "properties": { "osm_id": "13984548", "road_name": "Holton Street", "highway": "residential", "maxspeed_kmh": 40.0, "length_km": 0.48423639438273441 }, "geometry": { "type": "LineString", "coordinates": [ [ 138.6356748, -34.9437663 ], [ 138.6409295, -34.9434954 ] ] } },
{ "type": "Feature", "properties": { "osm_id": "13984634", "road_name": "Broughton Street", "highway": "residential", "maxspeed_kmh": 40.0, "length_km": 0.31708764984885796 }, "geometry": { "type": "LineString", "coordinates": [ [ 138.637563199999988, -34.9446283 ], [ 138.6410045, -34.9444559 ] ] } },
{ "type": "Feature", "properties": { "osm_id": "13984769", "road_name": "Main Avenue", "highway": "residential", "maxspeed_kmh": 40.0, "length_km": 0.43867949759723007 }, "geometry": { "type": "LineString", "coordinates": [ [ 138.63414, -34.946744 ], [ 138.6293803, -34.9469994 ] ] } },
{ "type": "Feature", "properties": { "osm_id": "13984829", "road_name": "Avenue Road", "highway": "residential", "maxspeed_kmh": 40.0, "length_km": 0.58093969698406467 }, "geometry": { "type": "LineString", "coordinates": [ [ 138.628030700000011, -34.9470718 ], [ 138.6331463, -34.9500533 ] ] } },
{ "type": "Feature", "properties": { "osm_id": "13984883", "road_name": "North Street", "highway": "residential", "maxspeed_kmh": 40.0, "length_km": 0.4501636261799013 }, "geometry": { "type": "LineString", "coordinates": [ [ 138.6328945, -34.9468108 ], [ 138.63325420000001, -34.9508289 ] ] } },
{ "type": "Feature", "properties": { "osm_id": "13985058", "road_name": "Birdwood Avenue", "highway": "residential", "maxspeed_kmh": 40.0, "length_km": 0.32503715390999588 }, "geometry": { "type": "LineString", "coordinates": [ [ 138.6308781, -34.946031 ], [ 138.631087799999989, -34.9489239 ] ] } },
{ "type": "Feature", "properties": { "osm_id": "13985962", "road_name": "Florence Street", "highway": "residential", "maxspeed_kmh": 40.0, "length_km": 0.29949369072810422 }, "geometry": { "type": "LineString", "coordinates": [ [ 138.6253951, -34.9508668 ], [ 138.6286461, -34.9507104 ] ] } },
{ "type": "Feature", "properties": { "osm_id": "14130445", "road_name": "Alexandra Avenue", "highway": "residential", "maxspeed_kmh": 40.0, "length_km": 0.78302315174997894 }, "geometry": { "type": "LineString", "coordinates": [ [ 138.6416578, -34.9303644 ], [ 138.633162700000014, -34.930805599999985 ] ] } },
{ "type": "Feature", "properties": { "osm_id": "14308559", "road_name": "Cudmore Avenue", "highway": "residential", "maxspeed_kmh": 40.0, "length_km": 0.86678823123852533 }, "geometry": { "type": "LineString", "coordinates": [ [ 138.6381719, -34.9316102 ], [ 138.6387408, -34.93935590000001 ] ] } },
{ "type": "Feature", "properties": { "osm_id": "14308702", "road_name": "Swaine Avenue", "highway": "residential", "maxspeed_kmh": 40.0, "length_km": 0.39536867957262284 }, "geometry": { "type": "LineString", "coordinates": [ [ 138.62408210000001, -34.9334702 ], [ 138.6283707, -34.9332353 ] ] } },
{ "type": "Feature", "properties": { "osm_id": "14308782", "road_name": "Gurney Road", "highway": "residential", "maxspeed_kmh": 40.0, "length_km": 0.20440618137643987 }, "geometry": { "type": "LineString", "coordinates": [ [ 138.6286015, -34.9351501 ], [ 138.628466, -34.9333235 ] ] } },
{ "type": "Feature", "properties": { "osm_id": "14309375", "road_name": "Scott Street", "highway": "residential", "maxspeed_kmh": 40.0, "length_km": 0.21472563037371079 }, "geometry": { "type": "LineString", "coordinates": [ [ 138.6272342, -34.9332906 ], [ 138.627395400000012, -34.9352084 ] ] } },
{ "type": "Feature", "properties": { "osm_id": "14309437", "road_name": "Stuart Road", "highway": "residential", "maxspeed_kmh": 40.0, "length_km": 0.025524700326489808 }, "geometry": { "type": "LineString", "coordinates": [ [ 138.6314586, -34.9330686 ], [ 138.631479, -34.9332965 ] ] } },
{ "type": "Feature", "properties": { "osm_id": "14309647", "road_name": "Cleland Avenue", "highway": "residential", "maxspeed_kmh": 40.0, "length_km": 0.52743952676753136 }, "geometry": { "type": "LineString", "coordinates": [ [ 138.6293073, -34.9351119 ], [ 138.6296686, -34.9398243 ] ] } },
{ "type": "Feature", "properties": { "osm_id": "14309671", "road_name": "Ascot Avenue", "highway": "residential", "maxspeed_kmh": 40.0, "length_km": 0.43591297865824719 }, "geometry": { "type": "LineString", "coordinates": [ [ 138.628658, -34.9398761 ], [ 138.6282923, -34.935985099999989 ] ] } },
{ "type": "Feature", "properties": { "osm_id": "14309718", "road_name": "Kitchener Avenue", "highway": "residential", "maxspeed_kmh": 40.0, "length_km": 0.5280530623500781 }, "geometry": { "type": "LineString", "coordinates": [ [ 138.6271731, -34.9352203 ], [ 138.6275415, -34.9399379 ] ] } },
{ "type": "Feature", "properties": { "osm_id": "14309920", "road_name": "Union Street", "highway": "residential", "maxspeed_kmh": 40.0, "length_km": 0.40442615223072187 }, "geometry": { "type": "LineString", "coordinates": [ [ 138.629518600000011, -34.9375234 ], [ 138.633907, -34.9373023 ] ] } },
{ "type": "Feature", "properties": { "osm_id": "14310045", "road_name": "Bolingbroke Grove", "highway": "residential", "maxspeed_kmh": 40.0, "length_km": 0.4294734845017133 }, "geometry": { "type": "LineString", "coordinates": [ [ 138.6339333, -34.9376875 ], [ 138.638592100000011, -34.9374317 ] ] } },
{ "type": "Feature", "properties": { "osm_id": "14310145", "road_name": "Chatsworth Grove", "highway": "residential", "maxspeed_kmh": 40.0, "length_km": 0.43012964404861831 }, "geometry": { "type": "LineString", "coordinates": [ [ 138.634005800000011, -34.93865910000001 ], [ 138.6386694, -34.9383745 ] ] } },
{ "type": "Feature", "properties": { "osm_id": "14310837", "road_name": "Lloyd Street", "highway": "residential", "maxspeed_kmh": 40.0, "length_km": 0.21563795504185904 }, "geometry": { "type": "LineString", "coordinates": [ [ 138.636351499999989, -34.9375459 ], [ 138.6364939, -34.9394729 ] ] } },
{ "type": "Feature", "properties": { "osm_id": "14311021", "road_name": "Sturt Avenue", "highway": "residential", "maxspeed_kmh": 40.0, "length_km": 0.68712685604295654 }, "geometry": { "type": "LineString", "coordinates": [ [ 138.639729100000011, -34.9331403 ], [ 138.6401794, -34.9392809 ] ] } },
{ "type": "Feature", "properties": { "osm_id": "14311074", "road_name": "Christie Avenue", "highway": "residential", "maxspeed_kmh": 40.0, "length_km": 0.33181597467730906 }, "geometry": { "type": "LineString", "coordinates": [ [ 138.6422455, -34.9378653 ], [ 138.6386436, -34.938029800000017 ] ] } },
{ "type": "Feature", "properties": { "osm_id": "14311243", "road_name": "Ormond Grove", "highway": "residential", "maxspeed_kmh": 40.0, "length_km": 0.62596181812774943 }, "geometry": { "type": "LineString", "coordinates": [ [ 138.6383175, -34.933681299999989 ], [ 138.6315299, -34.9339244 ] ] } },
{ "type": "Feature", "properties": { "osm_id": "14312674", "road_name": "Elizabeth Street", "highway": "residential", "maxspeed_kmh": 40.0, "length_km": 0.30917758516258442 }, "geometry": { "type": "LineString", "coordinates": [ [ 138.630238, -34.9275312 ], [ 138.630039399999987, -34.9247685 ] ] } },
{ "type": "Feature", "properties": { "osm_id": "14406499", "road_name": "Bruce Street", "highway": "residential", "maxspeed_kmh": 40.0, "length_km": 0.17396175455344978 }, "geometry": { "type": "LineString", "coordinates": [ [ 138.632981300000012, -34.9482808 ], [ 138.631092200000012, -34.9483593 ] ] } },
{ "type": "Feature", "properties": { "osm_id": "14406544", "road_name": "Carr Avenue", "highway": "residential", "maxspeed_kmh": 40.0, "length_km": 0.16260121545390671 }, "geometry": { "type": "LineString", "coordinates": [ [ 138.632028600000012, -34.948316 ], [ 138.6319327, -34.9468624 ] ] } },
{ "type": "Feature", "properties": { "osm_id": "14406576", "road_name": "Hollard Street", "highway": "residential", "maxspeed_kmh": 40.0, "length_km": 0.12436299358104703 }, "geometry": { "type": "LineString", "coordinates": [ [ 138.629653, -34.9480837 ], [ 138.6296216, -34.9469864 ] ] } },
{ "type": "Feature", "properties": { "osm_id": "14458011", "road_name": "Brooker Street", "highway": "residential", "maxspeed_kmh": 40.0, "length_km": 0.36248523661948284 }, "geometry": { "type": "LineString", "coordinates": [ [ 138.6358951, -34.946708799999989 ], [ 138.639797499999986, -34.9464163 ] ] } },
{ "type": "Feature", "properties": { "osm_id": "14461523", "road_name": "Jetty Road", "highway": "tertiary", "maxspeed_kmh": 40.0, "length_km": 0.066300470366513667 }, "geometry": { "type": "LineString", "coordinates": [ [ 138.520131600000013, -34.9800392 ], [ 138.519412, -34.9800575 ] ] } },
{ "type": "Feature", "properties": { "osm_id": "14466482", "road_name": "Kenilworth Road", "highway": "residential", "maxspeed_kmh": 40.0, "length_km": 0.41817952052751417 }, "geometry": { "type": "LineString", "coordinates": [ [ 138.621053499999988, -34.9438784 ], [ 138.621305, -34.947600900000012 ] ] } },
{ "type": "Feature", "properties": { "osm_id": "14467020", "road_name": "Robsart Street", "highway": "residential", "maxspeed_kmh": 40.0, "length_km": 0.73769083600304797 }, "geometry": { "type": "LineString", "coordinates": [ [ 138.6210872, -34.9448656 ], [ 138.6130828, -34.945285 ] ] } },
{ "type": "Feature", "properties": { "osm_id": "15001275", "road_name": "Park Road", "highway": "residential", "maxspeed_kmh": 40.0, "length_km": 0.83166156549159109 }, "geometry": { "type": "LineString", "coordinates": [ [ 138.6590076, -34.9230699 ], [ 138.6499847, -34.923525 ] ] } },
{ "type": "Feature", "properties": { "osm_id": "15001335", "road_name": "Ellesmere Street", "highway": "residential", "maxspeed_kmh": 40.0, "length_km": 0.32783268658148662 }, "geometry": { "type": "LineString", "coordinates": [ [ 138.6568767, -34.923186600000015 ], [ 138.6571074, -34.9261156 ] ] } },
{ "type": "Feature", "properties": { "osm_id": "15009897", "road_name": "Byhurst Avenue", "highway": "residential", "maxspeed_kmh": 40.0, "length_km": 0.098678027894091358 }, "geometry": { "type": "LineString", "coordinates": [ [ 138.6293129, -34.9461177 ], [ 138.6293803, -34.9469994 ] ] } },
{ "type": "Feature", "properties": { "osm_id": "15010133", "road_name": "Davey Street", "highway": "residential", "maxspeed_kmh": 40.0, "length_km": 0.11691897866082825 }, "geometry": { "type": "LineString", "coordinates": [ [ 138.622947900000014, -34.9463467 ], [ 138.623668400000014, -34.9454844 ] ] } },
{ "type": "Feature", "properties": { "osm_id": "15014460", "road_name": "Barnes Avenue", "highway": "residential", "maxspeed_kmh": 40.0, "length_km": 0.69000814453480075 }, "geometry": { "type": "LineString", "coordinates": [ [ 138.668349799999987, -34.9195855 ], [ 138.6678396, -34.91342190000001 ] ] } },
{ "type": "Feature", "properties": { "osm_id": "15014640", "road_name": "Sandford Street", "highway": "residential", "maxspeed_kmh": 40.0, "length_km": 0.41870005107081693 }, "geometry": { "type": "LineString", "coordinates": [ [ 138.6656877, -34.9135293 ], [ 138.665978200000012, -34.9172703 ] ] } },
{ "type": "Feature", "properties": { "osm_id": "15014806", "road_name": "Roslind Street", "highway": "residential", "maxspeed_kmh": 40.0, "length_km": 0.2685483855836846 }, "geometry": { "type": "LineString", "coordinates": [ [ 138.6658529, -34.9155872 ], [ 138.664098700000011, -34.9157115 ], [ 138.6629561, -34.915604799999983 ] ] } },
{ "type": "Feature", "properties": { "osm_id": "15014963", "road_name": "Orient Road", "highway": "residential", "maxspeed_kmh": 40.0, "length_km": 0.40798561637889763 }, "geometry": { "type": "LineString", "coordinates": [ [ 138.6599512, -34.9138157 ], [ 138.660257, -34.9174596 ] ] } },
{ "type": "Feature", "properties": { "osm_id": "15014996", "road_name": "Roslind Street", "highway": "residential", "maxspeed_kmh": 40.0, "length_km": 0.2618754367385277 }, "geometry": { "type": "LineString", "coordinates": [ [ 138.6629561, -34.915604799999983 ], [ 138.6601149, -34.9157415 ] ] } },
{ "type": "Feature", "properties": { "osm_id": "15015092", "road_name": "White Avenue", "highway": "residential", "maxspeed_kmh": 40.0, "length_km": 0.21369163020550913 }, "geometry": { "type": "LineString", "coordinates": [ [ 138.6612613, -34.915667 ], [ 138.6611067, -34.913758 ] ] } },
{ "type": "Feature", "properties": { "osm_id": "15015280", "road_name": "Ellerslie Street", "highway": "residential", "maxspeed_kmh": 40.0, "length_km": 0.17596961131771288 }, "geometry": { "type": "LineString", "coordinates": [ [ 138.6645708, -34.9156939 ], [ 138.6646895, -34.917266 ] ] } },
{ "type": "Feature", "properties": { "osm_id": "15015317", "road_name": "Lincoln Street", "highway": "residential", "maxspeed_kmh": 40.0, "length_km": 0.14821060890518167 }, "geometry": { "type": "LineString", "coordinates": [ [ 138.6646518, -34.9164885 ], [ 138.663046400000013, -34.9165312 ] ] } },
{ "type": "Feature", "properties": { "osm_id": "15015505", "road_name": "Briant Road", "highway": "residential", "maxspeed_kmh": 40.0, "length_km": 0.26643043436420083 }, "geometry": { "type": "LineString", "coordinates": [ [ 138.6692916, -34.9171484 ], [ 138.6694712, -34.9195291 ] ] } },
{ "type": "Feature", "properties": { "osm_id": "15015918", "road_name": "Rowland Road", "highway": "residential", "maxspeed_kmh": 40.0, "length_km": 0.42019542173005986 }, "geometry": { "type": "LineString", "coordinates": [ [ 138.6714641, -34.913241 ], [ 138.671760200000023, -34.9169952 ] ] } },
{ "type": "Feature", "properties": { "osm_id": "15016003", "road_name": "Chapel Street", "highway": "residential", "maxspeed_kmh": 40.0, "length_km": 0.51140745545173028 }, "geometry": { "type": "LineString", "coordinates": [ [ 138.6694214, -34.9152542 ], [ 138.6749702, -34.914980199999988 ] ] } },
{ "type": "Feature", "properties": { "osm_id": "15016047", "road_name": "Jackson Street", "highway": "residential", "maxspeed_kmh": 40.0, "length_km": 0.42050426201565616 }, "geometry": { "type": "LineString", "coordinates": [ [ 138.6762563, -34.9158484 ], [ 138.6716939, -34.916075 ] ] } },
{ "type": "Feature", "properties": { "osm_id": "15016282", "road_name": "Ellis Street", "highway": "residential", "maxspeed_kmh": 40.0, "length_km": 0.42098360811401497 }, "geometry": { "type": "LineString", "coordinates": [ [ 138.676119199999988, -34.9139718 ], [ 138.6715518, -34.9142007 ] ] } },
{ "type": "Feature", "properties": { "osm_id": "15016628", "road_name": "Tyler Street", "highway": "residential", "maxspeed_kmh": 40.0, "length_km": 0.20085026632306163 }, "geometry": { "type": "LineString", "coordinates": [ [ 138.671760200000023, -34.9169952 ], [ 138.6739332, -34.91688 ] ] } },
{ "type": "Feature", "properties": { "osm_id": "15016924", "road_name": "Giles Street", "highway": "residential", "maxspeed_kmh": 40.0, "length_km": 0.59280092414470265 }, "geometry": { "type": "LineString", "coordinates": [ [ 138.676247600000011, -34.91571 ], [ 138.6826782, -34.9153904 ] ] } },
{ "type": "Feature", "properties": { "osm_id": "15017115", "road_name": "Adelaide Street", "highway": "residential", "maxspeed_kmh": 40.0, "length_km": 0.3433747953744547 }, "geometry": { "type": "LineString", "coordinates": [ [ 138.6825853, -34.9140376 ], [ 138.678861399999988, -34.9142369 ] ] } },
{ "type": "Feature", "properties": { "osm_id": "15017141", "road_name": "Park Street", "highway": "residential", "maxspeed_kmh": 40.0, "length_km": 0.15295164531434061 }, "geometry": { "type": "LineString", "coordinates": [ [ 138.679480899999987, -34.914212 ], [ 138.6793793, -34.912845099999984 ] ] } },
{ "type": "Feature", "properties": { "osm_id": "15018913", "road_name": "Jessie Road", "highway": "residential", "maxspeed_kmh": 40.0, "length_km": 0.32797820315350057 }, "geometry": { "type": "LineString", "coordinates": [ [ 138.6543816, -34.9262549 ], [ 138.6541645, -34.9233239 ] ] } },
{ "type": "Feature", "properties": { "osm_id": "15018956", "road_name": "Alpha Street", "highway": "residential", "maxspeed_kmh": 40.0, "length_km": 0.32826419313841071 }, "geometry": { "type": "LineString", "coordinates": [ [ 138.653363399999989, -34.9233624 ], [ 138.653547300000014, -34.9262975 ] ] } },
{ "type": "Feature", "properties": { "osm_id": "15018983", "road_name": "Holden Street", "highway": "residential", "maxspeed_kmh": 40.0, "length_km": 0.33631619251866335 }, "geometry": { "type": "LineString", "coordinates": [ [ 138.6546845, -34.9232929 ], [ 138.654446700000022, -34.9202882 ] ] } },
{ "type": "Feature", "properties": { "osm_id": "15019011", "road_name": "Walsall Street", "highway": "residential", "maxspeed_kmh": 40.0, "length_km": 0.33877310408142119 }, "geometry": { "type": "LineString", "coordinates": [ [ 138.655988900000011, -34.9202051 ], [ 138.656229599999989, -34.9232317 ] ] } },
{ "type": "Feature", "properties": { "osm_id": "15019035", "road_name": "May Terrace", "highway": "residential", "maxspeed_kmh": 40.0, "length_km": 0.32836631894035034 }, "geometry": { "type": "LineString", "coordinates": [ [ 138.652056, -34.9263737 ], [ 138.651847800000013, -34.9234388 ] ] } },
{ "type": "Feature", "properties": { "osm_id": "15019180", "road_name": "Bedford Street", "highway": "residential", "maxspeed_kmh": 40.0, "length_km": 0.19554242917432277 }, "geometry": { "type": "LineString", "coordinates": [ [ 138.6591483, -34.9249685 ], [ 138.657026699999989, -34.9250764 ] ] } },
{ "type": "Feature", "properties": { "osm_id": "15019213", "road_name": "Guilford Street", "highway": "residential", "maxspeed_kmh": 40.0, "length_km": 0.19639505624782919 }, "geometry": { "type": "LineString", "coordinates": [ [ 138.659073799999987, -34.9239367 ], [ 138.656943500000011, -34.9240522 ] ] } },
{ "type": "Feature", "properties": { "osm_id": "15019319", "road_name": "Orange Grove", "highway": "residential", "maxspeed_kmh": 40.0, "length_km": 0.34781167132364288 }, "geometry": { "type": "LineString", "coordinates": [ [ 138.6570533, -34.9201486 ], [ 138.656856200000021, -34.9170513 ] ] } },
{ "type": "Feature", "properties": { "osm_id": "15019344", "road_name": "Eden Avenue", "highway": "residential", "maxspeed_kmh": 40.0, "length_km": 0.15696462249751691 }, "geometry": { "type": "LineString", "coordinates": [ [ 138.656906, -34.9182081 ], [ 138.6586073, -34.9181024 ] ] } },
{ "type": "Feature", "properties": { "osm_id": "15019353", "road_name": "McKenna Street", "highway": "residential", "maxspeed_kmh": 40.0, "length_km": 0.34403850038946165 }, "geometry": { "type": "LineString", "coordinates": [ [ 138.6537801, -34.9172379 ], [ 138.654023599999988, -34.9203116 ] ] } },
{ "type": "Feature", "properties": { "osm_id": "15019370", "road_name": "Tobruk Avenue", "highway": "residential", "maxspeed_kmh": 40.0, "length_km": 0.30849558804614613 }, "geometry": { "type": "LineString", "coordinates": [ [ 138.652652100000012, -34.9176178 ], [ 138.6528495, -34.9203747 ] ] } },
{ "type": "Feature", "properties": { "osm_id": "15019384", "road_name": "Dunstan Avenue", "highway": "residential", "maxspeed_kmh": 40.0, "length_km": 0.30757478582515807 }, "geometry": { "type": "LineString", "coordinates": [ [ 138.6517863, -34.9204395 ], [ 138.6515195, -34.9176946 ] ] } },
{ "type": "Feature", "properties": { "osm_id": "15019418", "road_name": "Spencer Street", "highway": "residential", "maxspeed_kmh": 40.0, "length_km": 0.21911648867425459 }, "geometry": { "type": "LineString", "coordinates": [ [ 138.652761, -34.9191066 ], [ 138.6551351, -34.918985600000013 ] ] } },
{ "type": "Feature", "properties": { "osm_id": "15019649", "road_name": "Toowong Avenue", "highway": "residential", "maxspeed_kmh": 40.0, "length_km": 0.35180785529839242 }, "geometry": { "type": "LineString", "coordinates": [ [ 138.653077599999989, -34.917275 ], [ 138.6526245, -34.9141992 ] ] } },
{ "type": "Feature", "properties": { "osm_id": "15019755", "road_name": "Water Street", "highway": "residential", "maxspeed_kmh": 40.0, "length_km": 0.36358809510848078 }, "geometry": { "type": "LineString", "coordinates": [ [ 138.6583675, -34.9149674 ], [ 138.655696400000011, -34.9150744 ], [ 138.6555932, -34.9140536 ] ] } },
{ "type": "Feature", "properties": { "osm_id": "15019767", "road_name": "Treloar Avenue", "highway": "residential", "maxspeed_kmh": 40.0, "length_km": 0.2138172519007796 }, "geometry": { "type": "LineString", "coordinates": [ [ 138.6561293, -34.9150814 ], [ 138.6562907, -34.9169911 ] ] } },
{ "type": "Feature", "properties": { "osm_id": "15090354", "road_name": "Annesley Avenue", "highway": "residential", "maxspeed_kmh": 40.0, "length_km": 0.67929255229828278 }, "geometry": { "type": "LineString", "coordinates": [ [ 138.642473099999989, -34.90861240000001 ], [ 138.64291030000004, -34.9146834 ] ] } },
{ "type": "Feature", "properties": { "osm_id": "15090359", "road_name": "Avonmore Avenue", "highway": "residential", "maxspeed_kmh": 40.0, "length_km": 0.82376975245844919 }, "geometry": { "type": "LineString", "coordinates": [ [ 138.6446843, -34.9072124 ], [ 138.6451792, -34.9145762 ] ] } },
{ "type": "Feature", "properties": { "osm_id": "15090366", "road_name": "Canterbury Avenue", "highway": "residential", "maxspeed_kmh": 40.0, "length_km": 0.82165210078901163 }, "geometry": { "type": "LineString", "coordinates": [ [ 138.6469348, -34.9071113 ], [ 138.6474068, -34.914456899999983 ] ] } },
{ "type": "Feature", "properties": { "osm_id": "15090367", "road_name": "Breaker Street", "highway": "residential", "maxspeed_kmh": 40.0, "length_km": 0.63536401467105208 }, "geometry": { "type": "LineString", "coordinates": [ [ 138.6499068, -34.914332 ], [ 138.649515799999989, -34.9086529 ] ] } },
{ "type": "Feature", "properties": { "osm_id": "15090444", "road_name": "Seventh Avenue", "highway": "residential", "maxspeed_kmh": 40.0, "length_km": 0.2474024865344881 }, "geometry": { "type": "LineString", "coordinates": [ [ 138.6509464, -34.9084201 ], [ 138.650801199999989, -34.9085872 ], [ 138.6483665, -34.9087117 ] ] } },
{ "type": "Feature", "properties": { "osm_id": "15090494", "road_name": "Shelley Street", "highway": "residential", "maxspeed_kmh": 40.0, "length_km": 0.64051749093042853 }, "geometry": { "type": "LineString", "coordinates": [ [ 138.657632299999989, -34.9058585 ], [ 138.6506853, -34.906223299999986 ] ] } },
{ "type": "Feature", "properties": { "osm_id": "15090499", "road_name": "Gage Street", "highway": "residential", "maxspeed_kmh": 40.0, "length_km": 0.25487462612785766 }, "geometry": { "type": "LineString", "coordinates": [ [ 138.6515426, -34.9142463 ], [ 138.6514113, -34.9119671 ] ] } },
{ "type": "Feature", "properties": { "osm_id": "15090509", "road_name": "Third Avenue", "highway": "residential", "maxspeed_kmh": 40.0, "length_km": 0.16549625110205485 }, "geometry": { "type": "LineString", "coordinates": [ [ 138.651390099999986, -34.911746 ], [ 138.6531827, -34.9116237 ] ] } },
{ "type": "Feature", "properties": { "osm_id": "15090512", "road_name": "Williams Avenue", "highway": "residential", "maxspeed_kmh": 40.0, "length_km": 0.62925090505307979 }, "geometry": { "type": "LineString", "coordinates": [ [ 138.6569499, -34.913967 ], [ 138.6565381, -34.9083434 ] ] } },
{ "type": "Feature", "properties": { "osm_id": "15090516", "road_name": "Gardiner Avenue", "highway": "residential", "maxspeed_kmh": 40.0, "length_km": 0.63205369555012525 }, "geometry": { "type": "LineString", "coordinates": [ [ 138.655244399999987, -34.9084018 ], [ 138.6556822, -34.9140492 ] ] } },
{ "type": "Feature", "properties": { "osm_id": "15090518", "road_name": "Thomas Avenue", "highway": "residential", "maxspeed_kmh": 40.0, "length_km": 0.63319277927690121 }, "geometry": { "type": "LineString", "coordinates": [ [ 138.6543838, -34.9141097 ], [ 138.6539555, -34.9084516 ] ] } },
{ "type": "Feature", "properties": { "osm_id": "15090520", "road_name": "Green Street", "highway": "residential", "maxspeed_kmh": 40.0, "length_km": 0.63525294658203768 }, "geometry": { "type": "LineString", "coordinates": [ [ 138.653378300000014, -34.914162 ], [ 138.6529409, -34.9084859 ] ] } },
{ "type": "Feature", "properties": { "osm_id": "15090524", "road_name": "Gwynne Street", "highway": "residential", "maxspeed_kmh": 40.0, "length_km": 0.6500101156058673 }, "geometry": { "type": "LineString", "coordinates": [ [ 138.6507782, -34.907483500000012 ], [ 138.6578285, -34.9071159 ] ] } },
{ "type": "Feature", "properties": { "osm_id": "15090529", "road_name": "Lechfield Crescent", "highway": "residential", "maxspeed_kmh": 40.0, "length_km": 0.12170872705097499 }, "geometry": { "type": "LineString", "coordinates": [ [ 138.648512399999987, -34.9107528 ], [ 138.647190599999988, -34.910795099999987 ] ] } },
{ "type": "Feature", "properties": { "osm_id": "15090531", "road_name": "Third Avenue", "highway": "residential", "maxspeed_kmh": 40.0, "length_km": 0.10761385498233818 }, "geometry": { "type": "LineString", "coordinates": [ [ 138.648561199999989, -34.9120852 ], [ 138.6497305, -34.9120624 ] ] } },
{ "type": "Feature", "properties": { "osm_id": "15090534", "road_name": "Frank Street", "highway": "residential", "maxspeed_kmh": 40.0, "length_km": 0.25397129426881176 }, "geometry": { "type": "LineString", "coordinates": [ [ 138.6508298, -34.9120057 ], [ 138.6509523, -34.9142772 ] ] } },
{ "type": "Feature", "properties": { "osm_id": "15090536", "road_name": "Second Avenue", "highway": "residential", "maxspeed_kmh": 40.0, "length_km": 0.1657804813944026 }, "geometry": { "type": "LineString", "coordinates": [ [ 138.651448100000039, -34.91254150000001 ], [ 138.6532475, -34.9124642 ] ] } },
{ "type": "Feature", "properties": { "osm_id": "15090539", "road_name": "Stapleton Street", "highway": "residential", "maxspeed_kmh": 40.0, "length_km": 0.22885978520586978 }, "geometry": { "type": "LineString", "coordinates": [ [ 138.6507904, -34.9076491 ], [ 138.6483064, -34.9077544 ] ] } },
{ "type": "Feature", "properties": { "osm_id": "15090546", "road_name": "Ryan Avenue", "highway": "residential", "maxspeed_kmh": 40.0, "length_km": 0.32206155557824973 }, "geometry": { "type": "LineString", "coordinates": [ [ 138.6506142, -34.9052599 ], [ 138.654105499999986, -34.9050675 ] ] } },
{ "type": "Feature", "properties": { "osm_id": "15090548", "road_name": "Hampden Street", "highway": "residential", "maxspeed_kmh": 40.0, "length_km": 0.54000934727177974 }, "geometry": { "type": "LineString", "coordinates": [ [ 138.6541676, -34.9060293 ], [ 138.6538014, -34.9012041 ] ] } },
{ "type": "Feature", "properties": { "osm_id": "15090549", "road_name": "Arnold Avenue", "highway": "residential", "maxspeed_kmh": 40.0, "length_km": 0.32097451552257261 }, "geometry": { "type": "LineString", "coordinates": [ [ 138.653867600000012, -34.901995 ], [ 138.65038770000001, -34.9021878 ] ] } },
{ "type": "Feature", "properties": { "osm_id": "15090554", "road_name": "Pam Street", "highway": "residential", "maxspeed_kmh": 40.0, "length_km": 0.22353767699482738 }, "geometry": { "type": "LineString", "coordinates": [ [ 138.6487785, -34.9045335 ], [ 138.64862260000001, -34.9025365 ] ] } },
{ "type": "Feature", "properties": { "osm_id": "15090555", "road_name": "First Avenue", "highway": "residential", "maxspeed_kmh": 40.0, "length_km": 0.55273520130744425 }, "geometry": { "type": "LineString", "coordinates": [ [ 138.648687200000012, -34.9035495 ], [ 138.642692899999986, -34.9038658 ] ] } },
{ "type": "Feature", "properties": { "osm_id": "15090559", "road_name": "Arthur Street", "highway": "residential", "maxspeed_kmh": 40.0, "length_km": 1.0687102531047661 }, "geometry": { "type": "LineString", "coordinates": [ [ 138.6427562, -34.904804599999984 ], [ 138.6420248, -34.8952692 ] ] } },
{ "type": "Feature", "properties": { "osm_id": "15090563", "road_name": "Avenue Road", "highway": "tertiary", "maxspeed_kmh": 40.0, "length_km": 0.49405425491840765 }, "geometry": { "type": "LineString", "coordinates": [ [ 138.6484035, -34.9013345 ], [ 138.648036499999989, -34.8969271 ] ] } },
{ "type": "Feature", "properties": { "osm_id": "15090566", "road_name": "Ruby Street", "highway": "residential", "maxspeed_kmh": 40.0, "length_km": 0.17890162895644768 }, "geometry": { "type": "LineString", "coordinates": [ [ 138.6450748, -34.8961681 ], [ 138.643134, -34.896258899999978 ] ] } },
{ "type": "Feature", "properties": { "osm_id": "15090568", "road_name": "Barnes Road", "highway": "residential", "maxspeed_kmh": 40.0, "length_km": 1.0455660154543389 }, "geometry": { "type": "LineString", "coordinates": [ [ 138.651672499999989, -34.9012298 ], [ 138.65113070000001, -34.8939885 ], [ 138.65008610000001, -34.892076700000011 ] ] } },
{ "type": "Feature", "properties": { "osm_id": "15090573", "road_name": "Scarratt Avenue", "highway": "residential", "maxspeed_kmh": 40.0, "length_km": 0.16561922411952254 }, "geometry": { "type": "LineString", "coordinates": [ [ 138.6504923, -34.9036069 ], [ 138.6486952, -34.9036894 ] ] } },
{ "type": "Feature", "properties": { "osm_id": "15090575", "road_name": "Loader Street", "highway": "residential", "maxspeed_kmh": 40.0, "length_km": 0.81861045301788993 }, "geometry": { "type": "LineString", "coordinates": [ [ 138.6483212, -34.9004089 ], [ 138.6571995, -34.899952399999989 ] ] } },
{ "type": "Feature", "properties": { "osm_id": "15090577", "road_name": "Almond Avenue", "highway": "residential", "maxspeed_kmh": 40.0, "length_km": 0.30076426299571823 }, "geometry": { "type": "LineString", "coordinates": [ [ 138.6537621, -34.8974567 ], [ 138.6537966, -34.9001416 ] ] } },
{ "type": "Feature", "properties": { "osm_id": "15090579", "road_name": "Scott Street", "highway": "residential", "maxspeed_kmh": 40.0, "length_km": 0.73644419249393755 }, "geometry": { "type": "LineString", "coordinates": [ [ 138.6547803, -34.8973943 ], [ 138.655189, -34.9039781 ] ] } },
{ "type": "Feature", "properties": { "osm_id": "15090580", "road_name": "Hann Street", "highway": "residential", "maxspeed_kmh": 40.0, "length_km": 0.21095708321083101 }, "geometry": { "type": "LineString", "coordinates": [ [ 138.6537999, -34.8993148 ], [ 138.6515104, -34.8994113 ] ] } },
{ "type": "Feature", "properties": { "osm_id": "15090581", "road_name": "Hann Street", "highway": "residential", "maxspeed_kmh": 40.0, "length_km": 0.29937210928486702 }, "geometry": { "type": "LineString", "coordinates": [ [ 138.6515033, -34.8993496 ], [ 138.648254799999989, -34.8994951 ] ] } },
{ "type": "Feature", "properties": { "osm_id": "15090582", "road_name": "Castres Street", "highway": "residential", "maxspeed_kmh": 40.0, "length_km": 0.30016900883211806 }, "geometry": { "type": "LineString", "coordinates": [ [ 138.651448, -34.8984928 ], [ 138.6481904, -34.89863110000001 ] ] } },
{ "type": "Feature", "properties": { "osm_id": "15090584", "road_name": "Janet Avenue", "highway": "residential", "maxspeed_kmh": 40.0, "length_km": 0.21583489401629591 }, "geometry": { "type": "LineString", "coordinates": [ [ 138.6549068, -34.8991737 ], [ 138.6572463, -34.8990356 ] ] } },
{ "type": "Feature", "properties": { "osm_id": "15090585", "road_name": "Castres Street", "highway": "residential", "maxspeed_kmh": 40.0, "length_km": 0.21106548949051979 }, "geometry": { "type": "LineString", "coordinates": [ [ 138.6537578, -34.898607 ], [ 138.6514704, -34.8986938 ] ] } },
{ "type": "Feature", "properties": { "osm_id": "15090586", "road_name": "Provident Avenue", "highway": "residential", "maxspeed_kmh": 40.0, "length_km": 0.52974201823243183 }, "geometry": { "type": "LineString", "coordinates": [ [ 138.651171799999986, -34.8947358 ], [ 138.6569194, -34.8944739 ] ] } },
{ "type": "Feature", "properties": { "osm_id": "15090597", "road_name": "Barnett Avenue", "highway": "residential", "maxspeed_kmh": 40.0, "length_km": 0.36138251591686676 }, "geometry": { "type": "LineString", "coordinates": [ [ 138.6541116, -34.8926173 ], [ 138.654573, -34.8941637 ], [ 138.654673699999989, -34.8957769 ] ] } },
{ "type": "Feature", "properties": { "osm_id": "15090606", "road_name": "Penna Avenue", "highway": "residential", "maxspeed_kmh": 40.0, "length_km": 0.22371477301934339 }, "geometry": { "type": "LineString", "coordinates": [ [ 138.6543926, -34.8932464 ], [ 138.656820399999987, -34.8931444 ] ] } },
{ "type": "Feature", "properties": { "osm_id": "15090612", "road_name": "Bridge Road", "highway": "residential", "maxspeed_kmh": 40.0, "length_km": 0.2667812142667087 }, "geometry": { "type": "LineString", "coordinates": [ [ 138.648097299999989, -34.8975984 ], [ 138.6452032, -34.8977371 ] ] } },
{ "type": "Feature", "properties": { "osm_id": "15090613", "road_name": "Rosella Street", "highway": "residential", "maxspeed_kmh": 40.0, "length_km": 0.80726415377483174 }, "geometry": { "type": "LineString", "coordinates": [ [ 138.648159600000014, -34.8983405 ], [ 138.639402, -34.8987585 ] ] } },
{ "type": "Feature", "properties": { "osm_id": "15090622", "road_name": "Walsh Street", "highway": "residential", "maxspeed_kmh": 40.0, "length_km": 0.16800190490118025 }, "geometry": { "type": "LineString", "coordinates": [ [ 138.6440146, -34.8970212 ], [ 138.6441284, -34.8985224 ] ] } },
{ "type": "Feature", "properties": { "osm_id": "15219929", "road_name": "Howard Street", "highway": "residential", "maxspeed_kmh": 40.0, "length_km": 0.33456009145461746 }, "geometry": { "type": "LineString", "coordinates": [ [ 138.643333399999989, -34.9146651 ], [ 138.6435598, -34.9176546 ] ] } },
{ "type": "Feature", "properties": { "osm_id": "15219931", "road_name": "Salop Street", "highway": "residential", "maxspeed_kmh": 40.0, "length_km": 0.34918028949642721 }, "geometry": { "type": "LineString", "coordinates": [ [ 138.6475355, -34.9206876 ], [ 138.647293, -34.917568 ] ] } },
{ "type": "Feature", "properties": { "osm_id": "15219932", "road_name": "Glyde Street", "highway": "residential", "maxspeed_kmh": 40.0, "length_km": 0.56711878456364484 }, "geometry": { "type": "LineString", "coordinates": [ [ 138.6473968, -34.9191247 ], [ 138.6412411, -34.9193861 ] ] } },
{ "type": "Feature", "properties": { "osm_id": "15219939", "road_name": "Union Street", "highway": "residential", "maxspeed_kmh": 40.0, "length_km": 0.35345311182157801 }, "geometry": { "type": "LineString", "coordinates": [ [ 138.6425529, -34.9209265 ], [ 138.6423345, -34.9177672 ] ] } },
{ "type": "Feature", "properties": { "osm_id": "15219942", "road_name": "Verdun Street", "highway": "residential", "maxspeed_kmh": 40.0, "length_km": 0.34039648174275366 }, "geometry": { "type": "LineString", "coordinates": [ [ 138.642481900000035, -34.917758599999985 ], [ 138.6423014, -34.914715 ] ] } },
{ "type": "Feature", "properties": { "osm_id": "15219950", "road_name": "Brand Street", "highway": "residential", "maxspeed_kmh": 40.0, "length_km": 0.34049517415355918 }, "geometry": { "type": "LineString", "coordinates": [ [ 138.644696399999987, -34.9176559 ], [ 138.6444736, -34.914613 ] ] } },
{ "type": "Feature", "properties": { "osm_id": "15219951", "road_name": "Vine Street", "highway": "residential", "maxspeed_kmh": 40.0, "length_km": 0.17647885019370085 }, "geometry": { "type": "LineString", "coordinates": [ [ 138.6444746, -34.9192544 ], [ 138.644350300000013, -34.9176777 ] ] } },
{ "type": "Feature", "properties": { "osm_id": "15219953", "road_name": "Duke Street", "highway": "residential", "maxspeed_kmh": 40.0, "length_km": 0.3538233315798292 }, "geometry": { "type": "LineString", "coordinates": [ [ 138.645476699999989, -34.9207841 ], [ 138.6452578, -34.9176222 ] ] } },
{ "type": "Feature", "properties": { "osm_id": "15219955", "road_name": "Margaret Street", "highway": "residential", "maxspeed_kmh": 40.0, "length_km": 0.21888395156314744 }, "geometry": { "type": "LineString", "coordinates": [ [ 138.649834199999987, -34.9196209 ], [ 138.647460099999989, -34.9197492 ] ] } },
{ "type": "Feature", "properties": { "osm_id": "15391676", "road_name": "Mountbatten Terrace", "highway": "residential", "maxspeed_kmh": 40.0, "length_km": 0.59223973276565522 }, "geometry": { "type": "LineString", "coordinates": [ [ 138.5493267, -34.9129989 ], [ 138.5505307, -34.913042 ], [ 138.5520955, -34.91346570000001 ], [ 138.552596599999987, -34.9133791 ], [ 138.5529022, -34.9130999 ], [ 138.553595, -34.9111116 ] ] } },
{ "type": "Feature", "properties": { "osm_id": "15391752", "road_name": "Mountbatten Terrace", "highway": "residential", "maxspeed_kmh": 40.0, "length_km": 0.12570298531603308 }, "geometry": { "type": "LineString", "coordinates": [ [ 138.549709299999989, -34.9119187 ], [ 138.5493267, -34.9129989 ] ] } },
{ "type": "Feature", "properties": { "osm_id": "15392460", "road_name": "La Perouse Avenue", "highway": "residential", "maxspeed_kmh": 40.0, "length_km": 0.19501903778846449 }, "geometry": { "type": "LineString", "coordinates": [ [ 138.5498565, -34.9119565 ], [ 138.5504904, -34.9102907 ] ] } },
{ "type": "Feature", "properties": { "osm_id": "15393539", "road_name": "Jellicoe Street", "highway": "residential", "maxspeed_kmh": 40.0, "length_km": 0.21298688192968346 }, "geometry": { "type": "LineString", "coordinates": [ [ 138.549252200000012, -34.909978 ], [ 138.5514629, -34.910541899999984 ] ] } },
{ "type": "Feature", "properties": { "osm_id": "15393543", "road_name": "Torres Avenue", "highway": "residential", "maxspeed_kmh": 40.0, "length_km": 0.28681293887324799 }, "geometry": { "type": "LineString", "coordinates": [ [ 138.5515193, -34.9106264 ], [ 138.5505307, -34.913042 ] ] } },
{ "type": "Feature", "properties": { "osm_id": "15393840", "road_name": "Craddock Street", "highway": "residential", "maxspeed_kmh": 40.0, "length_km": 0.19298737222215714 }, "geometry": { "type": "LineString", "coordinates": [ [ 138.551968100000011, -34.9124816 ], [ 138.552601, -34.9108346 ] ] } },
{ "type": "Feature", "properties": { "osm_id": "15393844", "road_name": "Jellicoe Street", "highway": "residential", "maxspeed_kmh": 40.0, "length_km": 0.19163004713054149 }, "geometry": { "type": "LineString", "coordinates": [ [ 138.551618600000012, -34.9105828 ], [ 138.553595, -34.9111116 ] ] } },
{ "type": "Feature", "properties": { "osm_id": "15394199", "road_name": "Tasman Avenue", "highway": "residential", "maxspeed_kmh": 40.0, "length_km": 0.23135113400322041 }, "geometry": { "type": "LineString", "coordinates": [ [ 138.5529352, -34.9109174 ], [ 138.553088, -34.9104901 ], [ 138.5530087, -34.9088659 ] ] } },
{ "type": "Feature", "properties": { "osm_id": "15394681", "road_name": "Torres Avenue", "highway": "residential", "maxspeed_kmh": 40.0, "length_km": 0.20523663760639191 }, "geometry": { "type": "LineString", "coordinates": [ [ 138.5515514, -34.9104953 ], [ 138.5521948, -34.9087363 ] ] } },
{ "type": "Feature", "properties": { "osm_id": "15394683", "road_name": null, "highway": "tertiary", "maxspeed_kmh": 40.0, "length_km": 0.046361700486911843 }, "geometry": { "type": "LineString", "coordinates": [ [ 138.5521918, -34.9086113 ], [ 138.5522961, -34.90865190000001 ], [ 138.5522449, -34.9087363 ], [ 138.55214380000001, -34.9086956 ], [ 138.5521918, -34.9086113 ] ] } },
{ "type": "Feature", "properties": { "osm_id": "15394684", "road_name": "Torres Avenue", "highway": "residential", "maxspeed_kmh": 40.0, "length_km": 0.33842030920924004 }, "geometry": { "type": "LineString", "coordinates": [ [ 138.552242100000029, -34.9086098 ], [ 138.5533547, -34.905722399999988 ] ] } },
{ "type": "Feature", "properties": { "osm_id": "15394926", "road_name": "La Perouse Avenue", "highway": "residential", "maxspeed_kmh": 40.0, "length_km": 0.2117490487319563 }, "geometry": { "type": "LineString", "coordinates": [ [ 138.550400599999989, -34.9102631 ], [ 138.551080500000012, -34.9084523 ] ] } },
{ "type": "Feature", "properties": { "osm_id": "15394929", "road_name": null, "highway": "tertiary", "maxspeed_kmh": 40.0, "length_km": 0.043394998786868401 }, "geometry": { "type": "LineString", "coordinates": [ [ 138.5510839, -34.9083356 ], [ 138.551179600000012, -34.908376 ], [ 138.551128, -34.908454 ], [ 138.5510353, -34.9084127 ], [ 138.5510839, -34.9083356 ] ] } },
{ "type": "Feature", "properties": { "osm_id": "15394934", "road_name": "La Perouse Avenue", "highway": "residential", "maxspeed_kmh": 40.0, "length_km": 0.43084123032572469 }, "geometry": { "type": "LineString", "coordinates": [ [ 138.5511309, -34.9083355 ], [ 138.5524141, -34.9046425 ] ] } },
{ "type": "Feature", "properties": { "osm_id": "15395474", "road_name": "Baudin Avenue", "highway": "tertiary", "maxspeed_kmh": 40.0, "length_km": 0.10379744560599202 }, "geometry": { "type": "LineString", "coordinates": [ [ 138.549959699999988, -34.9080964 ], [ 138.551035399999989, -34.9083758 ] ] } },
{ "type": "Feature", "properties": { "osm_id": "15395476", "road_name": "Baudin Avenue", "highway": "tertiary", "maxspeed_kmh": 40.0, "length_km": 0.092648037750112516 }, "geometry": { "type": "LineString", "coordinates": [ [ 138.551178800000031, -34.9084147 ], [ 138.552142, -34.908656 ] ] } },
{ "type": "Feature", "properties": { "osm_id": "15395480", "road_name": "Baudin Avenue", "highway": "tertiary", "maxspeed_kmh": 40.0, "length_km": 0.068294320705389655 }, "geometry": { "type": "LineString", "coordinates": [ [ 138.5522967, -34.9086935 ], [ 138.5530087, -34.9088659 ] ] } },
{ "type": "Feature", "properties": { "osm_id": "15395909", "road_name": "Banks Avenue", "highway": "residential", "maxspeed_kmh": 40.0, "length_km": 0.22505637756397306 }, "geometry": { "type": "LineString", "coordinates": [ [ 138.550594100000012, -34.9062128 ], [ 138.5529272, -34.9068142 ] ] } },
{ "type": "Feature", "properties": { "osm_id": "15396201", "road_name": "Charles Street", "highway": "residential", "maxspeed_kmh": 40.0, "length_km": 0.16054849508343008 }, "geometry": { "type": "LineString", "coordinates": [ [ 138.553338599999989, -34.9054024 ], [ 138.555079, -34.9053044 ] ] } },
{ "type": "Feature", "properties": { "osm_id": "15415049", "road_name": "Rose Terrace", "highway": "residential", "maxspeed_kmh": 40.0, "length_km": 0.29362610500207609 }, "geometry": { "type": "LineString", "coordinates": [ [ 138.592503200000039, -34.9429528 ], [ 138.5893163, -34.9431045 ] ] } },
{ "type": "Feature", "properties": { "osm_id": "15799833", "road_name": null, "highway": "residential", "maxspeed_kmh": 40.0, "length_km": 0.063494807493922625 }, "geometry": { "type": "LineString", "coordinates": [ [ 138.5551897, -34.9052046 ], [ 138.5552998, -34.9053011 ], [ 138.5551846, -34.9053863 ], [ 138.555079, -34.9053044 ], [ 138.5551897, -34.9052046 ] ] } },
{ "type": "Feature", "properties": { "osm_id": "15799835", "road_name": "Charles Street", "highway": "residential", "maxspeed_kmh": 40.0, "length_km": 0.13459602353335329 }, "geometry": { "type": "LineString", "coordinates": [ [ 138.5552998, -34.9053011 ], [ 138.5567598, -34.905231299999983 ] ] } },
{ "type": "Feature", "properties": { "osm_id": "15799837", "road_name": "Hallett Boulevard", "highway": "residential", "maxspeed_kmh": 40.0, "length_km": 0.096032321963131342 }, "geometry": { "type": "LineString", "coordinates": [ [ 138.5551897, -34.9052046 ], [ 138.555135799999988, -34.9043461 ] ] } },
{ "type": "Feature", "properties": { "osm_id": "15799838", "road_name": "Hallett Boulevard", "highway": "residential", "maxspeed_kmh": 40.0, "length_km": 0.10283696027288457 }, "geometry": { "type": "LineString", "coordinates": [ [ 138.5551846, -34.9053863 ], [ 138.5552803, -34.9063023 ] ] } },
{ "type": "Feature", "properties": { "osm_id": "15799839", "road_name": null, "highway": "residential", "maxspeed_kmh": 40.0, "length_km": 0.052463018346541233 }, "geometry": { "type": "LineString", "coordinates": [ [ 138.555375700000013, -34.9063725 ], [ 138.5552812, -34.9064528 ], [ 138.5551922, -34.9063779 ], [ 138.5552803, -34.9063023 ], [ 138.555375700000013, -34.9063725 ] ] } },
{ "type": "Feature", "properties": { "osm_id": "15799840", "road_name": "Hallett Boulevard", "highway": "residential", "maxspeed_kmh": 40.0, "length_km": 0.26880882869712458 }, "geometry": { "type": "LineString", "coordinates": [ [ 138.5552812, -34.9064528 ], [ 138.5555745, -34.9087995 ] ] } },
{ "type": "Feature", "properties": { "osm_id": "15799842", "road_name": null, "highway": "residential", "maxspeed_kmh": 40.0, "length_km": 0.044427671094097697 }, "geometry": { "type": "LineString", "coordinates": [ [ 138.555598300000014, -34.9088018 ], [ 138.5556521, -34.9088796 ], [ 138.555553300000014, -34.9089231 ], [ 138.5555009, -34.908854 ], [ 138.555598300000014, -34.9088018 ] ] } },
{ "type": "Feature", "properties": { "osm_id": "15799843", "road_name": "Hallett Boulevard", "highway": "residential", "maxspeed_kmh": 40.0, "length_km": 0.10140688545173904 }, "geometry": { "type": "LineString", "coordinates": [ [ 138.5555798, -34.9089263 ], [ 138.5556164, -34.9098333 ] ] } },
{ "type": "Feature", "properties": { "osm_id": "15799845", "road_name": null, "highway": "residential", "maxspeed_kmh": 40.0, "length_km": 0.040712372149087295 }, "geometry": { "type": "LineString", "coordinates": [ [ 138.555690700000014, -34.9098838 ], [ 138.555612200000013, -34.9099494 ], [ 138.5555492, -34.909891 ], [ 138.5556164, -34.9098333 ], [ 138.555690700000014, -34.9098838 ] ] } },
{ "type": "Feature", "properties": { "osm_id": "15799937", "road_name": "Maude Street", "highway": "residential", "maxspeed_kmh": 40.0, "length_km": 0.13355767375728919 }, "geometry": { "type": "LineString", "coordinates": [ [ 138.5543707, -34.9053506 ], [ 138.5544057, -34.9060755 ], [ 138.553851400000013, -34.9061325 ] ] } },
{ "type": "Feature", "properties": { "osm_id": "15799940", "road_name": "Caroline Drive", "highway": "residential", "maxspeed_kmh": 40.0, "length_km": 0.35052796679570336 }, "geometry": { "type": "LineString", "coordinates": [ [ 138.5538602, -34.9088173 ], [ 138.5538243, -34.9057493 ] ] } },
{ "type": "Feature", "properties": { "osm_id": "15799979", "road_name": "George Avenue", "highway": "residential", "maxspeed_kmh": 40.0, "length_km": 0.12957837298734773 }, "geometry": { "type": "LineString", "coordinates": [ [ 138.55388640000001, -34.9067973 ], [ 138.555291899999986, -34.9067281 ] ] } },
{ "type": "Feature", "properties": { "osm_id": "15800052", "road_name": "Robert Street", "highway": "residential", "maxspeed_kmh": 40.0, "length_km": 0.11758078655108919 }, "geometry": { "type": "LineString", "coordinates": [ [ 138.555375700000013, -34.9063725 ], [ 138.556650600000012, -34.9063046 ] ] } },
{ "type": "Feature", "properties": { "osm_id": "15800053", "road_name": "Geoffrey Street", "highway": "residential", "maxspeed_kmh": 40.0, "length_km": 0.12268531489431239 }, "geometry": { "type": "LineString", "coordinates": [ [ 138.5560211, -34.9052654 ], [ 138.556221, -34.9063213 ] ] } },
{ "type": "Feature", "properties": { "osm_id": "15800317", "road_name": "Andrew Street", "highway": "residential", "maxspeed_kmh": 40.0, "length_km": 0.18517032979662959 }, "geometry": { "type": "LineString", "coordinates": [ [ 138.5565643, -34.9052441 ], [ 138.556663500000013, -34.9068774 ] ] } },
{ "type": "Feature", "properties": { "osm_id": "15800318", "road_name": "McCole Circuit", "highway": "residential", "maxspeed_kmh": 40.0, "length_km": 0.19301938985916603 }, "geometry": { "type": "LineString", "coordinates": [ [ 138.556663500000013, -34.9068774 ], [ 138.5561597, -34.906958299999985 ], [ 138.5562065, -34.907722399999983 ], [ 138.5568091, -34.907749 ] ] } },
{ "type": "Feature", "properties": { "osm_id": "15800319", "road_name": "Noble Terrace", "highway": "residential", "maxspeed_kmh": 40.0, "length_km": 0.25372237347464721 }, "geometry": { "type": "LineString", "coordinates": [ [ 138.5539163, -34.9074595 ], [ 138.5548081, -34.9075189 ], [ 138.5548198, -34.9082992 ], [ 138.5539661, -34.9083411 ] ] } },
{ "type": "Feature", "properties": { "osm_id": "15800320", "road_name": "Moorfield Terrace", "highway": "residential", "maxspeed_kmh": 40.0, "length_km": 0.080445662842511895 }, "geometry": { "type": "LineString", "coordinates": [ [ 138.5555492, -34.909891 ], [ 138.554677700000013, -34.9099393 ] ] } },
{ "type": "Feature", "properties": { "osm_id": "15800321", "road_name": "Moorfield Terrace", "highway": "residential", "maxspeed_kmh": 40.0, "length_km": 0.25400295166455006 }, "geometry": { "type": "LineString", "coordinates": [ [ 138.555690700000014, -34.9098838 ], [ 138.5570136, -34.909813899999989 ], [ 138.557337100000012, -34.909406 ], [ 138.5581305, -34.9093531 ] ] } },
{ "type": "Feature", "properties": { "osm_id": "15800322", "road_name": "Young Street", "highway": "residential", "maxspeed_kmh": 40.0, "length_km": 0.20649412105897408 }, "geometry": { "type": "LineString", "coordinates": [ [ 138.555654800000013, -34.9088595 ], [ 138.556648, -34.9087757 ], [ 138.5565867, -34.9077614 ] ] } },
{ "type": "Feature", "properties": { "osm_id": "15800323", "road_name": "Job Court", "highway": "residential", "maxspeed_kmh": 40.0, "length_km": 0.054749060683713567 }, "geometry": { "type": "LineString", "coordinates": [ [ 138.556633299999987, -34.9083803 ], [ 138.5572273, -34.908353 ] ] } },
{ "type": "Feature", "properties": { "osm_id": "15800324", "road_name": "Le Cornu Street", "highway": "residential", "maxspeed_kmh": 40.0, "length_km": 0.099362629629251464 }, "geometry": { "type": "LineString", "coordinates": [ [ 138.5555393, -34.9081923 ], [ 138.556614200000013, -34.9081329 ] ] } },
{ "type": "Feature", "properties": { "osm_id": "15800325", "road_name": "Rawson Drive", "highway": "residential", "maxspeed_kmh": 40.0, "length_km": 0.19895093346935483 }, "geometry": { "type": "LineString", "coordinates": [ [ 138.5555909, -34.9095131 ], [ 138.5568298, -34.9094342 ], [ 138.5568452, -34.908925 ], [ 138.556648, -34.9087757 ] ] } },
{ "type": "Feature", "properties": { "osm_id": "15800598", "road_name": "Frederick Street", "highway": "residential", "maxspeed_kmh": 40.0, "length_km": 0.6534568270079486 }, "geometry": { "type": "LineString", "coordinates": [ [ 138.5581879, -34.9100554 ], [ 138.557744500000013, -34.9042173 ] ] } },
{ "type": "Feature", "properties": { "osm_id": "15802458", "road_name": "Musgrave Avenue", "highway": "residential", "maxspeed_kmh": 40.0, "length_km": 0.26541586649458626 }, "geometry": { "type": "LineString", "coordinates": [ [ 138.5610673, -34.9099257 ], [ 138.5581879, -34.9100554 ] ] } },
{ "type": "Feature", "properties": { "osm_id": "15802557", "road_name": null, "highway": "residential", "maxspeed_kmh": 40.0, "length_km": 0.03419909845644372 }, "geometry": { "type": "LineString", "coordinates": [ [ 138.5596464, -34.9089571 ], [ 138.5596889, -34.9090169 ], [ 138.559614, -34.9090512 ], [ 138.5595748, -34.9089889 ], [ 138.5596464, -34.9089571 ] ] } },
{ "type": "Feature", "properties": { "osm_id": "15802558", "road_name": "Welland Avenue", "highway": "residential", "maxspeed_kmh": 40.0, "length_km": 0.10393203190651096 }, "geometry": { "type": "LineString", "coordinates": [ [ 138.5596985, -34.9099819 ], [ 138.5596395, -34.9090528 ] ] } },
{ "type": "Feature", "properties": { "osm_id": "15802560", "road_name": null, "highway": "residential", "maxspeed_kmh": 40.0, "length_km": 0.047002411567875692 }, "geometry": { "type": "LineString", "coordinates": [ [ 138.5594299, -34.9064169 ], [ 138.5595141, -34.9064844 ], [ 138.559441600000014, -34.9065507 ], [ 138.5593504, -34.9064867 ], [ 138.5594299, -34.9064169 ] ] } },
{ "type": "Feature", "properties": { "osm_id": "15802561", "road_name": "Welland Avenue", "highway": "residential", "maxspeed_kmh": 40.0, "length_km": 0.26920974028189537 }, "geometry": { "type": "LineString", "coordinates": [ [ 138.5596289, -34.9089556 ], [ 138.559441600000014, -34.9065507 ] ] } },
{ "type": "Feature", "properties": { "osm_id": "15802562", "road_name": null, "highway": "residential", "maxspeed_kmh": 40.0, "length_km": 0.048106000215259404 }, "geometry": { "type": "LineString", "coordinates": [ [ 138.5593304, -34.905009 ], [ 138.5594194, -34.9050745 ], [ 138.5593378, -34.9051472 ], [ 138.5592509, -34.9050777 ], [ 138.5593304, -34.905009 ] ] } },
{ "type": "Feature", "properties": { "osm_id": "15802564", "road_name": "Welland Avenue", "highway": "residential", "maxspeed_kmh": 40.0, "length_km": 0.14209177239168125 }, "geometry": { "type": "LineString", "coordinates": [ [ 138.5594299, -34.9064169 ], [ 138.5593378, -34.9051472 ] ] } },
{ "type": "Feature", "properties": { "osm_id": "15802565", "road_name": "Welland Avenue", "highway": "residential", "maxspeed_kmh": 40.0, "length_km": 0.10670971008364849 }, "geometry": { "type": "LineString", "coordinates": [ [ 138.5593304, -34.905009 ], [ 138.559256800000014, -34.9040557 ] ] } },
{ "type": "Feature", "properties": { "osm_id": "15802657", "road_name": "Grey Avenue", "highway": "residential", "maxspeed_kmh": 40.0, "length_km": 0.13263478152606842 }, "geometry": { "type": "LineString", "coordinates": [ [ 138.5578126, -34.9051533 ], [ 138.5592509, -34.9050777 ] ] } },
{ "type": "Feature", "properties": { "osm_id": "15802659", "road_name": "Grey Avenue", "highway": "residential", "maxspeed_kmh": 40.0, "length_km": 0.46828343606614553 }, "geometry": { "type": "LineString", "coordinates": [ [ 138.5594194, -34.9050745 ], [ 138.5607884, -34.9050139 ], [ 138.564460700000012, -34.9054899 ] ] } },
{ "type": "Feature", "properties": { "osm_id": "15802697", "road_name": "Gawler Avenue", "highway": "residential", "maxspeed_kmh": 40.0, "length_km": 0.13188875117348758 }, "geometry": { "type": "LineString", "coordinates": [ [ 138.5579186, -34.9065378 ], [ 138.5593504, -34.9064867 ] ] } },
{ "type": "Feature", "properties": { "osm_id": "15802698", "road_name": "Gawler Avenue", "highway": "residential", "maxspeed_kmh": 40.0, "length_km": 0.12620519138319264 }, "geometry": { "type": "LineString", "coordinates": [ [ 138.5595141, -34.9064844 ], [ 138.560883, -34.9064164 ] ] } },
{ "type": "Feature", "properties": { "osm_id": "15802699", "road_name": "Gawler Avenue", "highway": "residential", "maxspeed_kmh": 40.0, "length_km": 0.19860222181496481 }, "geometry": { "type": "LineString", "coordinates": [ [ 138.560883, -34.9064164 ], [ 138.5630113, -34.9067099 ] ] } },
{ "type": "Feature", "properties": { "osm_id": "15802800", "road_name": "Arlington Terrace", "highway": "residential", "maxspeed_kmh": 40.0, "length_km": 0.26992716731764321 }, "geometry": { "type": "LineString", "coordinates": [ [ 138.560883, -34.9064164 ], [ 138.5607085, -34.9040044 ] ] } },
{ "type": "Feature", "properties": { "osm_id": "15802960", "road_name": "Hindmarsh Avenue", "highway": "residential", "maxspeed_kmh": 40.0, "length_km": 0.13451875386848322 }, "geometry": { "type": "LineString", "coordinates": [ [ 138.5581153, -34.909106499999986 ], [ 138.5595717, -34.909003399999989 ] ] } },
{ "type": "Feature", "properties": { "osm_id": "15802961", "road_name": "Hindmarsh Avenue", "highway": "residential", "maxspeed_kmh": 40.0, "length_km": 0.11735710033645082 }, "geometry": { "type": "LineString", "coordinates": [ [ 138.5596904, -34.908998 ], [ 138.560963500000014, -34.9089366 ] ] } },
{ "type": "Feature", "properties": { "osm_id": "15802962", "road_name": "Barrpowell Street", "highway": "residential", "maxspeed_kmh": 40.0, "length_km": 0.2124767567181258 }, "geometry": { "type": "LineString", "coordinates": [ [ 138.560565700000012, -34.9099608 ], [ 138.560573799999986, -34.9111464 ], [ 138.5612487, -34.9115684 ] ] } },
{ "type": "Feature", "properties": { "osm_id": "15803018", "road_name": null, "highway": "residential", "maxspeed_kmh": 40.0, "length_km": 0.029406471903468775 }, "geometry": { "type": "LineString", "coordinates": [ [ 138.5630736, -34.9066706 ], [ 138.5631128, -34.90671960000001 ], [ 138.563056499999988, -34.9067533 ], [ 138.5630113, -34.9067099 ], [ 138.5630736, -34.9066706 ] ] } },
{ "type": "Feature", "properties": { "osm_id": "15803020", "road_name": "Gawler Avenue", "highway": "residential", "maxspeed_kmh": 40.0, "length_km": 0.16630635507893965 }, "geometry": { "type": "LineString", "coordinates": [ [ 138.564902600000011, -34.9069249 ], [ 138.5631128, -34.90671960000001 ] ] } },
{ "type": "Feature", "properties": { "osm_id": "15803287", "road_name": null, "highway": "residential", "maxspeed_kmh": 40.0, "length_km": 0.038624833942305564 }, "geometry": { "type": "LineString", "coordinates": [ [ 138.5637886, -34.9092293 ], [ 138.563820600000014, -34.9093035 ], [ 138.5637257, -34.9093267 ], [ 138.5637001, -34.9092546 ], [ 138.5637886, -34.9092293 ] ] } },
{ "type": "Feature", "properties": { "osm_id": "15803289", "road_name": "Hindmarsh Avenue", "highway": "residential", "maxspeed_kmh": 40.0, "length_km": 0.24461754690448645 }, "geometry": { "type": "LineString", "coordinates": [ [ 138.56369380000001, -34.9092706 ], [ 138.5610654, -34.9089453 ] ] } },
{ "type": "Feature", "properties": { "osm_id": "15803290", "road_name": "Musgrave Avenue", "highway": "residential", "maxspeed_kmh": 40.0, "length_km": 0.11513545763824612 }, "geometry": { "type": "LineString", "coordinates": [ [ 138.561190399999987, -34.909934 ], [ 138.562424099999987, -34.9101045 ] ] } },
{ "type": "Feature", "properties": { "osm_id": "15803516", "road_name": "Torrens Avenue", "highway": "residential", "maxspeed_kmh": 40.0, "length_km": 0.22876224469987155 }, "geometry": { "type": "LineString", "coordinates": [ [ 138.5612175, -34.910911 ], [ 138.5636761, -34.911213799999985 ] ] } },
{ "type": "Feature", "properties": { "osm_id": "15803637", "road_name": "McDonnell Avenue", "highway": "residential", "maxspeed_kmh": 40.0, "length_km": 0.59448300215387007 }, "geometry": { "type": "LineString", "coordinates": [ [ 138.563056499999988, -34.9067533 ], [ 138.5620802, -34.9120137 ] ] } },
{ "type": "Feature", "properties": { "osm_id": "15803638", "road_name": "McDonnell Avenue", "highway": "residential", "maxspeed_kmh": 40.0, "length_km": 0.27185108336311781 }, "geometry": { "type": "LineString", "coordinates": [ [ 138.5630736, -34.9066706 ], [ 138.5634949, -34.904262 ] ] } },
{ "type": "Feature", "properties": { "osm_id": "15803639", "road_name": "Young Avenue", "highway": "residential", "maxspeed_kmh": 40.0, "length_km": 0.54264988731342367 }, "geometry": { "type": "LineString", "coordinates": [ [ 138.5614613, -34.908989 ], [ 138.562339400000013, -34.904186 ] ] } },
{ "type": "Feature", "properties": { "osm_id": "15803640", "road_name": "Jervois Avenue", "highway": "residential", "maxspeed_kmh": 40.0, "length_km": 0.52992992691046492 }, "geometry": { "type": "LineString", "coordinates": [ [ 138.5646418, -34.9045358 ], [ 138.563768, -34.9092246 ] ] } },
{ "type": "Feature", "properties": { "osm_id": "15803641", "road_name": "Jervois Avenue", "highway": "residential", "maxspeed_kmh": 40.0, "length_km": 0.20904211856989702 }, "geometry": { "type": "LineString", "coordinates": [ [ 138.5637508, -34.909334 ], [ 138.5634035, -34.9111833 ] ] } },
{ "type": "Feature", "properties": { "osm_id": "16493763", "road_name": "Tudor Street", "highway": "residential", "maxspeed_kmh": 40.0, "length_km": 0.1861427785464515 }, "geometry": { "type": "LineString", "coordinates": [ [ 138.6274659, -34.9389244 ], [ 138.6254466, -34.9390346 ] ] } },
{ "type": "Feature", "properties": { "osm_id": "17387701", "road_name": "Squires Avenue", "highway": "residential", "maxspeed_kmh": 40.0, "length_km": 0.52158830641775034 }, "geometry": { "type": "LineString", "coordinates": [ [ 138.5197057, -34.8957047 ], [ 138.514051400000028, -34.8959892 ] ] } },
{ "type": "Feature", "properties": { "osm_id": "19015853", "road_name": "Leah Street", "highway": "tertiary", "maxspeed_kmh": 40.0, "length_km": 0.49512975416614313 }, "geometry": { "type": "LineString", "coordinates": [ [ 138.5810301, -34.9489966 ], [ 138.5813618, -34.9534206 ] ] } },
{ "type": "Feature", "properties": { "osm_id": "21725121", "road_name": "Angas Road", "highway": "residential", "maxspeed_kmh": 40.0, "length_km": 0.74992539333538255 }, "geometry": { "type": "LineString", "coordinates": [ [ 138.591383400000012, -34.9744996 ], [ 138.5995242, -34.9740867 ] ] } },
{ "type": "Feature", "properties": { "osm_id": "22054004", "road_name": "Hamilton Boulevard", "highway": "residential", "maxspeed_kmh": 40.0, "length_km": 0.13193398331607536 }, "geometry": { "type": "LineString", "coordinates": [ [ 138.586379099999988, -34.9420606 ], [ 138.5864487, -34.9432403 ] ] } },
{ "type": "Feature", "properties": { "osm_id": "22061881", "road_name": "Kenilworth Road", "highway": "residential", "maxspeed_kmh": 40.0, "length_km": 0.71957170968895245 }, "geometry": { "type": "LineString", "coordinates": [ [ 138.621305, -34.947600900000012 ], [ 138.62182, -34.9540286 ] ] } },
{ "type": "Feature", "properties": { "osm_id": "22062893", "road_name": "Hill Street", "highway": "residential", "maxspeed_kmh": 40.0, "length_km": 0.47077502975694596 }, "geometry": { "type": "LineString", "coordinates": [ [ 138.621305, -34.947600900000012 ], [ 138.6161956, -34.9478511 ] ] } },
{ "type": "Feature", "properties": { "osm_id": "22063985", "road_name": "Castle Street", "highway": "residential", "maxspeed_kmh": 40.0, "length_km": 0.31859232850826469 }, "geometry": { "type": "LineString", "coordinates": [ [ 138.6185375, -34.9439513 ], [ 138.6187344, -34.9467988 ] ] } },
{ "type": "Feature", "properties": { "osm_id": "22063989", "road_name": "Castle Street", "highway": "residential", "maxspeed_kmh": 40.0, "length_km": 0.17300241737887273 }, "geometry": { "type": "LineString", "coordinates": [ [ 138.618745, -34.9469588 ], [ 138.618850900000012, -34.9485051 ] ] } },
{ "type": "Feature", "properties": { "osm_id": "22063991", "road_name": "Castle Street", "highway": "residential", "maxspeed_kmh": 40.0, "length_km": 0.42547611380246686 }, "geometry": { "type": "LineString", "coordinates": [ [ 138.618850900000012, -34.9485051 ], [ 138.6191456, -34.9523064 ] ] } },
{ "type": "Feature", "properties": { "osm_id": "22064737", "road_name": "Scott Street", "highway": "residential", "maxspeed_kmh": 40.0, "length_km": 0.23143819017044023 }, "geometry": { "type": "LineString", "coordinates": [ [ 138.6213626, -34.9483833 ], [ 138.618850900000012, -34.9485051 ] ] } },
{ "type": "Feature", "properties": { "osm_id": "22064742", "road_name": "Scott Street", "highway": "residential", "maxspeed_kmh": 40.0, "length_km": 0.25311605147527144 }, "geometry": { "type": "LineString", "coordinates": [ [ 138.618850900000012, -34.9485051 ], [ 138.6161038, -34.9486382 ] ] } },
{ "type": "Feature", "properties": { "osm_id": "22285894", "road_name": "Marion Street", "highway": "residential", "maxspeed_kmh": 40.0, "length_km": 0.18047915706339215 }, "geometry": { "type": "LineString", "coordinates": [ [ 138.6141097, -34.9480164 ], [ 138.6160449, -34.9479778 ] ] } },
{ "type": "Feature", "properties": { "osm_id": "22295703", "road_name": "Churchill Avenue", "highway": "residential", "maxspeed_kmh": 40.0, "length_km": 0.62671910128322461 }, "geometry": { "type": "LineString", "coordinates": [ [ 138.585997900000024, -34.9609281 ], [ 138.5864201, -34.9665278 ] ] } },
{ "type": "Feature", "properties": { "osm_id": "22298926", "road_name": "Fuller Street", "highway": "residential", "maxspeed_kmh": 40.0, "length_km": 0.22997310603844306 }, "geometry": { "type": "LineString", "coordinates": [ [ 138.6212404, -34.9468279 ], [ 138.618745, -34.9469588 ] ] } },
{ "type": "Feature", "properties": { "osm_id": "22298933", "road_name": "Fuller Street", "highway": "residential", "maxspeed_kmh": 40.0, "length_km": 0.22250708703956831 }, "geometry": { "type": "LineString", "coordinates": [ [ 138.618745, -34.9469588 ], [ 138.6163296, -34.9470716 ] ] } },
{ "type": "Feature", "properties": { "osm_id": "22382054", "road_name": "Susan Street", "highway": "residential", "maxspeed_kmh": 40.0, "length_km": 0.2393893221978306 }, "geometry": { "type": "LineString", "coordinates": [ [ 138.5678648, -34.908158899999989 ], [ 138.565297, -34.9078168 ] ] } },
{ "type": "Feature", "properties": { "osm_id": "22392550", "road_name": "Esk Street", "highway": "residential", "maxspeed_kmh": 40.0, "length_km": 0.4123629886013484 }, "geometry": { "type": "LineString", "coordinates": [ [ 138.5326327, -34.8911859 ], [ 138.5327762, -34.8939099 ], [ 138.5325305, -34.8940314 ], [ 138.531793599999986, -34.8937341 ] ] } },
{ "type": "Feature", "properties": { "osm_id": "22407900", "road_name": "Brebner Drive", "highway": "tertiary", "maxspeed_kmh": 40.0, "length_km": 0.26075780585695829 }, "geometry": { "type": "LineString", "coordinates": [ [ 138.49145390000001, -34.8820285 ], [ 138.48985650000003, -34.8817291 ], [ 138.489287, -34.8809119 ] ] } },
{ "type": "Feature", "properties": { "osm_id": "22407901", "road_name": "Brebner Drive", "highway": "tertiary", "maxspeed_kmh": 40.0, "length_km": 0.045881548567467748 }, "geometry": { "type": "LineString", "coordinates": [ [ 138.4918212, -34.8766117 ], [ 138.4920806, -34.876266 ] ] } },
{ "type": "Feature", "properties": { "osm_id": "22932782", "road_name": "Hamilton Street", "highway": "residential", "maxspeed_kmh": 40.0, "length_km": 0.08910397338756719 }, "geometry": { "type": "LineString", "coordinates": [ [ 138.5511759, -34.8931032 ], [ 138.5519596, -34.8935403 ] ] } },
{ "type": "Feature", "properties": { "osm_id": "22932789", "road_name": "Coombe Road", "highway": "residential", "maxspeed_kmh": 40.0, "length_km": 0.12396865897632063 }, "geometry": { "type": "LineString", "coordinates": [ [ 138.5519596, -34.8935403 ], [ 138.5524412, -34.8938557 ], [ 138.5527708, -34.8943939 ] ] } },
{ "type": "Feature", "properties": { "osm_id": "22932794", "road_name": "Price Weir Avenue", "highway": "residential", "maxspeed_kmh": 40.0, "length_km": 0.1405182305606594 }, "geometry": { "type": "LineString", "coordinates": [ [ 138.552899200000013, -34.8944171 ], [ 138.5540806, -34.8936303 ] ] } },
{ "type": "Feature", "properties": { "osm_id": "23117956", "road_name": "Mount Barker Road", "highway": "primary", "maxspeed_kmh": 40.0, "length_km": 0.0050029360779101605 }, "geometry": { "type": "LineString", "coordinates": [ [ 138.716181400000011, -35.0037558 ], [ 138.7161865, -35.0038004 ] ] } },
{ "type": "Feature", "properties": { "osm_id": "23133467", "road_name": "Pope Street", "highway": "residential", "maxspeed_kmh": 40.0, "length_km": 0.414609375537006 }, "geometry": { "type": "LineString", "coordinates": [ [ 138.5448977, -34.8875085 ], [ 138.544756400000011, -34.8877662 ], [ 138.54497520000001, -34.8911843 ] ] } },
{ "type": "Feature", "properties": { "osm_id": "23133469", "road_name": "Pegler Street", "highway": "residential", "maxspeed_kmh": 40.0, "length_km": 0.11942274616912972 }, "geometry": { "type": "LineString", "coordinates": [ [ 138.5449671, -34.8910507 ], [ 138.543671499999988, -34.891107 ] ] } },
{ "type": "Feature", "properties": { "osm_id": "23133470", "road_name": "Howards Road", "highway": "residential", "maxspeed_kmh": 40.0, "length_km": 0.50295618106657047 }, "geometry": { "type": "LineString", "coordinates": [ [ 138.5436025, -34.8866462 ], [ 138.543438, -34.886909399999986 ], [ 138.543671499999988, -34.891107 ] ] } },
{ "type": "Feature", "properties": { "osm_id": "23133471", "road_name": "Howards Road", "highway": "residential", "maxspeed_kmh": 40.0, "length_km": 0.26828323455771064 }, "geometry": { "type": "LineString", "coordinates": [ [ 138.543671499999988, -34.891107 ], [ 138.5438466, -34.8935039 ] ] } },
{ "type": "Feature", "properties": { "osm_id": "23133472", "road_name": "Woolgina Street", "highway": "residential", "maxspeed_kmh": 40.0, "length_km": 0.12417781968351713 }, "geometry": { "type": "LineString", "coordinates": [ [ 138.5437341, -34.8916973 ], [ 138.5423867, -34.8917524 ] ] } },
{ "type": "Feature", "properties": { "osm_id": "23133473", "road_name": "Wodonga Street", "highway": "residential", "maxspeed_kmh": 40.0, "length_km": 0.10280517902872732 }, "geometry": { "type": "LineString", "coordinates": [ [ 138.5423121, -34.8908342 ], [ 138.5423867, -34.8917524 ] ] } },
{ "type": "Feature", "properties": { "osm_id": "23133475", "road_name": "Alfred Avenue", "highway": "residential", "maxspeed_kmh": 40.0, "length_km": 0.61911577214062741 }, "geometry": { "type": "LineString", "coordinates": [ [ 138.541371199999986, -34.8955121 ], [ 138.5456836, -34.8953228 ], [ 138.5457672, -34.8944176 ], [ 138.5470234, -34.8943469 ] ] } },
{ "type": "Feature", "properties": { "osm_id": "23133476", "road_name": "Wodonga Street", "highway": "residential", "maxspeed_kmh": 40.0, "length_km": 0.41357177115228283 }, "geometry": { "type": "LineString", "coordinates": [ [ 138.5423867, -34.8917524 ], [ 138.542621700000012, -34.8954494 ] ] } },
{ "type": "Feature", "properties": { "osm_id": "23133479", "road_name": "Ledger Road", "highway": "residential", "maxspeed_kmh": 40.0, "length_km": 0.28262077334408725 }, "geometry": { "type": "LineString", "coordinates": [ [ 138.541371199999986, -34.8955121 ], [ 138.5415702, -34.898035 ] ] } },
{ "type": "Feature", "properties": { "osm_id": "23133535", "road_name": "Toogood Avenue", "highway": "unclassified", "maxspeed_kmh": 40.0, "length_km": 0.56960932908948581 }, "geometry": { "type": "LineString", "coordinates": [ [ 138.5473376, -34.8988885 ], [ 138.543219600000015, -34.8990087 ], [ 138.5415702, -34.898035 ] ] } },
{ "type": "Feature", "properties": { "osm_id": "23133585", "road_name": "William Street", "highway": "residential", "maxspeed_kmh": 40.0, "length_km": 1.1341117988312308 }, "geometry": { "type": "LineString", "coordinates": [ [ 138.5468014, -34.8887763 ], [ 138.5473376, -34.8988885 ] ] } },
{ "type": "Feature", "properties": { "osm_id": "23143723", "road_name": "St Lawrence Avenue", "highway": "residential", "maxspeed_kmh": 40.0, "length_km": 0.25600095200725725 }, "geometry": { "type": "LineString", "coordinates": [ [ 138.5678646, -34.8920411 ], [ 138.568548099999987, -34.889829 ] ] } },
{ "type": "Feature", "properties": { "osm_id": "23145443", "road_name": "Woodville Road", "highway": "secondary", "maxspeed_kmh": 40.0, "length_km": 0.057602515148820879 }, "geometry": { "type": "LineString", "coordinates": [ [ 138.5314578, -34.8851442 ], [ 138.531818500000014, -34.8847229 ] ] } },
{ "type": "Feature", "properties": { "osm_id": "23152600", "road_name": "Woodville Road", "highway": "secondary", "maxspeed_kmh": 40.0, "length_km": 0.35240761337592841 }, "geometry": { "type": "LineString", "coordinates": [ [ 138.534562, -34.8815313 ], [ 138.532414, -34.884142 ] ] } },
{ "type": "Feature", "properties": { "osm_id": "23152603", "road_name": "Bower Street", "highway": "residential", "maxspeed_kmh": 40.0, "length_km": 0.34862355463714473 }, "geometry": { "type": "LineString", "coordinates": [ [ 138.5360528, -34.8797418 ], [ 138.53901110000001, -34.88169 ] ] } },
{ "type": "Feature", "properties": { "osm_id": "23162948", "road_name": "St Vincent Street", "highway": "secondary", "maxspeed_kmh": 40.0, "length_km": 0.012832939335870775 }, "geometry": { "type": "LineString", "coordinates": [ [ 138.5054599, -34.8443673 ], [ 138.5053237, -34.8443915 ] ] } },
{ "type": "Feature", "properties": { "osm_id": "23173297", "road_name": "Military Road", "highway": "residential", "maxspeed_kmh": 40.0, "length_km": 0.15601275696178896 }, "geometry": { "type": "LineString", "coordinates": [ [ 138.4947847, -34.9167117 ], [ 138.495007500000014, -34.918096 ] ] } },
{ "type": "Feature", "properties": { "osm_id": "23173321", "road_name": "Military Road", "highway": "residential", "maxspeed_kmh": 40.0, "length_km": 0.20338800934696408 }, "geometry": { "type": "LineString", "coordinates": [ [ 138.49551, -34.9205182 ], [ 138.4964525, -34.9221562 ] ] } },
{ "type": "Feature", "properties": { "osm_id": "23173341", "road_name": "Military Road", "highway": "residential", "maxspeed_kmh": 40.0, "length_km": 0.31731499164823573 }, "geometry": { "type": "LineString", "coordinates": [ [ 138.4965354, -34.9222913 ], [ 138.496973200000014, -34.925086 ] ] } },
{ "type": "Feature", "properties": { "osm_id": "23244566", "road_name": "Rosetta Street", "highway": "tertiary", "maxspeed_kmh": 40.0, "length_km": 0.082047417401577574 }, "geometry": { "type": "LineString", "coordinates": [ [ 138.5550283, -34.8931333 ], [ 138.5556003, -34.89257 ] ] } },
{ "type": "Feature", "properties": { "osm_id": "23244600", "road_name": "Rosetta Street", "highway": "tertiary", "maxspeed_kmh": 40.0, "length_km": 0.055785939657380351 }, "geometry": { "type": "LineString", "coordinates": [ [ 138.5556985, -34.8924684 ], [ 138.5560796, -34.8920801 ] ] } },
{ "type": "Feature", "properties": { "osm_id": "23244601", "road_name": "Rosetta Street", "highway": "tertiary", "maxspeed_kmh": 40.0, "length_km": 0.051485049097702469 }, "geometry": { "type": "LineString", "coordinates": [ [ 138.5567692, -34.891355 ], [ 138.5571324, -34.8910045 ] ] } },
{ "type": "Feature", "properties": { "osm_id": "23244609", "road_name": null, "highway": "tertiary", "maxspeed_kmh": 40.0, "length_km": 0.042011839635321853 }, "geometry": { "type": "LineString", "coordinates": [ [ 138.557615, -34.8903961 ], [ 138.5577151, -34.8903943 ], [ 138.5577193, -34.8904802 ], [ 138.5576202, -34.8904857 ], [ 138.557615, -34.8903961 ] ] } },
{ "type": "Feature", "properties": { "osm_id": "23244691", "road_name": "Rosetta Street", "highway": "tertiary", "maxspeed_kmh": 40.0, "length_km": 0.1951902412675976 }, "geometry": { "type": "LineString", "coordinates": [ [ 138.5577151, -34.8903943 ], [ 138.5590564, -34.889041 ] ] } },
{ "type": "Feature", "properties": { "osm_id": "23244692", "road_name": null, "highway": "tertiary", "maxspeed_kmh": 40.0, "length_km": 0.044333869159757906 }, "geometry": { "type": "LineString", "coordinates": [ [ 138.5590525, -34.8889316 ], [ 138.5591656, -34.8889629 ], [ 138.5591345, -34.889039 ], [ 138.559027800000024, -34.8890189 ], [ 138.5590525, -34.8889316 ] ] } },
{ "type": "Feature", "properties": { "osm_id": "23244709", "road_name": "Rosetta Street", "highway": "tertiary", "maxspeed_kmh": 40.0, "length_km": 0.16072715378987854 }, "geometry": { "type": "LineString", "coordinates": [ [ 138.5591426, -34.8889366 ], [ 138.5602539, -34.8878269 ] ] } },
{ "type": "Feature", "properties": { "osm_id": "23244736", "road_name": "Rosetta Street", "highway": "tertiary", "maxspeed_kmh": 40.0, "length_km": 0.083743850737326681 }, "geometry": { "type": "LineString", "coordinates": [ [ 138.5603556, -34.8876982 ], [ 138.560941500000041, -34.8871247 ] ] } },
{ "type": "Feature", "properties": { "osm_id": "23244737", "road_name": null, "highway": "tertiary", "maxspeed_kmh": 40.0, "length_km": 0.045359276250590753 }, "geometry": { "type": "LineString", "coordinates": [ [ 138.56092, -34.8870272 ], [ 138.5610322, -34.8870191 ], [ 138.561041499999988, -34.8871103 ], [ 138.560928100000012, -34.8871167 ], [ 138.56092, -34.8870272 ] ] } },
{ "type": "Feature", "properties": { "osm_id": "23244738", "road_name": "Rosetta Street", "highway": "tertiary", "maxspeed_kmh": 40.0, "length_km": 0.33158890090082982 }, "geometry": { "type": "LineString", "coordinates": [ [ 138.5610322, -34.8870191 ], [ 138.5632912, -34.8847072 ] ] } },
{ "type": "Feature", "properties": { "osm_id": "23244777", "road_name": "Rosetta Street", "highway": "tertiary", "maxspeed_kmh": 40.0, "length_km": 0.022093321517334549 }, "geometry": { "type": "LineString", "coordinates": [ [ 138.5636161, -34.8845144 ], [ 138.563419, -34.8846272 ] ] } },
{ "type": "Feature", "properties": { "osm_id": "23244778", "road_name": null, "highway": "tertiary_link", "maxspeed_kmh": 40.0, "length_km": 0.026321384935558925 }, "geometry": { "type": "LineString", "coordinates": [ [ 138.563379, -34.8845588 ], [ 138.5633383, -34.8843344 ] ] } },
{ "type": "Feature", "properties": { "osm_id": "23244779", "road_name": "Rosetta Street", "highway": "tertiary", "maxspeed_kmh": 40.0, "length_km": 0.018880624420308804 }, "geometry": { "type": "LineString", "coordinates": [ [ 138.5632912, -34.8847072 ], [ 138.563379, -34.8845588 ] ] } },
{ "type": "Feature", "properties": { "osm_id": "23244780", "road_name": null, "highway": "tertiary_link", "maxspeed_kmh": 40.0, "length_km": 0.039026447391066983 }, "geometry": { "type": "LineString", "coordinates": [ [ 138.5638279, -34.8846408 ], [ 138.563419, -34.8846272 ] ] } },
{ "type": "Feature", "properties": { "osm_id": "23260811", "road_name": "Aroha Terrace", "highway": "residential", "maxspeed_kmh": 40.0, "length_km": 0.86144004878504599 }, "geometry": { "type": "LineString", "coordinates": [ [ 138.580886, -34.9543095 ], [ 138.572918, -34.9583554 ] ] } },
{ "type": "Feature", "properties": { "osm_id": "23261291", "road_name": "Hughes Street", "highway": "residential", "maxspeed_kmh": 40.0, "length_km": 0.70665586688642335 }, "geometry": { "type": "LineString", "coordinates": [ [ 138.5994868, -34.946825399999987 ], [ 138.6071551, -34.9464326 ] ] } },
{ "type": "Feature", "properties": { "osm_id": "23261295", "road_name": "Young Street", "highway": "residential", "maxspeed_kmh": 40.0, "length_km": 0.54158814205105343 }, "geometry": { "type": "LineString", "coordinates": [ [ 138.6128912, -34.944266 ], [ 138.6070163, -34.94459 ] ] } },
{ "type": "Feature", "properties": { "osm_id": "23261300", "road_name": "Maud Street", "highway": "residential", "maxspeed_kmh": 40.0, "length_km": 0.0121837615968633 }, "geometry": { "type": "LineString", "coordinates": [ [ 138.613368799999989, -34.9473819 ], [ 138.613247800000011, -34.947426299999989 ] ] } },
{ "type": "Feature", "properties": { "osm_id": "23261303", "road_name": "Mary Street", "highway": "residential", "maxspeed_kmh": 40.0, "length_km": 0.51353901092606236 }, "geometry": { "type": "LineString", "coordinates": [ [ 138.6052096, -34.9484036 ], [ 138.599637199999989, -34.9486944 ] ] } },
{ "type": "Feature", "properties": { "osm_id": "23261306", "road_name": "Frederick Street", "highway": "residential", "maxspeed_kmh": 40.0, "length_km": 0.40281064345728695 }, "geometry": { "type": "LineString", "coordinates": [ [ 138.6073816, -34.9494369 ], [ 138.6117524, -34.9492064 ] ] } },
{ "type": "Feature", "properties": { "osm_id": "23261308", "road_name": "Marion Street", "highway": "residential", "maxspeed_kmh": 40.0, "length_km": 0.59955310197464873 }, "geometry": { "type": "LineString", "coordinates": [ [ 138.6073025, -34.9483877 ], [ 138.6138067, -34.9480287 ] ] } },
{ "type": "Feature", "properties": { "osm_id": "23261317", "road_name": "Thomas Street", "highway": "residential", "maxspeed_kmh": 40.0, "length_km": 0.24005475997542666 }, "geometry": { "type": "LineString", "coordinates": [ [ 138.6075883, -34.9521074 ], [ 138.6049826, -34.9522332 ] ] } },
{ "type": "Feature", "properties": { "osm_id": "23261320", "road_name": "Cremorne Street", "highway": "residential", "maxspeed_kmh": 40.0, "length_km": 0.20904983633256674 }, "geometry": { "type": "LineString", "coordinates": [ [ 138.6143572, -34.9533956 ], [ 138.6120889, -34.9535175 ] ] } },
{ "type": "Feature", "properties": { "osm_id": "23261322", "road_name": "Hart Avenue", "highway": "residential", "maxspeed_kmh": 40.0, "length_km": 0.38481545096703168 }, "geometry": { "type": "LineString", "coordinates": [ [ 138.6076407, -34.9527837 ], [ 138.6034832, -34.953057500000014 ] ] } },
{ "type": "Feature", "properties": { "osm_id": "23261323", "road_name": "Opey Avenue", "highway": "residential", "maxspeed_kmh": 40.0, "length_km": 0.38409439110097299 }, "geometry": { "type": "LineString", "coordinates": [ [ 138.6077067, -34.9536339 ], [ 138.603537100000011, -34.9538019 ] ] } },
{ "type": "Feature", "properties": { "osm_id": "23261330", "road_name": "Cheltenham Street", "highway": "residential", "maxspeed_kmh": 40.0, "length_km": 0.62523840813934617 }, "geometry": { "type": "LineString", "coordinates": [ [ 138.614976899999988, -34.9594771 ], [ 138.608193699999987, -34.9598597 ] ] } },
{ "type": "Feature", "properties": { "osm_id": "23261334", "road_name": "Winchester Street", "highway": "residential", "maxspeed_kmh": 40.0, "length_km": 0.55834126904852655 }, "geometry": { "type": "LineString", "coordinates": [ [ 138.6212215, -34.960113 ], [ 138.6151604, -34.9604089 ] ] } },
{ "type": "Feature", "properties": { "osm_id": "23261336", "road_name": "Dover Street", "highway": "residential", "maxspeed_kmh": 40.0, "length_km": 0.83103882096590687 }, "geometry": { "type": "LineString", "coordinates": [ [ 138.608335400000016, -34.9617028 ], [ 138.6173542, -34.9612283 ] ] } },
{ "type": "Feature", "properties": { "osm_id": "23261351", "road_name": "Fashoda Street", "highway": "residential", "maxspeed_kmh": 40.0, "length_km": 0.42152017491588156 }, "geometry": { "type": "LineString", "coordinates": [ [ 138.607978300000013, -34.957057199999987 ], [ 138.6034024, -34.9572758 ] ] } },
{ "type": "Feature", "properties": { "osm_id": "23261352", "road_name": "Esmond Street", "highway": "residential", "maxspeed_kmh": 40.0, "length_km": 0.52137440246193945 }, "geometry": { "type": "LineString", "coordinates": [ [ 138.6079087, -34.9561651 ], [ 138.6022505, -34.9564576 ] ] } },
{ "type": "Feature", "properties": { "osm_id": "23262592", "road_name": "Morrell Street", "highway": "residential", "maxspeed_kmh": 40.0, "length_km": 0.20896183977578978 }, "geometry": { "type": "LineString", "coordinates": [ [ 138.551898200000011, -34.9022067 ], [ 138.5541652, -34.9021029 ] ] } },
{ "type": "Feature", "properties": { "osm_id": "23262622", "road_name": "Knight Street", "highway": "residential", "maxspeed_kmh": 40.0, "length_km": 0.16267100585272043 }, "geometry": { "type": "LineString", "coordinates": [ [ 138.5558634, -34.9012948 ], [ 138.5540991, -34.9013825 ] ] } },
{ "type": "Feature", "properties": { "osm_id": "23262648", "road_name": "Knight Street", "highway": "residential", "maxspeed_kmh": 40.0, "length_km": 0.14077980957464131 }, "geometry": { "type": "LineString", "coordinates": [ [ 138.5559992, -34.9012869 ], [ 138.5575259, -34.901232899999989 ] ] } },
{ "type": "Feature", "properties": { "osm_id": "23262740", "road_name": "Brand Avenue", "highway": "residential", "maxspeed_kmh": 40.0, "length_km": 0.11811642798172568 }, "geometry": { "type": "LineString", "coordinates": [ [ 138.555169799999987, -34.8981488 ], [ 138.5562472, -34.8975755 ] ] } },
{ "type": "Feature", "properties": { "osm_id": "23262741", "road_name": "Welland Avenue", "highway": "residential", "maxspeed_kmh": 40.0, "length_km": 0.37936540769225902 }, "geometry": { "type": "LineString", "coordinates": [ [ 138.5589784, -34.9003133 ], [ 138.5587798, -34.8975008 ], [ 138.55919750000001, -34.8970391 ] ] } },
{ "type": "Feature", "properties": { "osm_id": "23262743", "road_name": "Welland Avenue", "highway": "residential", "maxspeed_kmh": 40.0, "length_km": 0.4071124958748602 }, "geometry": { "type": "LineString", "coordinates": [ [ 138.5589881, -34.90041810000001 ], [ 138.559256800000014, -34.9040557 ] ] } },
{ "type": "Feature", "properties": { "osm_id": "23298201", "road_name": "Monmouth Road", "highway": "residential", "maxspeed_kmh": 40.0, "length_km": 1.0197148331268164 }, "geometry": { "type": "LineString", "coordinates": [ [ 138.5912002, -34.9720717 ], [ 138.602268900000013, -34.971503899999988 ] ] } },
{ "type": "Feature", "properties": { "osm_id": "23298437", "road_name": "Grove Street", "highway": "residential", "maxspeed_kmh": 40.0, "length_km": 0.59033118288698194 }, "geometry": { "type": "LineString", "coordinates": [ [ 138.602166399999987, -34.9604363 ], [ 138.6024979, -34.9657141 ] ] } },
{ "type": "Feature", "properties": { "osm_id": "23298473", "road_name": "View Street", "highway": "residential", "maxspeed_kmh": 40.0, "length_km": 0.22661015111912891 }, "geometry": { "type": "LineString", "coordinates": [ [ 138.6066156, -34.9655001 ], [ 138.6064424, -34.963476399999983 ] ] } },
{ "type": "Feature", "properties": { "osm_id": "23300287", "road_name": "Fifth Avenue", "highway": "residential", "maxspeed_kmh": 40.0, "length_km": 0.32448106290314349 }, "geometry": { "type": "LineString", "coordinates": [ [ 138.6287707, -34.898945 ], [ 138.6267669, -34.9013351 ] ] } },
{ "type": "Feature", "properties": { "osm_id": "23407352", "road_name": "Charles Street", "highway": "residential", "maxspeed_kmh": 40.0, "length_km": 0.33720482134245244 }, "geometry": { "type": "LineString", "coordinates": [ [ 138.625602500000014, -34.9246464 ], [ 138.625370900000036, -34.9216343 ] ] } },
{ "type": "Feature", "properties": { "osm_id": "23407358", "road_name": "Elizabeth Street", "highway": "residential", "maxspeed_kmh": 40.0, "length_km": 0.30620956474533373 }, "geometry": { "type": "LineString", "coordinates": [ [ 138.6299974, -34.9242316 ], [ 138.629792400000014, -34.9214956 ] ] } },
{ "type": "Feature", "properties": { "osm_id": "23407367", "road_name": "Queen Street", "highway": "residential", "maxspeed_kmh": 40.0, "length_km": 0.65398505543566732 }, "geometry": { "type": "LineString", "coordinates": [ [ 138.6390065, -34.9239867 ], [ 138.6385703, -34.918143600000015 ] ] } },
{ "type": "Feature", "properties": { "osm_id": "23407739", "road_name": null, "highway": "residential", "maxspeed_kmh": 40.0, "length_km": 0.037935009790266108 }, "geometry": { "type": "LineString", "coordinates": [ [ 138.6373657, -34.9425973 ], [ 138.6374118, -34.9426677 ], [ 138.6373294, -34.9427014 ], [ 138.637287, -34.9426321 ], [ 138.6373657, -34.9425973 ] ] } },
{ "type": "Feature", "properties": { "osm_id": "23408110", "road_name": "Allinga Avenue", "highway": "residential", "maxspeed_kmh": 40.0, "length_km": 0.32239752270819128 }, "geometry": { "type": "LineString", "coordinates": [ [ 138.637573600000024, -34.9456852 ], [ 138.6378019, -34.948565 ] ] } },
{ "type": "Feature", "properties": { "osm_id": "23408248", "road_name": "Spence Avenue", "highway": "residential", "maxspeed_kmh": 40.0, "length_km": 0.24848317676533319 }, "geometry": { "type": "LineString", "coordinates": [ [ 138.6404166, -34.9617944 ], [ 138.6408214, -34.9621343 ], [ 138.640952199999987, -34.9638543 ] ] } },
{ "type": "Feature", "properties": { "osm_id": "23408250", "road_name": "Riverdale Road", "highway": "residential", "maxspeed_kmh": 40.0, "length_km": 0.52792986014000887 }, "geometry": { "type": "LineString", "coordinates": [ [ 138.6368564, -34.9640275 ], [ 138.636472700000013, -34.959311799999988 ] ] } },
{ "type": "Feature", "properties": { "osm_id": "23408252", "road_name": "Urrbrae Avenue", "highway": "residential", "maxspeed_kmh": 40.0, "length_km": 0.44688285290438906 }, "geometry": { "type": "LineString", "coordinates": [ [ 138.6334922, -34.9642093 ], [ 138.633184300000011, -34.9602167 ] ] } },
{ "type": "Feature", "properties": { "osm_id": "23412550", "road_name": "Sir Reginald Ansett Drive", "highway": "residential", "maxspeed_kmh": 40.0, "length_km": 0.11393800561783415 }, "geometry": { "type": "LineString", "coordinates": [ [ 138.518616, -34.9490769 ], [ 138.5186448, -34.949837699999989 ], [ 138.5183707, -34.9499161 ] ] } },
{ "type": "Feature", "properties": { "osm_id": "23425597", "road_name": "Dumfries Avenue", "highway": "residential", "maxspeed_kmh": 40.0, "length_km": 0.26182072887868785 }, "geometry": { "type": "LineString", "coordinates": [ [ 138.523283600000013, -34.901460099999987 ], [ 138.520443699999987, -34.9015954 ] ] } },
{ "type": "Feature", "properties": { "osm_id": "23425605", "road_name": "Findon Avenue", "highway": "residential", "maxspeed_kmh": 40.0, "length_km": 0.7635367184150057 }, "geometry": { "type": "LineString", "coordinates": [ [ 138.5138839, -34.8936622 ], [ 138.5221644, -34.893262300000011 ] ] } },
{ "type": "Feature", "properties": { "osm_id": "23425772", "road_name": "Mitchell Street West", "highway": "residential", "maxspeed_kmh": 40.0, "length_km": 0.23520860848925496 }, "geometry": { "type": "LineString", "coordinates": [ [ 138.5160754, -34.8890646 ], [ 138.51354520000001, -34.8891257 ] ] } },
{ "type": "Feature", "properties": { "osm_id": "23425773", "road_name": "Martins Road", "highway": "residential", "maxspeed_kmh": 40.0, "length_km": 0.25502779977816048 }, "geometry": { "type": "LineString", "coordinates": [ [ 138.516180100000014, -34.8872812 ], [ 138.5134151, -34.8874211 ] ] } },
{ "type": "Feature", "properties": { "osm_id": "23425784", "road_name": "Stevens Street", "highway": "residential", "maxspeed_kmh": 40.0, "length_km": 0.36642134270486404 }, "geometry": { "type": "LineString", "coordinates": [ [ 138.5169929, -34.8815981 ], [ 138.5130187, -34.8817763 ] ] } },
{ "type": "Feature", "properties": { "osm_id": "23505366", "road_name": "Mount Barker Road", "highway": "primary", "maxspeed_kmh": 40.0, "length_km": 0.048481762146121321 }, "geometry": { "type": "LineString", "coordinates": [ [ 138.7164687, -35.0048806 ], [ 138.7166963, -35.0052722 ] ] } },
{ "type": "Feature", "properties": { "osm_id": "23505368", "road_name": "Mount Barker Road", "highway": "primary", "maxspeed_kmh": 40.0, "length_km": 0.028861856801498519 }, "geometry": { "type": "LineString", "coordinates": [ [ 138.7164687, -35.0048806 ], [ 138.7163037, -35.0046607 ] ] } },
{ "type": "Feature", "properties": { "osm_id": "23505369", "road_name": "Mount Barker Road", "highway": "primary", "maxspeed_kmh": 40.0, "length_km": 0.043638591439533837 }, "geometry": { "type": "LineString", "coordinates": [ [ 138.7163037, -35.0046607 ], [ 138.716175, -35.0042856 ] ] } },
{ "type": "Feature", "properties": { "osm_id": "23604361", "road_name": "Desaumarez Street", "highway": "residential", "maxspeed_kmh": 40.0, "length_km": 0.33721484878341396 }, "geometry": { "type": "LineString", "coordinates": [ [ 138.6574171, -34.9201292 ], [ 138.657679800000011, -34.9231406 ] ] } },
{ "type": "Feature", "properties": { "osm_id": "23604415", "road_name": "Yeronga Avenue", "highway": "residential", "maxspeed_kmh": 40.0, "length_km": 0.38369132386824345 }, "geometry": { "type": "LineString", "coordinates": [ [ 138.6558073, -34.9202115 ], [ 138.655695, -34.9192576 ], [ 138.6551351, -34.918985600000013 ], [ 138.655023, -34.9170861 ] ] } },
{ "type": "Feature", "properties": { "osm_id": "23604602", "road_name": "Gray Street", "highway": "residential", "maxspeed_kmh": 40.0, "length_km": 0.40369334806422502 }, "geometry": { "type": "LineString", "coordinates": [ [ 138.6231032, -34.92055580000001 ], [ 138.6274826, -34.920331299999987 ] ] } },
{ "type": "Feature", "properties": { "osm_id": "23604604", "road_name": "Eastry Street", "highway": "residential", "maxspeed_kmh": 40.0, "length_km": 0.1331373876694007 }, "geometry": { "type": "LineString", "coordinates": [ [ 138.625911300000013, -34.9216069 ], [ 138.6258046, -34.9204182 ] ] } },
{ "type": "Feature", "properties": { "osm_id": "23615636", "road_name": "Gilbert Street", "highway": "residential", "maxspeed_kmh": 40.0, "length_km": 0.42297432016433617 }, "geometry": { "type": "LineString", "coordinates": [ [ 138.59433150000001, -34.9525216 ], [ 138.5897398, -34.95273550000001 ] ] } },
{ "type": "Feature", "properties": { "osm_id": "23691839", "road_name": "Ethel Street", "highway": "residential", "maxspeed_kmh": 40.0, "length_km": 0.42513504662321627 }, "geometry": { "type": "LineString", "coordinates": [ [ 138.583342, -34.9526909 ], [ 138.583049499999987, -34.9488927 ] ] } },
{ "type": "Feature", "properties": { "osm_id": "23691857", "road_name": "First Avenue", "highway": "residential", "maxspeed_kmh": 40.0, "length_km": 0.58058575014361702 }, "geometry": { "type": "LineString", "coordinates": [ [ 138.5798825, -34.9490541 ], [ 138.5803125, -34.954234 ] ] } },
{ "type": "Feature", "properties": { "osm_id": "23876327", "road_name": null, "highway": "service", "maxspeed_kmh": 40.0, "length_km": 1.6032130540471061 }, "geometry": { "type": "LineString", "coordinates": [ [ 138.7114221, -34.9717677 ], [ 138.710993800000011, -34.9715943 ], [ 138.709928, -34.972084 ], [ 138.7091235, -34.9720879 ], [ 138.707986, -34.971645 ], [ 138.707043100000021, -34.970827799999988 ], [ 138.704255, -34.9705977 ], [ 138.703097, -34.969687 ], [ 138.701993, -34.968273 ], [ 138.70118, -34.967701 ], [ 138.70008, -34.967346 ], [ 138.699266, -34.966727 ], [ 138.697001300000011, -34.9670846 ] ] } },
{ "type": "Feature", "properties": { "osm_id": "23893296", "road_name": "Rowell Avenue", "highway": "residential", "maxspeed_kmh": 40.0, "length_km": 0.1881661153856623 }, "geometry": { "type": "LineString", "coordinates": [ [ 138.6367678, -34.9516676 ], [ 138.6368965, -34.9533489 ] ] } },
{ "type": "Feature", "properties": { "osm_id": "23978966", "road_name": "Langham Terrace", "highway": "residential", "maxspeed_kmh": 40.0, "length_km": 0.25294431109996995 }, "geometry": { "type": "LineString", "coordinates": [ [ 138.6127721, -34.9491613 ], [ 138.612945200000013, -34.951406 ] ] } },
{ "type": "Feature", "properties": { "osm_id": "23979115", "road_name": "Oxford Terrace", "highway": "residential", "maxspeed_kmh": 40.0, "length_km": 0.12523530175472206 }, "geometry": { "type": "LineString", "coordinates": [ [ 138.6128165, -34.9502518 ], [ 138.614176, -34.950188 ] ] } },
{ "type": "Feature", "properties": { "osm_id": "23979195", "road_name": "Marion Lane", "highway": "service", "maxspeed_kmh": 40.0, "length_km": 0.17862186113706699 }, "geometry": { "type": "LineString", "coordinates": [ [ 138.614152600000011, -34.9485422 ], [ 138.61609, -34.9484304 ] ] } },
{ "type": "Feature", "properties": { "osm_id": "23979231", "road_name": "Cambridge Terrace", "highway": "residential", "maxspeed_kmh": 40.0, "length_km": 0.16938749810128204 }, "geometry": { "type": "LineString", "coordinates": [ [ 138.611641600000013, -34.9476927 ], [ 138.6117524, -34.9492064 ] ] } },
{ "type": "Feature", "properties": { "osm_id": "23979292", "road_name": "Porter Street", "highway": "residential", "maxspeed_kmh": 40.0, "length_km": 0.38533553256495612 }, "geometry": { "type": "LineString", "coordinates": [ [ 138.609747700000014, -34.9408659 ], [ 138.6100232, -34.944308 ] ] } },
{ "type": "Feature", "properties": { "osm_id": "23979302", "road_name": "Regent Street", "highway": "residential", "maxspeed_kmh": 40.0, "length_km": 0.27458132936553503 }, "geometry": { "type": "LineString", "coordinates": [ [ 138.6129406, -34.9433467 ], [ 138.6099609, -34.9434973 ] ] } },
{ "type": "Feature", "properties": { "osm_id": "23994066", "road_name": "Robsart Street", "highway": "residential", "maxspeed_kmh": 40.0, "length_km": 0.24238527336232071 }, "geometry": { "type": "LineString", "coordinates": [ [ 138.6127347, -34.9453219 ], [ 138.610105200000021, -34.9454661 ] ] } },
{ "type": "Feature", "properties": { "osm_id": "23994090", "road_name": "Ella Street", "highway": "residential", "maxspeed_kmh": 40.0, "length_km": 0.16151901974485902 }, "geometry": { "type": "LineString", "coordinates": [ [ 138.608390899999989, -34.9460764 ], [ 138.6101401, -34.9460078 ] ] } },
{ "type": "Feature", "properties": { "osm_id": "23994095", "road_name": "Pine Street", "highway": "residential", "maxspeed_kmh": 40.0, "length_km": 0.10493215565473081 }, "geometry": { "type": "LineString", "coordinates": [ [ 138.6083984, -34.9463861 ], [ 138.6083367, -34.9454513 ] ] } },
{ "type": "Feature", "properties": { "osm_id": "23994266", "road_name": "Anglo Avenue", "highway": "residential", "maxspeed_kmh": 40.0, "length_km": 0.29408134402423136 }, "geometry": { "type": "LineString", "coordinates": [ [ 138.6118988, -34.9433983 ], [ 138.6117084, -34.9407702 ] ] } },
{ "type": "Feature", "properties": { "osm_id": "23994325", "road_name": "Montpelier Street", "highway": "residential", "maxspeed_kmh": 40.0, "length_km": 0.29418370192441745 }, "geometry": { "type": "LineString", "coordinates": [ [ 138.610840599999989, -34.9434508 ], [ 138.610638099999989, -34.9408224 ] ] } },
{ "type": "Feature", "properties": { "osm_id": "23994350", "road_name": "Douglas Street", "highway": "residential", "maxspeed_kmh": 40.0, "length_km": 0.25808556461674992 }, "geometry": { "type": "LineString", "coordinates": [ [ 138.6088182, -34.943227 ], [ 138.6086373, -34.9409213 ] ] } },
{ "type": "Feature", "properties": { "osm_id": "23994379", "road_name": "Liston Street", "highway": "residential", "maxspeed_kmh": 40.0, "length_km": 0.25764755009951801 }, "geometry": { "type": "LineString", "coordinates": [ [ 138.6078354, -34.9409608 ], [ 138.608031899999986, -34.9432617 ] ] } },
{ "type": "Feature", "properties": { "osm_id": "23994461", "road_name": "Stamford Street", "highway": "residential", "maxspeed_kmh": 40.0, "length_km": 0.39419771096001888 }, "geometry": { "type": "LineString", "coordinates": [ [ 138.6146425, -34.940619 ], [ 138.614943, -34.9441394 ] ] } },
{ "type": "Feature", "properties": { "osm_id": "23994558", "road_name": "Alfred Street", "highway": "residential", "maxspeed_kmh": 40.0, "length_km": 0.45697753031566252 }, "geometry": { "type": "LineString", "coordinates": [ [ 138.6148785, -34.9433842 ], [ 138.619835, -34.9431022 ] ] } },
{ "type": "Feature", "properties": { "osm_id": "23994585", "road_name": "St Ann's Place", "highway": "residential", "maxspeed_kmh": 40.0, "length_km": 0.35373194450525874 }, "geometry": { "type": "LineString", "coordinates": [ [ 138.6148144, -34.9426328 ], [ 138.6186231, -34.9423761 ] ] } },
{ "type": "Feature", "properties": { "osm_id": "23994612", "road_name": "Oxenbould Street", "highway": "residential", "maxspeed_kmh": 40.0, "length_km": 0.20834220541732296 }, "geometry": { "type": "LineString", "coordinates": [ [ 138.614711699999987, -34.9414301 ], [ 138.6165334, -34.9425386 ] ] } },
{ "type": "Feature", "properties": { "osm_id": "23994616", "road_name": "Chinner Avenue", "highway": "residential", "maxspeed_kmh": 40.0, "length_km": 0.33340578975047869 }, "geometry": { "type": "LineString", "coordinates": [ [ 138.6146551, -34.940767 ], [ 138.617593699999986, -34.9424805 ] ] } },
{ "type": "Feature", "properties": { "osm_id": "23994652", "road_name": "Stamford Lane", "highway": "service", "maxspeed_kmh": 40.0, "length_km": 0.15818436055998569 }, "geometry": { "type": "LineString", "coordinates": [ [ 138.6148468, -34.9430121 ], [ 138.6165629, -34.942919 ] ] } },
{ "type": "Feature", "properties": { "osm_id": "23994662", "road_name": "Oxenbould Lane", "highway": "service", "maxspeed_kmh": 40.0, "length_km": 0.1576288684738342 }, "geometry": { "type": "LineString", "coordinates": [ [ 138.6166213, -34.9436746 ], [ 138.61491060000003, -34.943759400000012 ] ] } },
{ "type": "Feature", "properties": { "osm_id": "23994694", "road_name": "Rugby Street", "highway": "residential", "maxspeed_kmh": 40.0, "length_km": 0.18437559760384148 }, "geometry": { "type": "LineString", "coordinates": [ [ 138.609423099999987, -34.9476824 ], [ 138.609516, -34.9493243 ] ] } },
{ "type": "Feature", "properties": { "osm_id": "23994765", "road_name": "Edmund Avenue", "highway": "residential", "maxspeed_kmh": 40.0, "length_km": 0.4234707811346945 }, "geometry": { "type": "LineString", "coordinates": [ [ 138.609773100000012, -34.9515897 ], [ 138.6143668, -34.9513312 ] ] } },
{ "type": "Feature", "properties": { "osm_id": "23994786", "road_name": "Rugby Street", "highway": "residential", "maxspeed_kmh": 40.0, "length_km": 0.21497635718228916 }, "geometry": { "type": "LineString", "coordinates": [ [ 138.6096899, -34.951661300000012 ], [ 138.6098361, -34.9535821 ] ] } },
{ "type": "Feature", "properties": { "osm_id": "23994801", "road_name": null, "highway": "residential", "maxspeed_kmh": 40.0, "length_km": 0.050701642974367717 }, "geometry": { "type": "LineString", "coordinates": [ [ 138.6096866, -34.9515165 ], [ 138.609773100000012, -34.9515897 ], [ 138.6096899, -34.951661300000012 ], [ 138.609596399999987, -34.9515848 ], [ 138.6096866, -34.9515165 ] ] } },
{ "type": "Feature", "properties": { "osm_id": "23994827", "road_name": "Cambridge Terrace", "highway": "residential", "maxspeed_kmh": 40.0, "length_km": 0.31780029423413647 }, "geometry": { "type": "LineString", "coordinates": [ [ 138.61193990000001, -34.9514562 ], [ 138.6121594, -34.9542955 ] ] } },
{ "type": "Feature", "properties": { "osm_id": "23994855", "road_name": "Oxford Terrace", "highway": "residential", "maxspeed_kmh": 40.0, "length_km": 0.31379678789500998 }, "geometry": { "type": "LineString", "coordinates": [ [ 138.607463599999988, -34.9505 ], [ 138.6108702, -34.950343 ] ] } },
{ "type": "Feature", "properties": { "osm_id": "23994864", "road_name": "Trimmer Terrace", "highway": "residential", "maxspeed_kmh": 40.0, "length_km": 0.25233669599495157 }, "geometry": { "type": "LineString", "coordinates": [ [ 138.6107801, -34.9492577 ], [ 138.6109739, -34.951511100000012 ] ] } },
{ "type": "Feature", "properties": { "osm_id": "24011679", "road_name": "Gladstone Street", "highway": "residential", "maxspeed_kmh": 40.0, "length_km": 0.1949765907160193 }, "geometry": { "type": "LineString", "coordinates": [ [ 138.6273229, -34.948406 ], [ 138.6252067, -34.9485107 ] ] } },
{ "type": "Feature", "properties": { "osm_id": "24011706", "road_name": "Campbell Road", "highway": "residential", "maxspeed_kmh": 40.0, "length_km": 0.35073895298899782 }, "geometry": { "type": "LineString", "coordinates": [ [ 138.625164399999989, -34.9479815 ], [ 138.6213568, -34.9481567 ] ] } },
{ "type": "Feature", "properties": { "osm_id": "24011727", "road_name": "Wilkinson Road", "highway": "residential", "maxspeed_kmh": 40.0, "length_km": 0.48544146411290445 }, "geometry": { "type": "LineString", "coordinates": [ [ 138.6161822, -34.949635399999984 ], [ 138.6214512, -34.949379399999984 ] ] } },
{ "type": "Feature", "properties": { "osm_id": "24027102", "road_name": "Collins Street", "highway": "residential", "maxspeed_kmh": 40.0, "length_km": 0.1550894481460528 }, "geometry": { "type": "LineString", "coordinates": [ [ 138.623190599999987, -34.9466792 ], [ 138.6233061, -34.948064299999984 ] ] } },
{ "type": "Feature", "properties": { "osm_id": "24027114", "road_name": "Arnold Street", "highway": "residential", "maxspeed_kmh": 40.0, "length_km": 0.17963104856944564 }, "geometry": { "type": "LineString", "coordinates": [ [ 138.62129250000001, -34.9474518 ], [ 138.6232407, -34.9473382 ] ] } },
{ "type": "Feature", "properties": { "osm_id": "24027134", "road_name": "Tondie Avenue", "highway": "service", "maxspeed_kmh": 40.0, "length_km": 0.064904990112504918 }, "geometry": { "type": "LineString", "coordinates": [ [ 138.6238057, -34.9470312 ], [ 138.6237461, -34.9464522 ] ] } },
{ "type": "Feature", "properties": { "osm_id": "24027172", "road_name": "Dudley Street", "highway": "residential", "maxspeed_kmh": 40.0, "length_km": 0.16077039114209998 }, "geometry": { "type": "LineString", "coordinates": [ [ 138.623190599999987, -34.9466792 ], [ 138.6214469, -34.946780399999987 ] ] } },
{ "type": "Feature", "properties": { "osm_id": "24027192", "road_name": "Macklin Street", "highway": "residential", "maxspeed_kmh": 40.0, "length_km": 0.20332336327793879 }, "geometry": { "type": "LineString", "coordinates": [ [ 138.621121, -34.9453973 ], [ 138.622716200000013, -34.9463608 ], [ 138.622947900000014, -34.9463467 ] ] } },
{ "type": "Feature", "properties": { "osm_id": "24027226", "road_name": "Olive Street", "highway": "residential", "maxspeed_kmh": 40.0, "length_km": 0.35128425876811142 }, "geometry": { "type": "LineString", "coordinates": [ [ 138.621485299999989, -34.9498389 ], [ 138.625299500000011, -34.9496714 ] ] } },
{ "type": "Feature", "properties": { "osm_id": "24027233", "road_name": "Myra Street", "highway": "residential", "maxspeed_kmh": 40.0, "length_km": 0.14529050036483498 }, "geometry": { "type": "LineString", "coordinates": [ [ 138.622838, -34.9480888 ], [ 138.622981, -34.9493842 ] ] } },
{ "type": "Feature", "properties": { "osm_id": "24027238", "road_name": "Birks Street", "highway": "residential", "maxspeed_kmh": 40.0, "length_km": 0.21181486745627223 }, "geometry": { "type": "LineString", "coordinates": [ [ 138.622932600000013, -34.9489316 ], [ 138.625233, -34.9488397 ] ] } },
{ "type": "Feature", "properties": { "osm_id": "24027245", "road_name": "Paringa Street", "highway": "residential", "maxspeed_kmh": 40.0, "length_km": 0.088272502852656004 }, "geometry": { "type": "LineString", "coordinates": [ [ 138.62142320000001, -34.949098299999989 ], [ 138.622379099999989, -34.9490271 ] ] } },
{ "type": "Feature", "properties": { "osm_id": "24027253", "road_name": "Foster Street", "highway": "residential", "maxspeed_kmh": 40.0, "length_km": 0.48540431402170298 }, "geometry": { "type": "LineString", "coordinates": [ [ 138.621521199999989, -34.9503588 ], [ 138.616254, -34.9506349 ] ] } },
{ "type": "Feature", "properties": { "osm_id": "24027258", "road_name": "Blyth Street", "highway": "residential", "maxspeed_kmh": 40.0, "length_km": 0.48495458596458302 }, "geometry": { "type": "LineString", "coordinates": [ [ 138.6215915, -34.951346099999988 ], [ 138.6163286, -34.951612 ] ] } },
{ "type": "Feature", "properties": { "osm_id": "24027260", "road_name": "Wallis Street", "highway": "residential", "maxspeed_kmh": 40.0, "length_km": 0.48908126876675256 }, "geometry": { "type": "LineString", "coordinates": [ [ 138.621675900000014, -34.9522999 ], [ 138.6163899, -34.9524439 ] ] } },
{ "type": "Feature", "properties": { "osm_id": "24027266", "road_name": "Cootra Avenue", "highway": "residential", "maxspeed_kmh": 40.0, "length_km": 0.19430890380492583 }, "geometry": { "type": "LineString", "coordinates": [ [ 138.620733300000012, -34.9540811 ], [ 138.620599200000015, -34.9523451 ] ] } },
{ "type": "Feature", "properties": { "osm_id": "24027286", "road_name": "Audley Court", "highway": "residential", "maxspeed_kmh": 40.0, "length_km": 0.057746528728282717 }, "geometry": { "type": "LineString", "coordinates": [ [ 138.621761600000013, -34.9532984 ], [ 138.6223886, -34.9532704 ] ] } },
{ "type": "Feature", "properties": { "osm_id": "24027311", "road_name": "Nelly Street", "highway": "residential", "maxspeed_kmh": 40.0, "length_km": 0.16661880330767612 }, "geometry": { "type": "LineString", "coordinates": [ [ 138.6234543, -34.9497518 ], [ 138.6235422, -34.9512417 ] ] } },
{ "type": "Feature", "properties": { "osm_id": "24027317", "road_name": "St Helen Street", "highway": "residential", "maxspeed_kmh": 40.0, "length_km": 0.17113248792986299 }, "geometry": { "type": "LineString", "coordinates": [ [ 138.6234972, -34.9504553 ], [ 138.6253527, -34.9503414 ] ] } },
{ "type": "Feature", "properties": { "osm_id": "24027345", "road_name": "Collins Lane", "highway": "service", "maxspeed_kmh": 40.0, "length_km": 0.173048896753386 }, "geometry": { "type": "LineString", "coordinates": [ [ 138.623256, -34.9475081 ], [ 138.624580800000018, -34.9474406 ], [ 138.6245433, -34.9469853 ] ] } },
{ "type": "Feature", "properties": { "osm_id": "24209770", "road_name": "Albert Street", "highway": "residential", "maxspeed_kmh": 40.0, "length_km": 0.89178356866550135 }, "geometry": { "type": "LineString", "coordinates": [ [ 138.5996773, -34.9492659 ], [ 138.5899976, -34.9497249 ] ] } },
{ "type": "Feature", "properties": { "osm_id": "24209779", "road_name": "Jasper Street", "highway": "residential", "maxspeed_kmh": 40.0, "length_km": 0.34283231937169673 }, "geometry": { "type": "LineString", "coordinates": [ [ 138.6012392, -34.957379 ], [ 138.5975482, -34.9576941 ] ] } },
{ "type": "Feature", "properties": { "osm_id": "24224880", "road_name": "Marlborough Road", "highway": "residential", "maxspeed_kmh": 40.0, "length_km": 0.78679057482857528 }, "geometry": { "type": "LineString", "coordinates": [ [ 138.590973600000012, -34.9689246 ], [ 138.5995163, -34.9685248 ] ] } },
{ "type": "Feature", "properties": { "osm_id": "24224884", "road_name": "Richmond Road", "highway": "residential", "maxspeed_kmh": 40.0, "length_km": 0.74082682382487364 }, "geometry": { "type": "LineString", "coordinates": [ [ 138.599363399999987, -34.9706414 ], [ 138.5913223, -34.9710571 ] ] } },
{ "type": "Feature", "properties": { "osm_id": "24224887", "road_name": "Norseman Avenue", "highway": "residential", "maxspeed_kmh": 40.0, "length_km": 0.57421671347249414 }, "geometry": { "type": "LineString", "coordinates": [ [ 138.5995498, -34.9731237 ], [ 138.593317, -34.9734469 ] ] } },
{ "type": "Feature", "properties": { "osm_id": "24224889", "road_name": "Leslie Avenue", "highway": "residential", "maxspeed_kmh": 40.0, "length_km": 0.2311051350551751 }, "geometry": { "type": "LineString", "coordinates": [ [ 138.5996959, -34.9750021 ], [ 138.597185599999989, -34.9751073 ] ] } },
{ "type": "Feature", "properties": { "osm_id": "24224890", "road_name": "Constance Street", "highway": "residential", "maxspeed_kmh": 40.0, "length_km": 0.75139899972090851 }, "geometry": { "type": "LineString", "coordinates": [ [ 138.5997573, -34.9758769 ], [ 138.5916, -34.976284199999981 ] ] } },
{ "type": "Feature", "properties": { "osm_id": "24284560", "road_name": "Dawson Street", "highway": "residential", "maxspeed_kmh": 40.0, "length_km": 0.26566034862492538 }, "geometry": { "type": "LineString", "coordinates": [ [ 138.625299500000011, -34.9496714 ], [ 138.628182, -34.9495167 ] ] } },
{ "type": "Feature", "properties": { "osm_id": "24284574", "road_name": "Martens Avenue", "highway": "residential", "maxspeed_kmh": 40.0, "length_km": 0.20387540842501847 }, "geometry": { "type": "LineString", "coordinates": [ [ 138.62974220000001, -34.9490505 ], [ 138.6288343, -34.9501007 ], [ 138.6288069, -34.9506364 ] ] } },
{ "type": "Feature", "properties": { "osm_id": "24284588", "road_name": "Randolph Avenue", "highway": "residential", "maxspeed_kmh": 40.0, "length_km": 0.3517407122232919 }, "geometry": { "type": "LineString", "coordinates": [ [ 138.621697, -34.9525527 ], [ 138.6255148, -34.952363499999983 ] ] } },
{ "type": "Feature", "properties": { "osm_id": "24428852", "road_name": "Rose Terrace", "highway": "residential", "maxspeed_kmh": 40.0, "length_km": 0.30186228663776343 }, "geometry": { "type": "LineString", "coordinates": [ [ 138.5959709, -34.9427649 ], [ 138.592696, -34.9429394 ] ] } },
{ "type": "Feature", "properties": { "osm_id": "24428853", "road_name": "Clark Street", "highway": "residential", "maxspeed_kmh": 40.0, "length_km": 0.10891265365976519 }, "geometry": { "type": "LineString", "coordinates": [ [ 138.596121, -34.9415494 ], [ 138.59622, -34.9425204 ] ] } },
{ "type": "Feature", "properties": { "osm_id": "24464778", "road_name": "Gurrs Road", "highway": "residential", "maxspeed_kmh": 40.0, "length_km": 0.34522398813649202 }, "geometry": { "type": "LineString", "coordinates": [ [ 138.6499058, -34.9205563 ], [ 138.6496703, -34.917471900000017 ] ] } },
{ "type": "Feature", "properties": { "osm_id": "24651645", "road_name": "College Road", "highway": "residential", "maxspeed_kmh": 40.0, "length_km": 0.40056573128863437 }, "geometry": { "type": "LineString", "coordinates": [ [ 138.619712, -34.9186044 ], [ 138.6210825, -34.9203924 ], [ 138.6224331, -34.9213557 ] ] } },
{ "type": "Feature", "properties": { "osm_id": "24787741", "road_name": "Halmon Avenue", "highway": "residential", "maxspeed_kmh": 40.0, "length_km": 0.31835480937615851 }, "geometry": { "type": "LineString", "coordinates": [ [ 138.573689, -34.9538338 ], [ 138.573946400000011, -34.9566758 ] ] } },
{ "type": "Feature", "properties": { "osm_id": "24787744", "road_name": "Ross Street", "highway": "residential", "maxspeed_kmh": 40.0, "length_km": 0.2467142480843669 }, "geometry": { "type": "LineString", "coordinates": [ [ 138.5765127, -34.9553108 ], [ 138.573836199999988, -34.9554592 ] ] } },
{ "type": "Feature", "properties": { "osm_id": "24787750", "road_name": "Masters Avenue", "highway": "residential", "maxspeed_kmh": 40.0, "length_km": 0.24825857949836266 }, "geometry": { "type": "LineString", "coordinates": [ [ 138.5764528, -34.9544634 ], [ 138.5737604, -34.9546225 ] ] } },
{ "type": "Feature", "properties": { "osm_id": "25032848", "road_name": "Guthrie Street", "highway": "residential", "maxspeed_kmh": 40.0, "length_km": 0.33632027238541451 }, "geometry": { "type": "LineString", "coordinates": [ [ 138.58352450000001, -34.900157 ], [ 138.5838015, -34.899085 ], [ 138.585272, -34.8976027 ] ] } },
{ "type": "Feature", "properties": { "osm_id": "25210195", "road_name": null, "highway": "residential", "maxspeed_kmh": 40.0, "length_km": 0.051606440757832793 }, "geometry": { "type": "LineString", "coordinates": [ [ 138.596185100000014, -34.9428069 ], [ 138.596159, -34.942708600000017 ], [ 138.5962834, -34.9426836 ], [ 138.596312399999988, -34.9427855 ], [ 138.596185100000014, -34.9428069 ] ] } },
{ "type": "Feature", "properties": { "osm_id": "25210196", "road_name": "Wood Lane", "highway": "service", "maxspeed_kmh": 40.0, "length_km": 0.141240499749864 }, "geometry": { "type": "LineString", "coordinates": [ [ 138.589155799999986, -34.944846299999988 ], [ 138.590687800000012, -34.9447602 ] ] } },
{ "type": "Feature", "properties": { "osm_id": "25211459", "road_name": "Le Hunte Street", "highway": "residential", "maxspeed_kmh": 40.0, "length_km": 0.32625238082768621 }, "geometry": { "type": "LineString", "coordinates": [ [ 138.5892934, -34.9467827 ], [ 138.5928347, -34.9466195 ] ] } },
{ "type": "Feature", "properties": { "osm_id": "25211460", "road_name": "Parsons Street", "highway": "residential", "maxspeed_kmh": 40.0, "length_km": 0.32803409966936714 }, "geometry": { "type": "LineString", "coordinates": [ [ 138.589386499999989, -34.9479986 ], [ 138.592942099999988, -34.9478 ] ] } },
{ "type": "Feature", "properties": { "osm_id": "25211461", "road_name": "Lily Street", "highway": "residential", "maxspeed_kmh": 40.0, "length_km": 0.42331931497909664 }, "geometry": { "type": "LineString", "coordinates": [ [ 138.589687700000013, -34.9519898 ], [ 138.5942844, -34.951799 ] ] } },
{ "type": "Feature", "properties": { "osm_id": "25211462", "road_name": "Angus Street", "highway": "residential", "maxspeed_kmh": 40.0, "length_km": 0.42323038066554519 }, "geometry": { "type": "LineString", "coordinates": [ [ 138.5898445, -34.9542141 ], [ 138.5944385, -34.9539923 ] ] } },
{ "type": "Feature", "properties": { "osm_id": "25211463", "road_name": "Clifton Street", "highway": "residential", "maxspeed_kmh": 40.0, "length_km": 0.42206877952677097 }, "geometry": { "type": "LineString", "coordinates": [ [ 138.589913599999988, -34.9549549 ], [ 138.5944936, -34.9547145 ] ] } },
{ "type": "Feature", "properties": { "osm_id": "25212217", "road_name": "Francis Street", "highway": "residential", "maxspeed_kmh": 40.0, "length_km": 0.7672385206225546 }, "geometry": { "type": "LineString", "coordinates": [ [ 138.5905007, -34.962766 ], [ 138.582175, -34.963209 ] ] } },
{ "type": "Feature", "properties": { "osm_id": "25212218", "road_name": "George Street", "highway": "residential", "maxspeed_kmh": 40.0, "length_km": 0.82868336790372954 }, "geometry": { "type": "LineString", "coordinates": [ [ 138.581670700000018, -34.9655732 ], [ 138.5906644, -34.9651049 ] ] } },
{ "type": "Feature", "properties": { "osm_id": "25318408", "road_name": "Rawlings Avenue", "highway": "residential", "maxspeed_kmh": 40.0, "length_km": 0.34329177069875466 }, "geometry": { "type": "LineString", "coordinates": [ [ 138.5337762, -34.9115394 ], [ 138.536526900000013, -34.9114275 ], [ 138.536624100000012, -34.9122208 ] ] } },
{ "type": "Feature", "properties": { "osm_id": "25318409", "road_name": "Dillon Avenue", "highway": "residential", "maxspeed_kmh": 40.0, "length_km": 0.42570447013987039 }, "geometry": { "type": "LineString", "coordinates": [ [ 138.5331477, -34.908409399999982 ], [ 138.5377562, -34.908149699999989 ] ] } },
{ "type": "Feature", "properties": { "osm_id": "25324369", "road_name": "Bridgman Road", "highway": "residential", "maxspeed_kmh": 40.0, "length_km": 0.42620532479276196 }, "geometry": { "type": "LineString", "coordinates": [ [ 138.5322885, -34.9016455 ], [ 138.5369111, -34.9014186 ] ] } },
{ "type": "Feature", "properties": { "osm_id": "25324371", "road_name": "Angley Avenue", "highway": "residential", "maxspeed_kmh": 40.0, "length_km": 0.81322463739676776 }, "geometry": { "type": "LineString", "coordinates": [ [ 138.523362600000013, -34.9004496 ], [ 138.5321726, -34.9000644 ] ] } },
{ "type": "Feature", "properties": { "osm_id": "25324377", "road_name": "Matheson Avenue", "highway": "residential", "maxspeed_kmh": 40.0, "length_km": 0.57102040297602519 }, "geometry": { "type": "LineString", "coordinates": [ [ 138.5319182, -34.8964217 ], [ 138.5257239, -34.8967033 ] ] } },
{ "type": "Feature", "properties": { "osm_id": "25324405", "road_name": "Reserve Parade", "highway": "residential", "maxspeed_kmh": 40.0, "length_km": 0.29339706427078854 }, "geometry": { "type": "LineString", "coordinates": [ [ 138.522185, -34.8927998 ], [ 138.5253631, -34.8926156 ] ] } },
{ "type": "Feature", "properties": { "osm_id": "25324425", "road_name": "Gawler Street", "highway": "residential", "maxspeed_kmh": 40.0, "length_km": 0.51730577880356854 }, "geometry": { "type": "LineString", "coordinates": [ [ 138.5259295, -34.8898436 ], [ 138.531513600000011, -34.8894424 ] ] } },
{ "type": "Feature", "properties": { "osm_id": "25324433", "road_name": "Ryan Avenue", "highway": "residential", "maxspeed_kmh": 40.0, "length_km": 0.2074866462060681 }, "geometry": { "type": "LineString", "coordinates": [ [ 138.5262237, -34.8864017 ], [ 138.5284725, -34.8862832 ] ] } },
{ "type": "Feature", "properties": { "osm_id": "25324436", "road_name": "Glen Rowan Road", "highway": "residential", "maxspeed_kmh": 40.0, "length_km": 0.27268889469505314 }, "geometry": { "type": "LineString", "coordinates": [ [ 138.537049700000011, -34.8856406 ], [ 138.534095400000012, -34.885707 ] ] } },
{ "type": "Feature", "properties": { "osm_id": "25324437", "road_name": "Patricia Street", "highway": "residential", "maxspeed_kmh": 40.0, "length_km": 0.46502651890501323 }, "geometry": { "type": "LineString", "coordinates": [ [ 138.526021, -34.8848631 ], [ 138.5310642, -34.8846269 ] ] } },
{ "type": "Feature", "properties": { "osm_id": "25324439", "road_name": "Shirley Avenue", "highway": "residential", "maxspeed_kmh": 40.0, "length_km": 0.35187397451102465 }, "geometry": { "type": "LineString", "coordinates": [ [ 138.527145600000011, -34.8835474 ], [ 138.5309612, -34.8833627 ] ] } },
{ "type": "Feature", "properties": { "osm_id": "25324443", "road_name": "Claire Street", "highway": "residential", "maxspeed_kmh": 40.0, "length_km": 0.23411789900039776 }, "geometry": { "type": "LineString", "coordinates": [ [ 138.5256417, -34.8799644 ], [ 138.5281805, -34.8798441 ] ] } },
{ "type": "Feature", "properties": { "osm_id": "25502607", "road_name": "Levi Street", "highway": "residential", "maxspeed_kmh": 40.0, "length_km": 0.39454045769950119 }, "geometry": { "type": "LineString", "coordinates": [ [ 138.5271373, -34.8817243 ], [ 138.526868400000012, -34.8781998 ] ] } },
{ "type": "Feature", "properties": { "osm_id": "25685544", "road_name": "Trinity Street", "highway": "residential", "maxspeed_kmh": 40.0, "length_km": 0.28476826165026786 }, "geometry": { "type": "LineString", "coordinates": [ [ 138.6210982, -34.9164843 ], [ 138.619391799999988, -34.9143682 ] ] } },
{ "type": "Feature", "properties": { "osm_id": "25702471", "road_name": "Sunnymeade Avenue", "highway": "residential", "maxspeed_kmh": 40.0, "length_km": 0.16376845308483165 }, "geometry": { "type": "LineString", "coordinates": [ [ 138.622656400000011, -34.9539857 ], [ 138.6227576, -34.9554495 ] ] } },
{ "type": "Feature", "properties": { "osm_id": "25702472", "road_name": "White Avenue", "highway": "residential", "maxspeed_kmh": 40.0, "length_km": 0.27517894550946637 }, "geometry": { "type": "LineString", "coordinates": [ [ 138.6227285, -34.9550175 ], [ 138.6257166, -34.954887 ] ] } },
{ "type": "Feature", "properties": { "osm_id": "25702474", "road_name": "Fern Avenue", "highway": "residential", "maxspeed_kmh": 40.0, "length_km": 0.33464694629650482 }, "geometry": { "type": "LineString", "coordinates": [ [ 138.61770820000001, -34.957245699999987 ], [ 138.6174608, -34.954257 ] ] } },
{ "type": "Feature", "properties": { "osm_id": "25702509", "road_name": "Windsor Street", "highway": "residential", "maxspeed_kmh": 40.0, "length_km": 0.33433021579624733 }, "geometry": { "type": "LineString", "coordinates": [ [ 138.6166034, -34.9543042 ], [ 138.6168558, -34.9572899 ] ] } },
{ "type": "Feature", "properties": { "osm_id": "25740879", "road_name": "Torrens Avenue", "highway": "residential", "maxspeed_kmh": 40.0, "length_km": 0.33907845415387494 }, "geometry": { "type": "LineString", "coordinates": [ [ 138.6184604, -34.9542021 ], [ 138.6188281, -34.9572014 ] ] } },
{ "type": "Feature", "properties": { "osm_id": "25740880", "road_name": "Cross Street", "highway": "residential", "maxspeed_kmh": 40.0, "length_km": 0.33798380295331593 }, "geometry": { "type": "LineString", "coordinates": [ [ 138.6195855, -34.9541402 ], [ 138.6198262, -34.95715950000001 ] ] } },
{ "type": "Feature", "properties": { "osm_id": "25740881", "road_name": "Francis Avenue", "highway": "residential", "maxspeed_kmh": 40.0, "length_km": 0.2254345496417926 }, "geometry": { "type": "LineString", "coordinates": [ [ 138.6196572, -34.9551645 ], [ 138.622093799999988, -34.9550102 ] ] } },
{ "type": "Feature", "properties": { "osm_id": "25740882", "road_name": "Francis Avenue", "highway": "residential", "maxspeed_kmh": 40.0, "length_km": 0.11578186912516768 }, "geometry": { "type": "LineString", "coordinates": [ [ 138.621474299999988, -34.9550838 ], [ 138.6214148, -34.9540484 ] ] } },
{ "type": "Feature", "properties": { "osm_id": "25740883", "road_name": "Woodfield Avenue", "highway": "residential", "maxspeed_kmh": 40.0, "length_km": 0.58475289694048649 }, "geometry": { "type": "LineString", "coordinates": [ [ 138.620370799999989, -34.9551418 ], [ 138.620429300000012, -34.95596 ], [ 138.625788, -34.9557802 ] ] } },
{ "type": "Feature", "properties": { "osm_id": "25741408", "road_name": "Nelson Street", "highway": "residential", "maxspeed_kmh": 40.0, "length_km": 0.16624812206832876 }, "geometry": { "type": "LineString", "coordinates": [ [ 138.6315199, -34.950559 ], [ 138.63165140000001, -34.9520434 ] ] } },
{ "type": "Feature", "properties": { "osm_id": "25847458", "road_name": "Westminster Street", "highway": "residential", "maxspeed_kmh": 40.0, "length_km": 0.11593083254905497 }, "geometry": { "type": "LineString", "coordinates": [ [ 138.6294797, -34.9076215 ], [ 138.6284545, -34.9070182 ] ] } },
{ "type": "Feature", "properties": { "osm_id": "25847459", "road_name": "Westminster Street", "highway": "residential", "maxspeed_kmh": 40.0, "length_km": 0.090284702419389393 }, "geometry": { "type": "LineString", "coordinates": [ [ 138.62801060000001, -34.9067514 ], [ 138.6272148, -34.9062786 ] ] } },
{ "type": "Feature", "properties": { "osm_id": "25847462", "road_name": "Marlborough Street", "highway": "residential", "maxspeed_kmh": 40.0, "length_km": 0.24733361942720641 }, "geometry": { "type": "LineString", "coordinates": [ [ 138.6236261, -34.9145486 ], [ 138.6218879, -34.9128595 ] ] } },
{ "type": "Feature", "properties": { "osm_id": "25847463", "road_name": "Marlborough Street", "highway": "residential", "maxspeed_kmh": 40.0, "length_km": 0.28339449750803142 }, "geometry": { "type": "LineString", "coordinates": [ [ 138.6215097, -34.9125 ], [ 138.6194796, -34.910592 ] ] } },
{ "type": "Feature", "properties": { "osm_id": "25847464", "road_name": "Rugby Street", "highway": "residential", "maxspeed_kmh": 40.0, "length_km": 0.11714171763831671 }, "geometry": { "type": "LineString", "coordinates": [ [ 138.6219204, -34.9124742 ], [ 138.622766399999989, -34.911690499999985 ] ] } },
{ "type": "Feature", "properties": { "osm_id": "25847954", "road_name": "Eleventh Avenue", "highway": "residential", "maxspeed_kmh": 40.0, "length_km": 0.30233350516925606 }, "geometry": { "type": "LineString", "coordinates": [ [ 138.619305300000036, -34.8992438 ], [ 138.6211853, -34.8970315 ] ] } },
{ "type": "Feature", "properties": { "osm_id": "25847968", "road_name": "Koolaman Street", "highway": "residential", "maxspeed_kmh": 40.0, "length_km": 0.21774880366328223 }, "geometry": { "type": "LineString", "coordinates": [ [ 138.6199738, -34.8962604 ], [ 138.6218541, -34.8974356 ] ] } },
{ "type": "Feature", "properties": { "osm_id": "25847974", "road_name": "Oaklands Avenue", "highway": "residential", "maxspeed_kmh": 40.0, "length_km": 0.73127241752119732 }, "geometry": { "type": "LineString", "coordinates": [ [ 138.629815900000011, -34.8983403 ], [ 138.6233133, -34.8945954 ] ] } },
{ "type": "Feature", "properties": { "osm_id": "25931836", "road_name": "Melville Gully Road", "highway": "unclassified", "maxspeed_kmh": 40.0, "length_km": 0.81641884855576075 }, "geometry": { "type": "LineString", "coordinates": [ [ 138.665608600000013, -35.0189272 ], [ 138.6650093, -35.0192963 ], [ 138.662873100000013, -35.0193269 ], [ 138.6597842, -35.018493600000014 ], [ 138.65823, -35.0175599 ], [ 138.6574484, -35.017601 ] ] } },
{ "type": "Feature", "properties": { "osm_id": "25949186", "road_name": "Cooke Terrace", "highway": "residential", "maxspeed_kmh": 40.0, "length_km": 0.018899132623807689 }, "geometry": { "type": "LineString", "coordinates": [ [ 138.583540199999987, -34.94220210000001 ], [ 138.5834692, -34.9423586 ] ] } },
{ "type": "Feature", "properties": { "osm_id": "25949884", "road_name": "Little Charles Street", "highway": "service", "maxspeed_kmh": 40.0, "length_km": 0.04371879719997409 }, "geometry": { "type": "LineString", "coordinates": [ [ 138.6052858, -34.9476162 ], [ 138.605257599999987, -34.9472255 ] ] } },
{ "type": "Feature", "properties": { "osm_id": "25968646", "road_name": "Esplanade", "highway": "residential", "maxspeed_kmh": 40.0, "length_km": 0.9582257858733948 }, "geometry": { "type": "LineString", "coordinates": [ [ 138.4953004, -34.9256733 ], [ 138.498024500000014, -34.9339226 ] ] } },
{ "type": "Feature", "properties": { "osm_id": "26150628", "road_name": "Terminus Street", "highway": "residential", "maxspeed_kmh": 40.0, "length_km": 0.49201418425562871 }, "geometry": { "type": "LineString", "coordinates": [ [ 138.497348700000032, -34.8992775 ], [ 138.492054, -34.8996014 ] ] } },
{ "type": "Feature", "properties": { "osm_id": "26587004", "road_name": "Llanfair Terrace", "highway": "residential", "maxspeed_kmh": 40.0, "length_km": 0.3424185331824714 }, "geometry": { "type": "LineString", "coordinates": [ [ 138.5992516, -34.968531199999987 ], [ 138.599225499999989, -34.9682713 ], [ 138.5971267, -34.9660621 ] ] } },
{ "type": "Feature", "properties": { "osm_id": "26587005", "road_name": "Nanthea Terrace South", "highway": "residential", "maxspeed_kmh": 40.0, "length_km": 0.32781345486639257 }, "geometry": { "type": "LineString", "coordinates": [ [ 138.597519100000028, -34.965958 ], [ 138.5953767, -34.9636834 ] ] } },
{ "type": "Feature", "properties": { "osm_id": "26587006", "road_name": "Glen Avenue", "highway": "residential", "maxspeed_kmh": 40.0, "length_km": 0.27149434118648713 }, "geometry": { "type": "LineString", "coordinates": [ [ 138.5988144, -34.9645804 ], [ 138.597136, -34.9646471 ], [ 138.5967228, -34.964276 ], [ 138.5960733, -34.9642885 ] ] } },
{ "type": "Feature", "properties": { "osm_id": "26587153", "road_name": "Dollman Street", "highway": "residential", "maxspeed_kmh": 40.0, "length_km": 0.094735571773859079 }, "geometry": { "type": "LineString", "coordinates": [ [ 138.597069299999987, -34.9513297 ], [ 138.598097800000033, -34.951283 ] ] } },
{ "type": "Feature", "properties": { "osm_id": "26587154", "road_name": "Erskine Street", "highway": "residential", "maxspeed_kmh": 40.0, "length_km": 0.31717317889134333 }, "geometry": { "type": "LineString", "coordinates": [ [ 138.59818, -34.952171899999989 ], [ 138.5979529, -34.9493424 ] ] } },
{ "type": "Feature", "properties": { "osm_id": "26587156", "road_name": "Queen Street", "highway": "residential", "maxspeed_kmh": 40.0, "length_km": 0.21377790331849569 }, "geometry": { "type": "LineString", "coordinates": [ [ 138.6021063, -34.9523864 ], [ 138.6019824, -34.9504753 ] ] } },
{ "type": "Feature", "properties": { "osm_id": "26587157", "road_name": "Caithness Street", "highway": "residential", "maxspeed_kmh": 40.0, "length_km": 0.10028394335163172 }, "geometry": { "type": "LineString", "coordinates": [ [ 138.602856, -34.9523496 ], [ 138.602805100000012, -34.9514528 ] ] } },
{ "type": "Feature", "properties": { "osm_id": "26587158", "road_name": "Boothby Court", "highway": "residential", "maxspeed_kmh": 40.0, "length_km": 0.092930684855811505 }, "geometry": { "type": "LineString", "coordinates": [ [ 138.6037584, -34.9522961 ], [ 138.6037514, -34.9514675 ] ] } },
{ "type": "Feature", "properties": { "osm_id": "26587209", "road_name": "Balmoral Street", "highway": "residential", "maxspeed_kmh": 40.0, "length_km": 0.39239154494583589 }, "geometry": { "type": "LineString", "coordinates": [ [ 138.61617480000001, -34.9573207 ], [ 138.616420299999987, -34.9608274 ] ] } },
{ "type": "Feature", "properties": { "osm_id": "26673263", "road_name": "High Street", "highway": "residential", "maxspeed_kmh": 40.0, "length_km": 0.28678827082614805 }, "geometry": { "type": "LineString", "coordinates": [ [ 138.494976, -34.9021819 ], [ 138.4947735, -34.8996209 ] ] } },
{ "type": "Feature", "properties": { "osm_id": "26673267", "road_name": "High Street", "highway": "residential", "maxspeed_kmh": 40.0, "length_km": 0.25454907667902771 }, "geometry": { "type": "LineString", "coordinates": [ [ 138.495179900000011, -34.9049978 ], [ 138.495340700000014, -34.9072723 ] ] } },
{ "type": "Feature", "properties": { "osm_id": "26673269", "road_name": "Ralph Avenue", "highway": "residential", "maxspeed_kmh": 40.0, "length_km": 0.2651209998477313 }, "geometry": { "type": "LineString", "coordinates": [ [ 138.5626299, -34.883909 ], [ 138.5608159, -34.8857524 ] ] } },
{ "type": "Feature", "properties": { "osm_id": "26674257", "road_name": "Reynell Street", "highway": "residential", "maxspeed_kmh": 40.0, "length_km": 0.73794218320138949 }, "geometry": { "type": "LineString", "coordinates": [ [ 138.5599616, -34.8851799 ], [ 138.5537305, -34.8810532 ] ] } },
{ "type": "Feature", "properties": { "osm_id": "26674259", "road_name": "Chenoweth Avenue", "highway": "residential", "maxspeed_kmh": 40.0, "length_km": 0.26804178994446137 }, "geometry": { "type": "LineString", "coordinates": [ [ 138.559098299999988, -34.884615599999989 ], [ 138.5609341, -34.88275320000001 ] ] } },
{ "type": "Feature", "properties": { "osm_id": "26675447", "road_name": "Rugby Street", "highway": "residential", "maxspeed_kmh": 40.0, "length_km": 0.39652587152964897 }, "geometry": { "type": "LineString", "coordinates": [ [ 138.6099084, -34.9540949 ], [ 138.6101707, -34.9576381 ] ] } },
{ "type": "Feature", "properties": { "osm_id": "26675451", "road_name": "Eton Street", "highway": "residential", "maxspeed_kmh": 40.0, "length_km": 0.55573471527345175 }, "geometry": { "type": "LineString", "coordinates": [ [ 138.6147516, -34.9564571 ], [ 138.6087195, -34.9567555 ] ] } },
{ "type": "Feature", "properties": { "osm_id": "26675452", "road_name": "Rugby Street", "highway": "residential", "maxspeed_kmh": 40.0, "length_km": 0.7454769962331752 }, "geometry": { "type": "LineString", "coordinates": [ [ 138.6101729, -34.957753599999982 ], [ 138.6106706, -34.9644148 ] ] } },
{ "type": "Feature", "properties": { "osm_id": "26675454", "road_name": "Cambridge Terrace", "highway": "residential", "maxspeed_kmh": 40.0, "length_km": 0.80989493063404094 }, "geometry": { "type": "LineString", "coordinates": [ [ 138.61243060000001, -34.9577455 ], [ 138.612985700000024, -34.9649814 ] ] } },
{ "type": "Feature", "properties": { "osm_id": "26675462", "road_name": "Cambridge Terrace", "highway": "residential", "maxspeed_kmh": 40.0, "length_km": 0.28153080747203024 }, "geometry": { "type": "LineString", "coordinates": [ [ 138.612403, -34.9572913 ], [ 138.612203599999987, -34.9547764 ] ] } },
{ "type": "Feature", "properties": { "osm_id": "26724650", "road_name": "Player Avenue", "highway": "residential", "maxspeed_kmh": 40.0, "length_km": 0.13702198955618694 }, "geometry": { "type": "LineString", "coordinates": [ [ 138.6180336, -34.9025157 ], [ 138.6167351, -34.9019259 ] ] } },
{ "type": "Feature", "properties": { "osm_id": "26724653", "road_name": "Player Court", "highway": "residential", "maxspeed_kmh": 40.0, "length_km": 0.10115028821839188 }, "geometry": { "type": "LineString", "coordinates": [ [ 138.6157715, -34.901532899999985 ], [ 138.6156325, -34.9017702 ], [ 138.6157518, -34.90238870000001 ] ] } },
{ "type": "Feature", "properties": { "osm_id": "26724654", "road_name": "Player Avenue", "highway": "residential", "maxspeed_kmh": 40.0, "length_km": 0.17760863507583569 }, "geometry": { "type": "LineString", "coordinates": [ [ 138.6163736, -34.9017944 ], [ 138.6155512, -34.9013835 ], [ 138.6151217, -34.9006746 ] ] } },
{ "type": "Feature", "properties": { "osm_id": "26724655", "road_name": "Player Avenue", "highway": "residential", "maxspeed_kmh": 40.0, "length_km": 0.03636502242395688 }, "geometry": { "type": "LineString", "coordinates": [ [ 138.6167351, -34.9019259 ], [ 138.6163736, -34.9017944 ] ] } },
{ "type": "Feature", "properties": { "osm_id": "26725324", "road_name": "Old Post Office Place", "highway": "residential", "maxspeed_kmh": 40.0, "length_km": 0.076066599752533187 }, "geometry": { "type": "LineString", "coordinates": [ [ 138.4924023, -34.9018081 ], [ 138.4915801, -34.9018276 ] ] } },
{ "type": "Feature", "properties": { "osm_id": "26725566", "road_name": "Carnarvon Parade", "highway": "residential", "maxspeed_kmh": 40.0, "length_km": 0.24605041012430298 }, "geometry": { "type": "LineString", "coordinates": [ [ 138.5645154, -34.8849298 ], [ 138.562846, -34.8866499 ] ] } },
{ "type": "Feature", "properties": { "osm_id": "26725934", "road_name": "Drayton Street", "highway": "residential", "maxspeed_kmh": 40.0, "length_km": 0.098402085333879577 }, "geometry": { "type": "LineString", "coordinates": [ [ 138.5745547, -34.9050438 ], [ 138.5753421, -34.9055741 ] ] } },
{ "type": "Feature", "properties": { "osm_id": "26725936", "road_name": "Gibson Street", "highway": "residential", "maxspeed_kmh": 40.0, "length_km": 0.10236338438251784 }, "geometry": { "type": "LineString", "coordinates": [ [ 138.5830556, -34.8999032 ], [ 138.58234680000001, -34.9006094 ] ] } },
{ "type": "Feature", "properties": { "osm_id": "26725939", "road_name": "Drayton Street", "highway": "residential", "maxspeed_kmh": 40.0, "length_km": 0.75383625364670792 }, "geometry": { "type": "LineString", "coordinates": [ [ 138.5753421, -34.9055741 ], [ 138.580517400000019, -34.9003436 ] ] } },
{ "type": "Feature", "properties": { "osm_id": "26725940", "road_name": "Seventh Street", "highway": "residential", "maxspeed_kmh": 40.0, "length_km": 0.33842925650760625 }, "geometry": { "type": "LineString", "coordinates": [ [ 138.5779504, -34.9029466 ], [ 138.580844899999988, -34.9048014 ] ] } },
{ "type": "Feature", "properties": { "osm_id": "26726035", "road_name": "Mary Street", "highway": "residential", "maxspeed_kmh": 40.0, "length_km": 0.24368260644185727 }, "geometry": { "type": "LineString", "coordinates": [ [ 138.573429800000014, -34.9064943 ], [ 138.5717511, -34.9081813 ] ] } },
{ "type": "Feature", "properties": { "osm_id": "26726055", "road_name": "Bacon Street", "highway": "residential", "maxspeed_kmh": 40.0, "length_km": 0.60058253564452979 }, "geometry": { "type": "LineString", "coordinates": [ [ 138.5660993, -34.9106562 ], [ 138.5670493, -34.9053433 ] ] } },
{ "type": "Feature", "properties": { "osm_id": "26726626", "road_name": "Richard Street", "highway": "residential", "maxspeed_kmh": 40.0, "length_km": 0.42008360349537405 }, "geometry": { "type": "LineString", "coordinates": [ [ 138.5721227, -34.9085445 ], [ 138.5676674, -34.9093632 ] ] } },
{ "type": "Feature", "properties": { "osm_id": "26726632", "road_name": "Chapel Street", "highway": "residential", "maxspeed_kmh": 40.0, "length_km": 0.080550794144970267 }, "geometry": { "type": "LineString", "coordinates": [ [ 138.5698333, -34.9089619 ], [ 138.5696307, -34.9082604 ] ] } },
{ "type": "Feature", "properties": { "osm_id": "26726634", "road_name": "Nile Street", "highway": "residential", "maxspeed_kmh": 40.0, "length_km": 0.11022984570139428 }, "geometry": { "type": "LineString", "coordinates": [ [ 138.5698118, -34.9099832 ], [ 138.5695527, -34.909019799999989 ] ] } },
{ "type": "Feature", "properties": { "osm_id": "26773499", "road_name": "Croydon Avenue", "highway": "residential", "maxspeed_kmh": 40.0, "length_km": 0.28351090381053257 }, "geometry": { "type": "LineString", "coordinates": [ [ 138.5672323, -34.886688 ], [ 138.565311400000013, -34.88867170000001 ] ] } },
{ "type": "Feature", "properties": { "osm_id": "26950742", "road_name": "Frew Street", "highway": "residential", "maxspeed_kmh": 40.0, "length_km": 0.33937886428068398 }, "geometry": { "type": "LineString", "coordinates": [ [ 138.6297889, -34.956677 ], [ 138.6295441, -34.953645499999986 ] ] } },
{ "type": "Feature", "properties": { "osm_id": "26950743", "road_name": "Tallala Terrace", "highway": "residential", "maxspeed_kmh": 40.0, "length_km": 0.21894878729411496 }, "geometry": { "type": "LineString", "coordinates": [ [ 138.630061399999988, -34.9566632 ], [ 138.630200400000035, -34.95862 ] ] } },
{ "type": "Feature", "properties": { "osm_id": "27053856", "road_name": "Carpa Street", "highway": "residential", "maxspeed_kmh": 40.0, "length_km": 0.094698509333746031 }, "geometry": { "type": "LineString", "coordinates": [ [ 138.5321621, -34.8762429 ], [ 138.5323588, -34.8770567 ] ] } },
{ "type": "Feature", "properties": { "osm_id": "27053858", "road_name": "Guernsey Terrace", "highway": "residential", "maxspeed_kmh": 40.0, "length_km": 0.10580440801091473 }, "geometry": { "type": "LineString", "coordinates": [ [ 138.5339653, -34.8761053 ], [ 138.5339386, -34.8770407 ] ] } },
{ "type": "Feature", "properties": { "osm_id": "27053862", "road_name": "Rowley Terrace", "highway": "residential", "maxspeed_kmh": 40.0, "length_km": 0.46459204785569058 }, "geometry": { "type": "LineString", "coordinates": [ [ 138.5371505, -34.8769356 ], [ 138.53664, -34.8765261 ], [ 138.5355003, -34.8761396 ], [ 138.5324187, -34.8761915 ] ] } },
{ "type": "Feature", "properties": { "osm_id": "27053891", "road_name": "Stanley Street", "highway": "residential", "maxspeed_kmh": 40.0, "length_km": 0.98655377383144993 }, "geometry": { "type": "LineString", "coordinates": [ [ 138.5394315, -34.8763613 ], [ 138.541372200000012, -34.877582 ], [ 138.5417474, -34.8774415 ], [ 138.5453861, -34.8796149 ], [ 138.547802, -34.8814655 ] ] } },
{ "type": "Feature", "properties": { "osm_id": "27405212", "road_name": "Sydenham Road", "highway": "residential", "maxspeed_kmh": 40.0, "length_km": 0.31185351644444909 }, "geometry": { "type": "LineString", "coordinates": [ [ 138.6273636, -34.9185732 ], [ 138.6275695, -34.9213598 ] ] } },
{ "type": "Feature", "properties": { "osm_id": "27427617", "road_name": "Mellington Street", "highway": "residential", "maxspeed_kmh": 40.0, "length_km": 0.33426611956975499 }, "geometry": { "type": "LineString", "coordinates": [ [ 138.6295943, -34.9385592 ], [ 138.6332166, -34.9383192 ] ] } },
{ "type": "Feature", "properties": { "osm_id": "27427837", "road_name": "Culross Avenue", "highway": "residential", "maxspeed_kmh": 40.0, "length_km": 0.27680190066457949 }, "geometry": { "type": "LineString", "coordinates": [ [ 138.6259564, -34.957885899999987 ], [ 138.628961299999986, -34.957741 ] ] } },
{ "type": "Feature", "properties": { "osm_id": "27427838", "road_name": "Raldon Grove", "highway": "residential", "maxspeed_kmh": 40.0, "length_km": 0.18779159622335273 }, "geometry": { "type": "LineString", "coordinates": [ [ 138.626074499999987, -34.9593626 ], [ 138.6281129, -34.959260499999985 ] ] } },
{ "type": "Feature", "properties": { "osm_id": "27427840", "road_name": "Baulderstone Road", "highway": "residential", "maxspeed_kmh": 40.0, "length_km": 0.18851379408136151 }, "geometry": { "type": "LineString", "coordinates": [ [ 138.6280745, -34.9587721 ], [ 138.6282069, -34.9604563 ] ] } },
{ "type": "Feature", "properties": { "osm_id": "27558470", "road_name": "Broad Street", "highway": "residential", "maxspeed_kmh": 40.0, "length_km": 0.56268126434176247 }, "geometry": { "type": "LineString", "coordinates": [ [ 138.6379809, -34.8967738 ], [ 138.6336853, -34.89318930000001 ] ] } },
{ "type": "Feature", "properties": { "osm_id": "27558578", "road_name": "Dix Avenue", "highway": "residential", "maxspeed_kmh": 40.0, "length_km": 0.26496190916288109 }, "geometry": { "type": "LineString", "coordinates": [ [ 138.6343427, -34.8968224 ], [ 138.635402199999987, -34.894619499999983 ] ] } },
{ "type": "Feature", "properties": { "osm_id": "27558584", "road_name": "Blanden Avenue", "highway": "residential", "maxspeed_kmh": 40.0, "length_km": 0.30324373016512302 }, "geometry": { "type": "LineString", "coordinates": [ [ 138.6345939, -34.8939701 ], [ 138.633342, -34.8964813 ] ] } },
{ "type": "Feature", "properties": { "osm_id": "27558593", "road_name": "Caleb Street", "highway": "residential", "maxspeed_kmh": 40.0, "length_km": 0.21390215451154321 }, "geometry": { "type": "LineString", "coordinates": [ [ 138.6340524, -34.8950233 ], [ 138.63194, -34.8942532 ] ] } },
{ "type": "Feature", "properties": { "osm_id": "27558596", "road_name": "Tippett Avenue", "highway": "unclassified", "maxspeed_kmh": 40.0, "length_km": 0.097172185626144436 }, "geometry": { "type": "LineString", "coordinates": [ [ 138.6293121, -34.8937857 ], [ 138.6302899, -34.894114 ] ] } },
{ "type": "Feature", "properties": { "osm_id": "27558599", "road_name": "Buik Crescent", "highway": "residential", "maxspeed_kmh": 40.0, "length_km": 0.15852391153359585 }, "geometry": { "type": "LineString", "coordinates": [ [ 138.6302899, -34.894114 ], [ 138.63076380000004, -34.8931804 ], [ 138.6312317, -34.893271399999989 ] ] } },
{ "type": "Feature", "properties": { "osm_id": "27558606", "road_name": "Grivell Road", "highway": "residential", "maxspeed_kmh": 40.0, "length_km": 0.17370283455690014 }, "geometry": { "type": "LineString", "coordinates": [ [ 138.6326607, -34.8928159 ], [ 138.63194, -34.8942532 ] ] } },
{ "type": "Feature", "properties": { "osm_id": "27559253", "road_name": "Salisbury Avenue", "highway": "residential", "maxspeed_kmh": 40.0, "length_km": 0.26533076471848432 }, "geometry": { "type": "LineString", "coordinates": [ [ 138.6362777, -34.899613 ], [ 138.6339173, -34.8982488 ] ] } },
{ "type": "Feature", "properties": { "osm_id": "27559428", "road_name": "Hooking Avenue", "highway": "residential", "maxspeed_kmh": 40.0, "length_km": 0.61934126252222765 }, "geometry": { "type": "LineString", "coordinates": [ [ 138.626034299999986, -34.894968 ], [ 138.6315492, -34.8981459 ] ] } },
{ "type": "Feature", "properties": { "osm_id": "27559449", "road_name": "Third Avenue", "highway": "residential", "maxspeed_kmh": 40.0, "length_km": 0.25563596952957035 }, "geometry": { "type": "LineString", "coordinates": [ [ 138.6337556, -34.896622 ], [ 138.632168799999988, -34.8985005 ] ] } },
{ "type": "Feature", "properties": { "osm_id": "27559496", "road_name": "Third Avenue", "highway": "residential", "maxspeed_kmh": 40.0, "length_km": 0.046225093836648905 }, "geometry": { "type": "LineString", "coordinates": [ [ 138.6315492, -34.8981459 ], [ 138.631263, -34.898486 ] ] } },
{ "type": "Feature", "properties": { "osm_id": "27559516", "road_name": "Fifth Avenue", "highway": "residential", "maxspeed_kmh": 40.0, "length_km": 0.4338547934153496 }, "geometry": { "type": "LineString", "coordinates": [ [ 138.6291311, -34.8991587 ], [ 138.631821300000013, -34.8959695 ] ] } },
{ "type": "Feature", "properties": { "osm_id": "27560034", "road_name": "Koolaman Street", "highway": "residential", "maxspeed_kmh": 40.0, "length_km": 0.098990393002403129 }, "geometry": { "type": "LineString", "coordinates": [ [ 138.623242, -34.8982556 ], [ 138.622366600000021, -34.8977408 ] ] } },
{ "type": "Feature", "properties": { "osm_id": "27571628", "road_name": "Ada Street", "highway": "residential", "maxspeed_kmh": 40.0, "length_km": 0.33267404618299229 }, "geometry": { "type": "LineString", "coordinates": [ [ 138.5921309, -34.9526241 ], [ 138.5919045, -34.9496518 ] ] } },
{ "type": "Feature", "properties": { "osm_id": "28089434", "road_name": "Seaview Street", "highway": "residential", "maxspeed_kmh": 40.0, "length_km": 0.33963893878783025 }, "geometry": { "type": "LineString", "coordinates": [ [ 138.6313711, -34.956595 ], [ 138.631163, -34.9535591 ] ] } },
{ "type": "Feature", "properties": { "osm_id": "28089488", "road_name": "Restormal Avenue", "highway": "residential", "maxspeed_kmh": 40.0, "length_km": 0.30800161347990801 }, "geometry": { "type": "LineString", "coordinates": [ [ 138.628869900000012, -34.9525978 ], [ 138.625540300000011, -34.9526828 ] ] } },
{ "type": "Feature", "properties": { "osm_id": "28258362", "road_name": "Warwick Street", "highway": "residential", "maxspeed_kmh": 40.0, "length_km": 0.35045368757757794 }, "geometry": { "type": "LineString", "coordinates": [ [ 138.595621599999987, -34.9687014 ], [ 138.5958523, -34.971833 ] ] } },
{ "type": "Feature", "properties": { "osm_id": "28260209", "road_name": "Elmo Avenue", "highway": "residential", "maxspeed_kmh": 40.0, "length_km": 0.69513955848878684 }, "geometry": { "type": "LineString", "coordinates": [ [ 138.59087790000001, -34.9678003 ], [ 138.598419, -34.9674113 ] ] } },
{ "type": "Feature", "properties": { "osm_id": "28260237", "road_name": "Watt Street", "highway": "residential", "maxspeed_kmh": 40.0, "length_km": 0.12564846231517451 }, "geometry": { "type": "LineString", "coordinates": [ [ 138.5926612, -34.9688436 ], [ 138.592592200000013, -34.967720199999988 ] ] } },
{ "type": "Feature", "properties": { "osm_id": "28260311", "road_name": "Norseman Court", "highway": "residential", "maxspeed_kmh": 40.0, "length_km": 0.063508797883693735 }, "geometry": { "type": "LineString", "coordinates": [ [ 138.5942169, -34.9728306 ], [ 138.5942546, -34.9733983 ] ] } },
{ "type": "Feature", "properties": { "osm_id": "28260378", "road_name": "Garden Road", "highway": "residential", "maxspeed_kmh": 40.0, "length_km": 0.099175620209034338 }, "geometry": { "type": "LineString", "coordinates": [ [ 138.5948737, -34.9724766 ], [ 138.5949451, -34.9733625 ] ] } },
{ "type": "Feature", "properties": { "osm_id": "28260389", "road_name": "Newberry Avenue", "highway": "residential", "maxspeed_kmh": 40.0, "length_km": 0.10299173392510745 }, "geometry": { "type": "LineString", "coordinates": [ [ 138.595755800000035, -34.9723966 ], [ 138.595822, -34.973317 ] ] } },
{ "type": "Feature", "properties": { "osm_id": "28260441", "road_name": "Samson Avenue", "highway": "residential", "maxspeed_kmh": 40.0, "length_km": 0.29690136766970732 }, "geometry": { "type": "LineString", "coordinates": [ [ 138.597115800000012, -34.9742114 ], [ 138.5973166, -34.9768642 ] ] } },
{ "type": "Feature", "properties": { "osm_id": "28260453", "road_name": "Robey Road", "highway": "residential", "maxspeed_kmh": 40.0, "length_km": 0.0975489819510241 }, "geometry": { "type": "LineString", "coordinates": [ [ 138.598163, -34.9750653 ], [ 138.5982309, -34.9759368 ] ] } },
{ "type": "Feature", "properties": { "osm_id": "28260489", "road_name": "Olive Grove", "highway": "residential", "maxspeed_kmh": 40.0, "length_km": 0.1992060673547944 }, "geometry": { "type": "LineString", "coordinates": [ [ 138.5956473, -34.9742852 ], [ 138.595782, -34.9760651 ] ] } },
{ "type": "Feature", "properties": { "osm_id": "28260501", "road_name": "Almond Grove", "highway": "residential", "maxspeed_kmh": 40.0, "length_km": 0.19943274565794783 }, "geometry": { "type": "LineString", "coordinates": [ [ 138.5946735, -34.974334199999987 ], [ 138.594814500000012, -34.9761158 ] ] } },
{ "type": "Feature", "properties": { "osm_id": "28260526", "road_name": "Glenloth Avenue", "highway": "residential", "maxspeed_kmh": 40.0, "length_km": 0.19968430377637203 }, "geometry": { "type": "LineString", "coordinates": [ [ 138.5936326, -34.9743865 ], [ 138.593765, -34.9761708 ] ] } },
{ "type": "Feature", "properties": { "osm_id": "28260552", "road_name": "Shearer Avenue", "highway": "residential", "maxspeed_kmh": 40.0, "length_km": 0.19991980228584239 }, "geometry": { "type": "LineString", "coordinates": [ [ 138.5926303, -34.9744369 ], [ 138.5927668, -34.9762231 ] ] } },
{ "type": "Feature", "properties": { "osm_id": "28260973", "road_name": "King Edward Avenue", "highway": "residential", "maxspeed_kmh": 40.0, "length_km": 0.28719145912378152 }, "geometry": { "type": "LineString", "coordinates": [ [ 138.6009561, -34.9740114 ], [ 138.6011555, -34.9765772 ] ] } },
{ "type": "Feature", "properties": { "osm_id": "28261029", "road_name": "Bowillia Avenue", "highway": "residential", "maxspeed_kmh": 40.0, "length_km": 0.17715348904847733 }, "geometry": { "type": "LineString", "coordinates": [ [ 138.6022668, -34.9749304 ], [ 138.6023917, -34.976513 ] ] } },
{ "type": "Feature", "properties": { "osm_id": "28261040", "road_name": "Garwood Street", "highway": "residential", "maxspeed_kmh": 40.0, "length_km": 0.1620916319826155 }, "geometry": { "type": "LineString", "coordinates": [ [ 138.604046, -34.97512480000001 ], [ 138.602286099999986, -34.9752103 ] ] } },
{ "type": "Feature", "properties": { "osm_id": "28261045", "road_name": "Jeffrey Street", "highway": "residential", "maxspeed_kmh": 40.0, "length_km": 0.28879435601199488 }, "geometry": { "type": "LineString", "coordinates": [ [ 138.6039032, -34.9738497 ], [ 138.604171400000013, -34.9764205 ] ] } },
{ "type": "Feature", "properties": { "osm_id": "28261091", "road_name": "Egmont Terrace", "highway": "residential", "maxspeed_kmh": 40.0, "length_km": 1.089656168503695 }, "geometry": { "type": "LineString", "coordinates": [ [ 138.6064327, -34.9763031 ], [ 138.6063687, -34.975474299999988 ], [ 138.599476399999986, -34.9686161 ] ] } },
{ "type": "Feature", "properties": { "osm_id": "28261099", "road_name": "Garwood Street", "highway": "residential", "maxspeed_kmh": 40.0, "length_km": 0.16799449113347045 }, "geometry": { "type": "LineString", "coordinates": [ [ 138.605835899999988, -34.9749795 ], [ 138.6040122, -34.9750721 ] ] } },
{ "type": "Feature", "properties": { "osm_id": "28261112", "road_name": "Hale Avenue", "highway": "residential", "maxspeed_kmh": 40.0, "length_km": 0.15196690534125776 }, "geometry": { "type": "LineString", "coordinates": [ [ 138.605022600000041, -34.9750208 ], [ 138.605226499999986, -34.976365699999988 ] ] } },
{ "type": "Feature", "properties": { "osm_id": "28311503", "road_name": "Little Grenfell Street", "highway": "service", "maxspeed_kmh": 40.0, "length_km": 0.39193739699214108 }, "geometry": { "type": "LineString", "coordinates": [ [ 138.619353600000011, -34.9206659 ], [ 138.6229665, -34.9188148 ] ] } },
{ "type": "Feature", "properties": { "osm_id": "28311505", "road_name": "Dew Street", "highway": "service", "maxspeed_kmh": 40.0, "length_km": 0.15527521210824119 }, "geometry": { "type": "LineString", "coordinates": [ [ 138.6216128, -34.9207724 ], [ 138.6230655, -34.9200805 ] ] } },
{ "type": "Feature", "properties": { "osm_id": "28311506", "road_name": "Little Dew Street", "highway": "service", "maxspeed_kmh": 40.0, "length_km": 0.11251664756755533 }, "geometry": { "type": "LineString", "coordinates": [ [ 138.6224331, -34.9213557 ], [ 138.622426100000013, -34.9203575 ] ] } },
{ "type": "Feature", "properties": { "osm_id": "28344426", "road_name": "Cheltenham Street", "highway": "residential", "maxspeed_kmh": 40.0, "length_km": 0.45086961600216918 }, "geometry": { "type": "LineString", "coordinates": [ [ 138.621146399999986, -34.9591787 ], [ 138.626041, -34.958943 ] ] } },
{ "type": "Feature", "properties": { "osm_id": "28344452", "road_name": "Euston Avenue", "highway": "residential", "maxspeed_kmh": 40.0, "length_km": 0.23307580326426669 }, "geometry": { "type": "LineString", "coordinates": [ [ 138.6237154, -34.9635278 ], [ 138.6262439, -34.9633827 ] ] } },
{ "type": "Feature", "properties": { "osm_id": "28417821", "road_name": "Abbotshall Road", "highway": "residential", "maxspeed_kmh": 40.0, "length_km": 0.28324714955699248 }, "geometry": { "type": "LineString", "coordinates": [ [ 138.6074652, -34.973698199999987 ], [ 138.6076115, -34.9762311 ] ] } },
{ "type": "Feature", "properties": { "osm_id": "28640626", "road_name": "Edmund Street", "highway": "residential", "maxspeed_kmh": 40.0, "length_km": 0.22159447144963701 }, "geometry": { "type": "LineString", "coordinates": [ [ 138.6239699, -34.916663 ], [ 138.624101700000011, -34.9186439 ] ] } },
{ "type": "Feature", "properties": { "osm_id": "28655572", "road_name": "Prosser Avenue", "highway": "residential", "maxspeed_kmh": 40.0, "length_km": 0.52789391382418627 }, "geometry": { "type": "LineString", "coordinates": [ [ 138.63943230000001, -34.9147958 ], [ 138.6395293, -34.9168333 ], [ 138.6362866, -34.9169932 ] ] } },
{ "type": "Feature", "properties": { "osm_id": "28655806", "road_name": "Pembroke Street", "highway": "residential", "maxspeed_kmh": 40.0, "length_km": 0.32805614360767849 }, "geometry": { "type": "LineString", "coordinates": [ [ 138.6557473, -34.9261851 ], [ 138.6555281, -34.9232535 ] ] } },
{ "type": "Feature", "properties": { "osm_id": "28656190", "road_name": "St Albyns Avenue", "highway": "residential", "maxspeed_kmh": 40.0, "length_km": 0.31193238533646384 }, "geometry": { "type": "LineString", "coordinates": [ [ 138.6372288, -34.93470760000001 ], [ 138.637382, -34.9374954 ] ] } },
{ "type": "Feature", "properties": { "osm_id": "28656204", "road_name": "Fergusson Square", "highway": "residential", "maxspeed_kmh": 40.0, "length_km": 0.40410830958765609 }, "geometry": { "type": "LineString", "coordinates": [ [ 138.6361876, -34.9365879 ], [ 138.63502, -34.936651 ], [ 138.6349509, -34.9358126 ], [ 138.636126499999989, -34.935745799999985 ], [ 138.6361876, -34.9365879 ] ] } },
{ "type": "Feature", "properties": { "osm_id": "28656206", "road_name": "Leighton Walk", "highway": "residential", "maxspeed_kmh": 40.0, "length_km": 0.14181943225168331 }, "geometry": { "type": "LineString", "coordinates": [ [ 138.637372199999987, -34.9373811 ], [ 138.6361876, -34.9365879 ] ] } },
{ "type": "Feature", "properties": { "osm_id": "28656207", "road_name": "Leighton Walk", "highway": "residential", "maxspeed_kmh": 40.0, "length_km": 0.14545062627949237 }, "geometry": { "type": "LineString", "coordinates": [ [ 138.6349509, -34.9358126 ], [ 138.633722200000022, -34.9350479 ] ] } },
{ "type": "Feature", "properties": { "osm_id": "28656209", "road_name": "Raymond Walk", "highway": "residential", "maxspeed_kmh": 40.0, "length_km": 0.14850499127345418 }, "geometry": { "type": "LineString", "coordinates": [ [ 138.63502, -34.936651 ], [ 138.634046900000016, -34.9376808 ] ] } },
{ "type": "Feature", "properties": { "osm_id": "28656210", "road_name": "Raymond Walk", "highway": "residential", "maxspeed_kmh": 40.0, "length_km": 0.14338451212512293 }, "geometry": { "type": "LineString", "coordinates": [ [ 138.636126499999989, -34.935745799999985 ], [ 138.637237, -34.9348682 ] ] } },
{ "type": "Feature", "properties": { "osm_id": "28656274", "road_name": "Mill Street", "highway": "residential", "maxspeed_kmh": 40.0, "length_km": 0.26992846797046538 }, "geometry": { "type": "LineString", "coordinates": [ [ 138.630458800000014, -34.9350489 ], [ 138.6306533, -34.9374602 ] ] } },
{ "type": "Feature", "properties": { "osm_id": "28656277", "road_name": "Dulcie Street", "highway": "residential", "maxspeed_kmh": 40.0, "length_km": 0.13929877147589886 }, "geometry": { "type": "LineString", "coordinates": [ [ 138.6317376, -34.936418 ], [ 138.6332509, -34.9363702 ] ] } },
{ "type": "Feature", "properties": { "osm_id": "28656377", "road_name": "Williams Avenue", "highway": "residential", "maxspeed_kmh": 40.0, "length_km": 0.19884370950536553 }, "geometry": { "type": "LineString", "coordinates": [ [ 138.627304400000014, -34.9368806 ], [ 138.6251473, -34.9369974 ] ] } },
{ "type": "Feature", "properties": { "osm_id": "28656386", "road_name": "Albert Street", "highway": "residential", "maxspeed_kmh": 40.0, "length_km": 0.19868907003236411 }, "geometry": { "type": "LineString", "coordinates": [ [ 138.6273711, -34.937902 ], [ 138.6252151, -34.938011600000017 ] ] } },
{ "type": "Feature", "properties": { "osm_id": "28656393", "road_name": "Swift Avenue", "highway": "residential", "maxspeed_kmh": 40.0, "length_km": 0.38761359159800995 }, "geometry": { "type": "LineString", "coordinates": [ [ 138.6251914, -34.9361521 ], [ 138.6293858, -34.9360081 ] ] } },
{ "type": "Feature", "properties": { "osm_id": "28681418", "road_name": "Gertrude Street", "highway": "residential", "maxspeed_kmh": 40.0, "length_km": 0.34047081845348826 }, "geometry": { "type": "LineString", "coordinates": [ [ 138.637919900000014, -34.9241173 ], [ 138.6380202, -34.9271379 ] ] } },
{ "type": "Feature", "properties": { "osm_id": "28681550", "road_name": "Brown Street", "highway": "residential", "maxspeed_kmh": 40.0, "length_km": 0.33639311802827893 }, "geometry": { "type": "LineString", "coordinates": [ [ 138.633420199999989, -34.9273613 ], [ 138.633221, -34.9243541 ] ] } },
{ "type": "Feature", "properties": { "osm_id": "28681597", "road_name": "Church Avenue", "highway": "residential", "maxspeed_kmh": 40.0, "length_km": 0.28249720544838641 }, "geometry": { "type": "LineString", "coordinates": [ [ 138.6333577, -34.9220361 ], [ 138.6334774, -34.9234843 ], [ 138.6331449, -34.9236073 ], [ 138.6331787, -34.9243561 ] ] } },
{ "type": "Feature", "properties": { "osm_id": "28682329", "road_name": "Ravenswood Avenue", "highway": "residential", "maxspeed_kmh": 40.0, "length_km": 0.13196880901542782 }, "geometry": { "type": "LineString", "coordinates": [ [ 138.624033500000024, -34.9205099 ], [ 138.624112200000013, -34.9216896 ] ] } },
{ "type": "Feature", "properties": { "osm_id": "28682383", "road_name": "Little Young Street", "highway": "service", "maxspeed_kmh": 40.0, "length_km": 0.18669081355667108 }, "geometry": { "type": "LineString", "coordinates": [ [ 138.6219554, -34.9218202 ], [ 138.620466, -34.92071 ] ] } },
{ "type": "Feature", "properties": { "osm_id": "28686430", "road_name": "Clarke Street", "highway": "residential", "maxspeed_kmh": 40.0, "length_km": 0.17112999880167035 }, "geometry": { "type": "LineString", "coordinates": [ [ 138.624652700000013, -34.9263269 ], [ 138.6245242, -34.9247985 ] ] } },
{ "type": "Feature", "properties": { "osm_id": "28686472", "road_name": "John Street", "highway": "residential", "maxspeed_kmh": 40.0, "length_km": 0.099415943275802346 }, "geometry": { "type": "LineString", "coordinates": [ [ 138.624652700000013, -34.9263269 ], [ 138.6257292, -34.9262688 ] ] } },
{ "type": "Feature", "properties": { "osm_id": "28686479", "road_name": "Sheppards Lane", "highway": "residential", "maxspeed_kmh": 40.0, "length_km": 0.21296746277342821 }, "geometry": { "type": "LineString", "coordinates": [ [ 138.626355400000023, -34.9277443 ], [ 138.626258299999989, -34.9262807 ], [ 138.6257292, -34.9262688 ] ] } },
{ "type": "Feature", "properties": { "osm_id": "28686625", "road_name": "Donegal Street", "highway": "residential", "maxspeed_kmh": 40.0, "length_km": 0.3380543937522183 }, "geometry": { "type": "LineString", "coordinates": [ [ 138.6403612, -34.9270242 ], [ 138.640117, -34.9240043 ] ] } },
{ "type": "Feature", "properties": { "osm_id": "28939162", "road_name": "Gordon Road", "highway": "residential", "maxspeed_kmh": 40.0, "length_km": 0.35911594758487364 }, "geometry": { "type": "LineString", "coordinates": [ [ 138.576012600000013, -34.9647191 ], [ 138.575818, -34.9615165 ] ] } },
{ "type": "Feature", "properties": { "osm_id": "28939164", "road_name": "Cowper Road", "highway": "residential", "maxspeed_kmh": 40.0, "length_km": 0.42638238180472088 }, "geometry": { "type": "LineString", "coordinates": [ [ 138.5773786, -34.9636346 ], [ 138.5727499, -34.9638571 ] ] } },
{ "type": "Feature", "properties": { "osm_id": "28939184", "road_name": "Lorraine Avenue", "highway": "residential", "maxspeed_kmh": 40.0, "length_km": 0.30209259367099167 }, "geometry": { "type": "LineString", "coordinates": [ [ 138.5782652, -34.9639246 ], [ 138.5815452, -34.9637763 ] ] } },
{ "type": "Feature", "properties": { "osm_id": "28939209", "road_name": "Langdon Avenue", "highway": "residential", "maxspeed_kmh": 40.0, "length_km": 0.33715877197218364 }, "geometry": { "type": "LineString", "coordinates": [ [ 138.5782208, -34.9645867 ], [ 138.5786315, -34.964572 ], [ 138.5788715, -34.9649046 ], [ 138.5816103, -34.9648081 ] ] } },
{ "type": "Feature", "properties": { "osm_id": "29000524", "road_name": "Millswood Crescent", "highway": "residential", "maxspeed_kmh": 40.0, "length_km": 0.65420602111003523 }, "geometry": { "type": "LineString", "coordinates": [ [ 138.5896722, -34.9588316 ], [ 138.588268199999987, -34.957374 ], [ 138.5873757, -34.9570992 ], [ 138.5867319, -34.9572917 ], [ 138.584424899999988, -34.959098 ] ] } },
{ "type": "Feature", "properties": { "osm_id": "29000581", "road_name": "Frederick Street", "highway": "residential", "maxspeed_kmh": 40.0, "length_km": 0.49395400325980221 }, "geometry": { "type": "LineString", "coordinates": [ [ 138.5820272, -34.9611239 ], [ 138.5823402, -34.9655383 ] ] } },
{ "type": "Feature", "properties": { "osm_id": "29000584", "road_name": "Birkdale Avenue", "highway": "residential", "maxspeed_kmh": 40.0, "length_km": 0.26126821457803295 }, "geometry": { "type": "LineString", "coordinates": [ [ 138.583406200000013, -34.9643093 ], [ 138.586241, -34.9641528 ] ] } },
{ "type": "Feature", "properties": { "osm_id": "29000770", "road_name": "Second Avenue", "highway": "residential", "maxspeed_kmh": 40.0, "length_km": 0.6425242978599347 }, "geometry": { "type": "LineString", "coordinates": [ [ 138.5786582, -34.9491116 ], [ 138.5790982, -34.9548466 ] ] } },
{ "type": "Feature", "properties": { "osm_id": "29000794", "road_name": "Third Avenue", "highway": "residential", "maxspeed_kmh": 40.0, "length_km": 0.33483403452321564 }, "geometry": { "type": "LineString", "coordinates": [ [ 138.5778511, -34.9554774 ], [ 138.5776117, -34.9524865 ] ] } },
{ "type": "Feature", "properties": { "osm_id": "29000802", "road_name": "Grove Avenue", "highway": "residential", "maxspeed_kmh": 40.0, "length_km": 0.21954439787157565 }, "geometry": { "type": "LineString", "coordinates": [ [ 138.5775376, -34.951459 ], [ 138.5766071, -34.951458100000011 ], [ 138.575614699999988, -34.9506097 ] ] } },
{ "type": "Feature", "properties": { "osm_id": "29000805", "road_name": "Hillsley Avenue", "highway": "residential", "maxspeed_kmh": 40.0, "length_km": 0.42211608813855722 }, "geometry": { "type": "LineString", "coordinates": [ [ 138.5764355, -34.9513807 ], [ 138.5732147, -34.953451 ], [ 138.5731716, -34.9538528 ] ] } },
{ "type": "Feature", "properties": { "osm_id": "29000811", "road_name": "Orchard Avenue", "highway": "residential", "maxspeed_kmh": 40.0, "length_km": 0.51093224866128595 }, "geometry": { "type": "LineString", "coordinates": [ [ 138.5776937, -34.9536372 ], [ 138.572147199999989, -34.953893399999984 ] ] } },
{ "type": "Feature", "properties": { "osm_id": "29000812", "road_name": "Africaine Avenue", "highway": "residential", "maxspeed_kmh": 40.0, "length_km": 0.17848029637314469 }, "geometry": { "type": "LineString", "coordinates": [ [ 138.5753354, -34.953754599999989 ], [ 138.57521, -34.952160199999987 ] ] } },
{ "type": "Feature", "properties": { "osm_id": "29000814", "road_name": "Nibley Avenue", "highway": "residential", "maxspeed_kmh": 40.0, "length_km": 0.10674039065313227 }, "geometry": { "type": "LineString", "coordinates": [ [ 138.5752584, -34.9528196 ], [ 138.5741002, -34.9528806 ] ] } },
{ "type": "Feature", "properties": { "osm_id": "29000853", "road_name": "Irwin Avenue", "highway": "residential", "maxspeed_kmh": 40.0, "length_km": 0.17934156352978101 }, "geometry": { "type": "LineString", "coordinates": [ [ 138.5830071, -34.9591767 ], [ 138.582640700000013, -34.9588505 ], [ 138.581232, -34.9589083 ] ] } },
{ "type": "Feature", "properties": { "osm_id": "29000863", "road_name": "Coulter Avenue", "highway": "residential", "maxspeed_kmh": 40.0, "length_km": 0.28376047971445989 }, "geometry": { "type": "LineString", "coordinates": [ [ 138.5787617, -34.9590563 ], [ 138.5789519, -34.9615917 ] ] } },
{ "type": "Feature", "properties": { "osm_id": "29000877", "road_name": "Homer Road", "highway": "residential", "maxspeed_kmh": 40.0, "length_km": 0.40998205456576564 }, "geometry": { "type": "LineString", "coordinates": [ [ 138.5775703, -34.9670641 ], [ 138.5773505, -34.9640776 ], [ 138.578163, -34.963995 ] ] } },
{ "type": "Feature", "properties": { "osm_id": "29025068", "road_name": "Elford Street", "highway": "residential", "maxspeed_kmh": 40.0, "length_km": 0.15521797509425514 }, "geometry": { "type": "LineString", "coordinates": [ [ 138.6600427, -34.91475 ], [ 138.658359100000013, -34.9148396 ] ] } },
{ "type": "Feature", "properties": { "osm_id": "29025077", "road_name": "Cotham Avenue", "highway": "residential", "maxspeed_kmh": 40.0, "length_km": 0.20352728045906027 }, "geometry": { "type": "LineString", "coordinates": [ [ 138.658427, -34.9159754 ], [ 138.6562185, -34.9160811 ] ] } },
{ "type": "Feature", "properties": { "osm_id": "29025096", "road_name": "Bayly Street", "highway": "residential", "maxspeed_kmh": 40.0, "length_km": 0.15673318807813622 }, "geometry": { "type": "LineString", "coordinates": [ [ 138.6584061, -34.9156743 ], [ 138.660106, -34.9155819 ] ] } },
{ "type": "Feature", "properties": { "osm_id": "29084993", "road_name": "Oval Terrace", "highway": "residential", "maxspeed_kmh": 40.0, "length_km": 0.18482208484969251 }, "geometry": { "type": "LineString", "coordinates": [ [ 138.651091900000011, -34.9234797 ], [ 138.6510443, -34.9218311 ] ] } },
{ "type": "Feature", "properties": { "osm_id": "29102294", "road_name": "Heywood Avenue", "highway": "residential", "maxspeed_kmh": 40.0, "length_km": 0.15099581281108168 }, "geometry": { "type": "LineString", "coordinates": [ [ 138.6023267, -34.9630017 ], [ 138.6006882, -34.9630903 ] ] } },
{ "type": "Feature", "properties": { "osm_id": "29115742", "road_name": "Kingsley Avenue", "highway": "residential", "maxspeed_kmh": 40.0, "length_km": 0.070070632482946676 }, "geometry": { "type": "LineString", "coordinates": [ [ 138.6393315, -34.9455447 ], [ 138.639541799999989, -34.9461413 ] ] } },
{ "type": "Feature", "properties": { "osm_id": "29115746", "road_name": "Kingsley Avenue", "highway": "residential", "maxspeed_kmh": 40.0, "length_km": 0.26152896926454633 }, "geometry": { "type": "LineString", "coordinates": [ [ 138.639541799999989, -34.9461413 ], [ 138.64129650000001, -34.9479589 ] ] } },
{ "type": "Feature", "properties": { "osm_id": "29115794", "road_name": "LeRoy Street", "highway": "residential", "maxspeed_kmh": 40.0, "length_km": 0.27452353915683608 }, "geometry": { "type": "LineString", "coordinates": [ [ 138.640691299999986, -34.9474179 ], [ 138.637745, -34.94772050000001 ] ] } },
{ "type": "Feature", "properties": { "osm_id": "29115813", "road_name": "Cedar Avenue", "highway": "residential", "maxspeed_kmh": 40.0, "length_km": 0.44759203151262728 }, "geometry": { "type": "LineString", "coordinates": [ [ 138.639481100000012, -34.9475094 ], [ 138.6397853, -34.9515087 ] ] } },
{ "type": "Feature", "properties": { "osm_id": "29115819", "road_name": "Ashmore Street", "highway": "residential", "maxspeed_kmh": 40.0, "length_km": 0.1632667766404606 }, "geometry": { "type": "LineString", "coordinates": [ [ 138.63773710000001, -34.947601299999988 ], [ 138.635964199999989, -34.9476764 ] ] } },
{ "type": "Feature", "properties": { "osm_id": "29115834", "road_name": "Trevorten Avenue", "highway": "residential", "maxspeed_kmh": 40.0, "length_km": 0.29422472053916621 }, "geometry": { "type": "LineString", "coordinates": [ [ 138.6366298, -34.9544472 ], [ 138.6398177, -34.9542414 ] ] } },
{ "type": "Feature", "properties": { "osm_id": "29115841", "road_name": "Bethune Avenue", "highway": "residential", "maxspeed_kmh": 40.0, "length_km": 0.35206192744187831 }, "geometry": { "type": "LineString", "coordinates": [ [ 138.6397464, -34.953230099999985 ], [ 138.6399946, -34.956375 ] ] } },
{ "type": "Feature", "properties": { "osm_id": "29115842", "road_name": "Dalaston Avenue", "highway": "residential", "maxspeed_kmh": 40.0, "length_km": 0.19304347744625375 }, "geometry": { "type": "LineString", "coordinates": [ [ 138.639936, -34.9553534 ], [ 138.637839500000013, -34.9554414 ] ] } },
{ "type": "Feature", "properties": { "osm_id": "29120902", "road_name": "Lewis Avenue", "highway": "residential", "maxspeed_kmh": 40.0, "length_km": 0.22570398776893763 }, "geometry": { "type": "LineString", "coordinates": [ [ 138.6426846, -34.958647300000017 ], [ 138.6402382, -34.95878720000001 ] ] } },
{ "type": "Feature", "properties": { "osm_id": "29121164", "road_name": "Eringa Avenue", "highway": "residential", "maxspeed_kmh": 40.0, "length_km": 0.19130283616796684 }, "geometry": { "type": "LineString", "coordinates": [ [ 138.6417524, -34.9514101 ], [ 138.641891500000014, -34.953119 ] ] } },
{ "type": "Feature", "properties": { "osm_id": "29123666", "road_name": null, "highway": "residential", "maxspeed_kmh": 40.0, "length_km": 0.059426449194591537 }, "geometry": { "type": "LineString", "coordinates": [ [ 138.628728700000011, -34.9507627 ], [ 138.6286667, -34.9506722 ], [ 138.6288669, -34.9506457 ], [ 138.628873, -34.950737399999987 ], [ 138.628728700000011, -34.9507627 ] ] } },
{ "type": "Feature", "properties": { "osm_id": "29123668", "road_name": "Florence Street", "highway": "residential", "maxspeed_kmh": 40.0, "length_km": 0.30216077623157117 }, "geometry": { "type": "LineString", "coordinates": [ [ 138.628896, -34.950692400000015 ], [ 138.6321183, -34.9504307 ] ] } },
{ "type": "Feature", "properties": { "osm_id": "29218838", "road_name": "Mann Street", "highway": "residential", "maxspeed_kmh": 40.0, "length_km": 0.14767394408735007 }, "geometry": { "type": "LineString", "coordinates": [ [ 138.6022505, -34.9564576 ], [ 138.60214, -34.9551387 ] ] } },
{ "type": "Feature", "properties": { "osm_id": "29218840", "road_name": "Enterprise Street", "highway": "residential", "maxspeed_kmh": 40.0, "length_km": 0.14742846169900628 }, "geometry": { "type": "LineString", "coordinates": [ [ 138.602865, -34.9551034 ], [ 138.6029823, -34.9564197 ] ] } },
{ "type": "Feature", "properties": { "osm_id": "29218846", "road_name": "Gully Street", "highway": "unclassified", "maxspeed_kmh": 40.0, "length_km": 0.072995897223222417 }, "geometry": { "type": "LineString", "coordinates": [ [ 138.6054682, -34.9562913 ], [ 138.6054203, -34.955639 ] ] } },
{ "type": "Feature", "properties": { "osm_id": "29218849", "road_name": "Russell Street", "highway": "residential", "maxspeed_kmh": 40.0, "length_km": 0.14123741101752482 }, "geometry": { "type": "LineString", "coordinates": [ [ 138.6023839, -34.9551268 ], [ 138.6022931, -34.95386460000001 ] ] } },
{ "type": "Feature", "properties": { "osm_id": "29218881", "road_name": "Cleland Avenue", "highway": "residential", "maxspeed_kmh": 40.0, "length_km": 0.1330017876338746 }, "geometry": { "type": "LineString", "coordinates": [ [ 138.6015596, -34.9485942 ], [ 138.6014851, -34.9474051 ] ] } },
{ "type": "Feature", "properties": { "osm_id": "29218882", "road_name": "Oak Avenue", "highway": "residential", "maxspeed_kmh": 40.0, "length_km": 0.21232519755693535 }, "geometry": { "type": "LineString", "coordinates": [ [ 138.6026762, -34.948536 ], [ 138.602816600000011, -34.9504333 ] ] } },
{ "type": "Feature", "properties": { "osm_id": "29218903", "road_name": "Ramage Street", "highway": "residential", "maxspeed_kmh": 40.0, "length_km": 0.21266996642983427 }, "geometry": { "type": "LineString", "coordinates": [ [ 138.603987100000012, -34.9484668 ], [ 138.6041213, -34.9503675 ] ] } },
{ "type": "Feature", "properties": { "osm_id": "29218905", "road_name": "Little Charles Street", "highway": "service", "maxspeed_kmh": 40.0, "length_km": 0.087161146721652871 }, "geometry": { "type": "LineString", "coordinates": [ [ 138.6054054, -34.9483938 ], [ 138.605341, -34.9476153 ] ] } },
{ "type": "Feature", "properties": { "osm_id": "29218923", "road_name": "Austell Street", "highway": "residential", "maxspeed_kmh": 40.0, "length_km": 0.10273253129409311 }, "geometry": { "type": "LineString", "coordinates": [ [ 138.605292, -34.9493208 ], [ 138.6052096, -34.9484036 ] ] } },
{ "type": "Feature", "properties": { "osm_id": "29219097", "road_name": "Roberts Street", "highway": "residential", "maxspeed_kmh": 40.0, "length_km": 0.18384807464971836 }, "geometry": { "type": "LineString", "coordinates": [ [ 138.6028996, -34.9466506 ], [ 138.602775400000013, -34.9450079 ] ] } },
{ "type": "Feature", "properties": { "osm_id": "29219100", "road_name": "Palmerston Road", "highway": "residential", "maxspeed_kmh": 40.0, "length_km": 0.37764739937004571 }, "geometry": { "type": "LineString", "coordinates": [ [ 138.603791199999989, -34.9411729 ], [ 138.6040305, -34.944548 ] ] } },
{ "type": "Feature", "properties": { "osm_id": "29219106", "road_name": "Hughes Lane", "highway": "service", "maxspeed_kmh": 40.0, "length_km": 0.11833771885084843 }, "geometry": { "type": "LineString", "coordinates": [ [ 138.6040878, -34.945316 ], [ 138.6028039, -34.9453847 ] ] } },
{ "type": "Feature", "properties": { "osm_id": "29219107", "road_name": "Palmerston Place", "highway": "service", "maxspeed_kmh": 40.0, "length_km": 0.45616407849312202 }, "geometry": { "type": "LineString", "coordinates": [ [ 138.604925, -34.9471118 ], [ 138.6046059, -34.9430365 ] ] } },
{ "type": "Feature", "properties": { "osm_id": "29219110", "road_name": "Salisbury Street", "highway": "residential", "maxspeed_kmh": 40.0, "length_km": 0.18102314985241336 }, "geometry": { "type": "LineString", "coordinates": [ [ 138.6056135, -34.9465116 ], [ 138.605488, -34.9448943 ] ] } },
{ "type": "Feature", "properties": { "osm_id": "29219112", "road_name": "Irwin Lane", "highway": "service", "maxspeed_kmh": 40.0, "length_km": 0.53009068044122132 }, "geometry": { "type": "LineString", "coordinates": [ [ 138.605998200000016, -34.9417371 ], [ 138.6063404, -34.9464743 ] ] } },
{ "type": "Feature", "properties": { "osm_id": "29219113", "road_name": "Miller Street", "highway": "residential", "maxspeed_kmh": 40.0, "length_km": 0.36759591095707217 }, "geometry": { "type": "LineString", "coordinates": [ [ 138.600336700000014, -34.9448779 ], [ 138.6022388, -34.9420226 ] ] } },
{ "type": "Feature", "properties": { "osm_id": "29219125", "road_name": "Miller Place", "highway": "service", "maxspeed_kmh": 40.0, "length_km": 0.35590343441476341 }, "geometry": { "type": "LineString", "coordinates": [ [ 138.6011818, -34.9419589 ], [ 138.60007920000001, -34.944030799999986 ], [ 138.600118400000014, -34.9449494 ] ] } },
{ "type": "Feature", "properties": { "osm_id": "29219140", "road_name": "Roberts Lane", "highway": "service", "maxspeed_kmh": 40.0, "length_km": 0.22842191082946739 }, "geometry": { "type": "LineString", "coordinates": [ [ 138.6015281, -34.9443007 ], [ 138.6040056, -34.9441593 ] ] } },
{ "type": "Feature", "properties": { "osm_id": "29219143", "road_name": "Roberts Place", "highway": "service", "maxspeed_kmh": 40.0, "length_km": 0.19425838792629396 }, "geometry": { "type": "LineString", "coordinates": [ [ 138.6033617, -34.944196 ], [ 138.603224399999988, -34.9424606 ] ] } },
{ "type": "Feature", "properties": { "osm_id": "29220175", "road_name": "Kneebone Street", "highway": "residential", "maxspeed_kmh": 40.0, "length_km": 0.13565507051374465 }, "geometry": { "type": "LineString", "coordinates": [ [ 138.5986456, -34.9534515 ], [ 138.5988183, -34.9536309 ], [ 138.5993901, -34.9535968 ], [ 138.5993616, -34.953119 ] ] } },
{ "type": "Feature", "properties": { "osm_id": "29230957", "road_name": "Barrow Street", "highway": "residential", "maxspeed_kmh": 40.0, "length_km": 0.12309527058055209 }, "geometry": { "type": "LineString", "coordinates": [ [ 138.603510199999988, -34.9534147 ], [ 138.6034257, -34.9523149 ] ] } },
{ "type": "Feature", "properties": { "osm_id": "29231015", "road_name": "Allen Grove", "highway": "residential", "maxspeed_kmh": 40.0, "length_km": 0.082032734953940672 }, "geometry": { "type": "LineString", "coordinates": [ [ 138.6024257, -34.9531102 ], [ 138.6023601, -34.9523778 ] ] } },
{ "type": "Feature", "properties": { "osm_id": "29231081", "road_name": "Tyne Place", "highway": "service", "maxspeed_kmh": 40.0, "length_km": 0.070017557957667786 }, "geometry": { "type": "LineString", "coordinates": [ [ 138.6023137, -34.948554399999985 ], [ 138.6022702, -34.9479286 ] ] } },
{ "type": "Feature", "properties": { "osm_id": "29231418", "road_name": "Maple Avenue", "highway": "residential", "maxspeed_kmh": 40.0, "length_km": 0.6355316406385495 }, "geometry": { "type": "LineString", "coordinates": [ [ 138.583927, -34.9488476 ], [ 138.5837754, -34.9478889 ], [ 138.5786846, -34.948144099999986 ], [ 138.5781351, -34.947891 ] ] } },
{ "type": "Feature", "properties": { "osm_id": "29231436", "road_name": "Cooke Terrace", "highway": "residential", "maxspeed_kmh": 40.0, "length_km": 0.11660765708689255 }, "geometry": { "type": "LineString", "coordinates": [ [ 138.5834692, -34.9423586 ], [ 138.5836497, -34.9433918 ] ] } },
{ "type": "Feature", "properties": { "osm_id": "29231601", "road_name": "Railway Terrace North", "highway": "residential", "maxspeed_kmh": 40.0, "length_km": 0.42939901227050981 }, "geometry": { "type": "LineString", "coordinates": [ [ 138.5853071, -34.9517208 ], [ 138.589292199999988, -34.9497183 ] ] } },
{ "type": "Feature", "properties": { "osm_id": "29275681", "road_name": "Thames Street", "highway": "residential", "maxspeed_kmh": 40.0, "length_km": 0.2612660874442595 }, "geometry": { "type": "LineString", "coordinates": [ [ 138.5871002, -34.9652882 ], [ 138.5869203, -34.962954 ] ] } },
{ "type": "Feature", "properties": { "osm_id": "29275682", "road_name": "Overbury Drive", "highway": "residential", "maxspeed_kmh": 40.0, "length_km": 0.067020740826661221 }, "geometry": { "type": "LineString", "coordinates": [ [ 138.5890474, -34.9637189 ], [ 138.5883275, -34.9637581 ] ] } },
{ "type": "Feature", "properties": { "osm_id": "29275685", "road_name": "Avondale Street", "highway": "residential", "maxspeed_kmh": 40.0, "length_km": 0.16031899227761348 }, "geometry": { "type": "LineString", "coordinates": [ [ 138.588038899999987, -34.962888 ], [ 138.587936, -34.9614553 ] ] } },
{ "type": "Feature", "properties": { "osm_id": "29275686", "road_name": "Henry Street", "highway": "residential", "maxspeed_kmh": 40.0, "length_km": 0.13355758987825647 }, "geometry": { "type": "LineString", "coordinates": [ [ 138.589090199999987, -34.9643825 ], [ 138.587641100000013, -34.9644629 ] ] } },
{ "type": "Feature", "properties": { "osm_id": "29275689", "road_name": "James Street", "highway": "residential", "maxspeed_kmh": 40.0, "length_km": 0.16181542071493249 }, "geometry": { "type": "LineString", "coordinates": [ [ 138.5870964, -34.9629436 ], [ 138.5869911, -34.9614976 ] ] } },
{ "type": "Feature", "properties": { "osm_id": "29275692", "road_name": "Kelvin Avenue", "highway": "residential", "maxspeed_kmh": 40.0, "length_km": 0.061509481732768982 }, "geometry": { "type": "LineString", "coordinates": [ [ 138.582125499999989, -34.9625104 ], [ 138.581457199999988, -34.9625331 ] ] } },
{ "type": "Feature", "properties": { "osm_id": "29275693", "road_name": "Kelvin Avenue", "highway": "residential", "maxspeed_kmh": 40.0, "length_km": 0.21210243349551311 }, "geometry": { "type": "LineString", "coordinates": [ [ 138.5814585, -34.9625522 ], [ 138.579162, -34.9626208 ] ] } },
{ "type": "Feature", "properties": { "osm_id": "29275696", "road_name": "Rosslyn Avenue", "highway": "residential", "maxspeed_kmh": 40.0, "length_km": 0.20249110157407407 }, "geometry": { "type": "LineString", "coordinates": [ [ 138.578310499999986, -34.9657135 ], [ 138.5805057, -34.9656512 ] ] } },
{ "type": "Feature", "properties": { "osm_id": "29275698", "road_name": "Oakfield Avenue", "highway": "residential", "maxspeed_kmh": 40.0, "length_km": 0.21874412259195739 }, "geometry": { "type": "LineString", "coordinates": [ [ 138.5804283, -34.9648854 ], [ 138.5805818, -34.9668393 ] ] } },
{ "type": "Feature", "properties": { "osm_id": "29275700", "road_name": "Margaret Street", "highway": "residential", "maxspeed_kmh": 40.0, "length_km": 0.13619147364771753 }, "geometry": { "type": "LineString", "coordinates": [ [ 138.579446499999989, -34.965668 ], [ 138.579543, -34.9668846 ] ] } },
{ "type": "Feature", "properties": { "osm_id": "29334555", "road_name": "Sackville Street", "highway": "residential", "maxspeed_kmh": 40.0, "length_km": 0.30890730028482166 }, "geometry": { "type": "LineString", "coordinates": [ [ 138.552393200000012, -34.888057899999986 ], [ 138.5544932, -34.8859023 ] ] } },
{ "type": "Feature", "properties": { "osm_id": "29334556", "road_name": "Cavendish Street", "highway": "residential", "maxspeed_kmh": 40.0, "length_km": 0.2326760224229262 }, "geometry": { "type": "LineString", "coordinates": [ [ 138.555002300000012, -34.8870935 ], [ 138.553053299999988, -34.8857673 ] ] } },
{ "type": "Feature", "properties": { "osm_id": "29334557", "road_name": "Aroona Road", "highway": "residential", "maxspeed_kmh": 40.0, "length_km": 0.74508415953642926 }, "geometry": { "type": "LineString", "coordinates": [ [ 138.5577669, -34.8809579 ], [ 138.5526659, -34.8861304 ] ] } },
{ "type": "Feature", "properties": { "osm_id": "29334559", "road_name": "Mundulla Street", "highway": "residential", "maxspeed_kmh": 40.0, "length_km": 0.3945839998075758 }, "geometry": { "type": "LineString", "coordinates": [ [ 138.5526659, -34.8861304 ], [ 138.5493069, -34.8839635 ] ] } },
{ "type": "Feature", "properties": { "osm_id": "29490764", "road_name": "Bertie Street", "highway": "residential", "maxspeed_kmh": 40.0, "length_km": 0.20098239653681194 }, "geometry": { "type": "LineString", "coordinates": [ [ 138.5639873, -34.9021298 ], [ 138.5642499, -34.9003682 ] ] } },
{ "type": "Feature", "properties": { "osm_id": "29491497", "road_name": "Rose Street", "highway": "residential", "maxspeed_kmh": 40.0, "length_km": 0.098256975900154572 }, "geometry": { "type": "LineString", "coordinates": [ [ 138.568497, -34.901558 ], [ 138.567811, -34.9022319 ] ] } },
{ "type": "Feature", "properties": { "osm_id": "29491793", "road_name": "Hawker Street", "highway": "tertiary", "maxspeed_kmh": 40.0, "length_km": 1.0687695548478444 }, "geometry": { "type": "LineString", "coordinates": [ [ 138.578840899999989, -34.89873140000001 ], [ 138.5737461, -34.8953063 ], [ 138.569690900000012, -34.8928459 ] ] } },
{ "type": "Feature", "properties": { "osm_id": "29491794", "road_name": "Hawker Street", "highway": "tertiary", "maxspeed_kmh": 40.0, "length_km": 0.13565588337851631 }, "geometry": { "type": "LineString", "coordinates": [ [ 138.5799575, -34.8995217 ], [ 138.578840899999989, -34.89873140000001 ] ] } },
{ "type": "Feature", "properties": { "osm_id": "29491795", "road_name": "Hawker Street", "highway": "tertiary", "maxspeed_kmh": 40.0, "length_km": 0.41870059351668798 }, "geometry": { "type": "LineString", "coordinates": [ [ 138.583162, -34.902071 ], [ 138.5803084, -34.9001912 ], [ 138.5799575, -34.8995217 ] ] } },
{ "type": "Feature", "properties": { "osm_id": "29492308", "road_name": "Second Street", "highway": "residential", "maxspeed_kmh": 40.0, "length_km": 0.50857919440506827 }, "geometry": { "type": "LineString", "coordinates": [ [ 138.5699114, -34.8986175 ], [ 138.5742165, -34.901471799999989 ] ] } },
{ "type": "Feature", "properties": { "osm_id": "29492311", "road_name": "Second Street", "highway": "residential", "maxspeed_kmh": 40.0, "length_km": 0.1000592925250844 }, "geometry": { "type": "LineString", "coordinates": [ [ 138.576502799999986, -34.9029959 ], [ 138.5773676, -34.9035388 ] ] } },
{ "type": "Feature", "properties": { "osm_id": "29492484", "road_name": "Sixth Street", "highway": "residential", "maxspeed_kmh": 40.0, "length_km": 0.14979248370112486 }, "geometry": { "type": "LineString", "coordinates": [ [ 138.577458900000011, -34.9034472 ], [ 138.578736, -34.9042769 ] ] } },
{ "type": "Feature", "properties": { "osm_id": "29492934", "road_name": "Hawker Street", "highway": "tertiary", "maxspeed_kmh": 40.0, "length_km": 0.029882071281614891 }, "geometry": { "type": "LineString", "coordinates": [ [ 138.583162, -34.902071 ], [ 138.5834351, -34.9022157 ] ] } },
{ "type": "Feature", "properties": { "osm_id": "30093635", "road_name": "Brown Hill Creek Road", "highway": "residential", "maxspeed_kmh": 40.0, "length_km": 0.94681429909991066 }, "geometry": { "type": "LineString", "coordinates": [ [ 138.6292718, -34.9905301 ], [ 138.6288149, -34.990199 ], [ 138.6285373, -34.9895893 ], [ 138.6285675, -34.9875039 ], [ 138.6282443, -34.9864892 ], [ 138.6272713, -34.9856415 ], [ 138.6268354, -34.9847713 ], [ 138.6254045, -34.9831209 ] ] } },
{ "type": "Feature", "properties": { "osm_id": "30093636", "road_name": "Brown Hill Creek Road", "highway": "residential", "maxspeed_kmh": 40.0, "length_km": 0.019273301467933365 }, "geometry": { "type": "LineString", "coordinates": [ [ 138.62935, -34.9906902 ], [ 138.6292718, -34.9905301 ] ] } },
{ "type": "Feature", "properties": { "osm_id": "30159637", "road_name": "Rosedale Place", "highway": "residential", "maxspeed_kmh": 40.0, "length_km": 0.19856999088865304 }, "geometry": { "type": "LineString", "coordinates": [ [ 138.6715518, -34.9142007 ], [ 138.670540499999987, -34.914220700000016 ], [ 138.6704368, -34.9132923 ] ] } },
{ "type": "Feature", "properties": { "osm_id": "30159647", "road_name": "Pepper Street", "highway": "residential", "maxspeed_kmh": 40.0, "length_km": 0.35909858177768617 }, "geometry": { "type": "LineString", "coordinates": [ [ 138.6752358, -34.9181877 ], [ 138.6749702, -34.914980199999988 ] ] } },
{ "type": "Feature", "properties": { "osm_id": "30159676", "road_name": "David Street", "highway": "residential", "maxspeed_kmh": 40.0, "length_km": 0.19839793836332872 }, "geometry": { "type": "LineString", "coordinates": [ [ 138.676422300000013, -34.9181292 ], [ 138.6742729, -34.918248599999984 ] ] } },
{ "type": "Feature", "properties": { "osm_id": "30159678", "road_name": "Henry Martin Square", "highway": "residential", "maxspeed_kmh": 40.0, "length_km": 0.28223342121213058 }, "geometry": { "type": "LineString", "coordinates": [ [ 138.6742729, -34.918248599999984 ], [ 138.6741926, -34.9173904 ], [ 138.6737477, -34.9173894 ], [ 138.6738124, -34.9182837 ], [ 138.6742729, -34.918248599999984 ] ] } },
{ "type": "Feature", "properties": { "osm_id": "30159679", "road_name": "Warburton Street", "highway": "residential", "maxspeed_kmh": 40.0, "length_km": 0.18427038322282066 }, "geometry": { "type": "LineString", "coordinates": [ [ 138.6722177, -34.9169835 ], [ 138.6723326, -34.9174252 ], [ 138.6737477, -34.9173894 ] ] } },
{ "type": "Feature", "properties": { "osm_id": "30159689", "road_name": "Fort Avenue", "highway": "residential", "maxspeed_kmh": 40.0, "length_km": 0.39525519789143476 }, "geometry": { "type": "LineString", "coordinates": [ [ 138.6669499, -34.9172326 ], [ 138.6667822, -34.9145205 ], [ 138.6657845, -34.9145689 ] ] } },
{ "type": "Feature", "properties": { "osm_id": "30356725", "road_name": "Coglin Street", "highway": "residential", "maxspeed_kmh": 40.0, "length_km": 0.16813470079887485 }, "geometry": { "type": "LineString", "coordinates": [ [ 138.5701124, -34.9018047 ], [ 138.568974700000012, -34.9029821 ] ] } },
{ "type": "Feature", "properties": { "osm_id": "30356820", "road_name": "Coglin Street", "highway": "residential", "maxspeed_kmh": 40.0, "length_km": 0.47272692464811206 }, "geometry": { "type": "LineString", "coordinates": [ [ 138.5736458, -34.8982767 ], [ 138.5703751, -34.9015391 ] ] } },
{ "type": "Feature", "properties": { "osm_id": "30357696", "road_name": "First Street", "highway": "residential", "maxspeed_kmh": 40.0, "length_km": 0.64627420632949539 }, "geometry": { "type": "LineString", "coordinates": [ [ 138.56848930000001, -34.9001069 ], [ 138.5717316, -34.902585599999988 ], [ 138.5719019, -34.9028778 ], [ 138.5736207, -34.9040165 ] ] } },
{ "type": "Feature", "properties": { "osm_id": "30369054", "road_name": null, "highway": "service", "maxspeed_kmh": 40.0, "length_km": 0.41189749828778216 }, "geometry": { "type": "LineString", "coordinates": [ [ 138.6971666, -34.966255500000017 ], [ 138.69741350000001, -34.9655441 ], [ 138.697953, -34.9651493 ], [ 138.6985489, -34.9650066 ], [ 138.6988514, -34.9665708 ], [ 138.699067500000012, -34.9666723 ] ] } },
{ "type": "Feature", "properties": { "osm_id": "30414521", "road_name": "Lancelot Street", "highway": "unclassified", "maxspeed_kmh": 40.0, "length_km": 0.1716887521363325 }, "geometry": { "type": "LineString", "coordinates": [ [ 138.546827900000011, -34.8910507 ], [ 138.54497520000001, -34.8911843 ] ] } },
{ "type": "Feature", "properties": { "osm_id": "30636548", "road_name": "Harris Avenue", "highway": "residential", "maxspeed_kmh": 40.0, "length_km": 0.059938375301972324 }, "geometry": { "type": "LineString", "coordinates": [ [ 138.5312174, -34.8873388 ], [ 138.5305874, -34.887428199999988 ] ] } },
{ "type": "Feature", "properties": { "osm_id": "30680676", "road_name": "Bond Street", "highway": "residential", "maxspeed_kmh": 40.0, "length_km": 0.14059006502429824 }, "geometry": { "type": "LineString", "coordinates": [ [ 138.5640401, -34.9021889 ], [ 138.565564200000011, -34.9022739 ] ] } },
{ "type": "Feature", "properties": { "osm_id": "30754516", "road_name": "Aberfeldy Avenue", "highway": "residential", "maxspeed_kmh": 40.0, "length_km": 0.13248465268990067 }, "geometry": { "type": "LineString", "coordinates": [ [ 138.5339386, -34.8770407 ], [ 138.532513200000011, -34.8771665 ] ] } },
{ "type": "Feature", "properties": { "osm_id": "30754522", "road_name": "Diana Street", "highway": "residential", "maxspeed_kmh": 40.0, "length_km": 0.11379524766765491 }, "geometry": { "type": "LineString", "coordinates": [ [ 138.5330124, -34.8790198 ], [ 138.53379, -34.8782297 ] ] } },
{ "type": "Feature", "properties": { "osm_id": "30754603", "road_name": "Rodney Street", "highway": "residential", "maxspeed_kmh": 40.0, "length_km": 0.18241147457044213 }, "geometry": { "type": "LineString", "coordinates": [ [ 138.5361955, -34.87633490000001 ], [ 138.5349481, -34.8776035 ] ] } },
{ "type": "Feature", "properties": { "osm_id": "30754637", "road_name": "Russell Terrace", "highway": "residential", "maxspeed_kmh": 40.0, "length_km": 0.33281468230251021 }, "geometry": { "type": "LineString", "coordinates": [ [ 138.5383832, -34.8777084 ], [ 138.540983899999986, -34.8797631 ] ] } },
{ "type": "Feature", "properties": { "osm_id": "30754772", "road_name": "Jersey Terrace", "highway": "residential", "maxspeed_kmh": 40.0, "length_km": 0.12467316393198097 }, "geometry": { "type": "LineString", "coordinates": [ [ 138.5348739, -34.8760916 ], [ 138.5341118, -34.8769984 ] ] } },
{ "type": "Feature", "properties": { "osm_id": "30754774", "road_name": "Yarinda Street", "highway": "residential", "maxspeed_kmh": 40.0, "length_km": 0.18684547148161809 }, "geometry": { "type": "LineString", "coordinates": [ [ 138.53590650000001, -34.8782516 ], [ 138.5371505, -34.8769356 ] ] } },
{ "type": "Feature", "properties": { "osm_id": "30780831", "road_name": "Bolingbroke Avenue", "highway": "residential", "maxspeed_kmh": 40.0, "length_km": 0.44307344082981764 }, "geometry": { "type": "LineString", "coordinates": [ [ 138.580294900000013, -34.8851862 ], [ 138.5805619, -34.8891433 ] ] } },
{ "type": "Feature", "properties": { "osm_id": "31986882", "road_name": "Allan Street", "highway": "residential", "maxspeed_kmh": 40.0, "length_km": 0.27679095684950761 }, "geometry": { "type": "LineString", "coordinates": [ [ 138.5066314, -34.877074 ], [ 138.506802099999987, -34.8795475 ] ] } },
{ "type": "Feature", "properties": { "osm_id": "31986883", "road_name": "Risely Avenue", "highway": "residential", "maxspeed_kmh": 40.0, "length_km": 0.56582462571175318 }, "geometry": { "type": "LineString", "coordinates": [ [ 138.506692, -34.87789 ], [ 138.5105695, -34.8776901 ], [ 138.510872299999988, -34.8773872 ], [ 138.5107741, -34.8759244 ] ] } },
{ "type": "Feature", "properties": { "osm_id": "31986989", "road_name": "Albert Street", "highway": "residential", "maxspeed_kmh": 40.0, "length_km": 0.23234778313852197 }, "geometry": { "type": "LineString", "coordinates": [ [ 138.5141495, -34.8817269 ], [ 138.5140008, -34.8796508 ] ] } },
{ "type": "Feature", "properties": { "osm_id": "31987099", "road_name": "Arnold Street", "highway": "residential", "maxspeed_kmh": 40.0, "length_km": 0.1820218784817651 }, "geometry": { "type": "LineString", "coordinates": [ [ 138.5052585, -34.8779988 ], [ 138.5053733, -34.8796253 ] ] } },
{ "type": "Feature", "properties": { "osm_id": "32076419", "road_name": "May Street", "highway": "residential", "maxspeed_kmh": 40.0, "length_km": 0.65362950194188696 }, "geometry": { "type": "LineString", "coordinates": [ [ 138.5256829, -34.88049310000001 ], [ 138.5261391, -34.8863315 ] ] } },
{ "type": "Feature", "properties": { "osm_id": "32076420", "road_name": "Green Road", "highway": "residential", "maxspeed_kmh": 40.0, "length_km": 0.42565724446664632 }, "geometry": { "type": "LineString", "coordinates": [ [ 138.5297017, -34.8816023 ], [ 138.529476, -34.8786212 ], [ 138.53030320000002, -34.878209 ] ] } },
{ "type": "Feature", "properties": { "osm_id": "32076537", "road_name": "Moss Court", "highway": "residential", "maxspeed_kmh": 40.0, "length_km": 0.12349005529438088 }, "geometry": { "type": "LineString", "coordinates": [ [ 138.500526400000012, -34.8907023 ], [ 138.501865900000013, -34.8906422 ] ] } },
{ "type": "Feature", "properties": { "osm_id": "32076538", "road_name": "Tonkin Court", "highway": "residential", "maxspeed_kmh": 40.0, "length_km": 0.12345509268561081 }, "geometry": { "type": "LineString", "coordinates": [ [ 138.5005725, -34.8914104 ], [ 138.5019115, -34.8913484 ] ] } },
{ "type": "Feature", "properties": { "osm_id": "32076549", "road_name": "Green View Drive", "highway": "residential", "maxspeed_kmh": 40.0, "length_km": 0.23653200452575526 }, "geometry": { "type": "LineString", "coordinates": [ [ 138.4996587, -34.8900104 ], [ 138.4998133, -34.8921237 ] ] } },
{ "type": "Feature", "properties": { "osm_id": "32076562", "road_name": "Levistone Street", "highway": "residential", "maxspeed_kmh": 40.0, "length_km": 0.24755958410482765 }, "geometry": { "type": "LineString", "coordinates": [ [ 138.5224001, -34.8895913 ], [ 138.519715100000013, -34.88971690000001 ] ] } },
{ "type": "Feature", "properties": { "osm_id": "32076563", "road_name": "Mitchell Street East", "highway": "residential", "maxspeed_kmh": 40.0, "length_km": 0.25996076234821086 }, "geometry": { "type": "LineString", "coordinates": [ [ 138.5166547, -34.8889559 ], [ 138.519474699999989, -34.8888321 ] ] } },
{ "type": "Feature", "properties": { "osm_id": "32076566", "road_name": "Honeyton Street", "highway": "residential", "maxspeed_kmh": 40.0, "length_km": 0.31924517616600068 }, "geometry": { "type": "LineString", "coordinates": [ [ 138.516144200000014, -34.8908112 ], [ 138.519605800000022, -34.8906364 ] ] } },
{ "type": "Feature", "properties": { "osm_id": "32076567", "road_name": "Todville Street", "highway": "residential", "maxspeed_kmh": 40.0, "length_km": 0.40191288884111104 }, "geometry": { "type": "LineString", "coordinates": [ [ 138.5225485, -34.8914302 ], [ 138.5222891, -34.887839099999987 ] ] } },
{ "type": "Feature", "properties": { "osm_id": "32076573", "road_name": "Calendar Place", "highway": "residential", "maxspeed_kmh": 40.0, "length_km": 0.15966896971557135 }, "geometry": { "type": "LineString", "coordinates": [ [ 138.5261985, -34.8872133 ], [ 138.5279303, -34.8871337 ] ] } },
{ "type": "Feature", "properties": { "osm_id": "32076598", "road_name": "Beryl Street", "highway": "residential", "maxspeed_kmh": 40.0, "length_km": 0.49033074161531165 }, "geometry": { "type": "LineString", "coordinates": [ [ 138.527145600000011, -34.8835474 ], [ 138.5274407, -34.8879296 ] ] } },
{ "type": "Feature", "properties": { "osm_id": "32108172", "road_name": "Fourth Avenue", "highway": "residential", "maxspeed_kmh": 40.0, "length_km": 0.099034585119601226 }, "geometry": { "type": "LineString", "coordinates": [ [ 138.5164403, -34.8816245 ], [ 138.51651, -34.882509099999986 ] ] } },
{ "type": "Feature", "properties": { "osm_id": "32108173", "road_name": "Fourth Avenue", "highway": "residential", "maxspeed_kmh": 40.0, "length_km": 0.21574103949843573 }, "geometry": { "type": "LineString", "coordinates": [ [ 138.5165649, -34.8833607 ], [ 138.5166901, -34.885289 ] ] } },
{ "type": "Feature", "properties": { "osm_id": "32108174", "road_name": "Second Avenue", "highway": "residential", "maxspeed_kmh": 40.0, "length_km": 0.2181618933983446 }, "geometry": { "type": "LineString", "coordinates": [ [ 138.5165797, -34.883521 ], [ 138.5188968, -34.8833058 ] ] } },
{ "type": "Feature", "properties": { "osm_id": "32108176", "road_name": "Kelly Avenue", "highway": "residential", "maxspeed_kmh": 40.0, "length_km": 0.11359823801098956 }, "geometry": { "type": "LineString", "coordinates": [ [ 138.5154345, -34.8834221 ], [ 138.5155083, -34.8844371 ] ] } },
{ "type": "Feature", "properties": { "osm_id": "32108177", "road_name": "6th Avenue", "highway": "residential", "maxspeed_kmh": 40.0, "length_km": 0.077113884856835194 }, "geometry": { "type": "LineString", "coordinates": [ [ 138.5148759, -34.8827519 ], [ 138.5149174, -34.8834413 ] ] } },
{ "type": "Feature", "properties": { "osm_id": "32108178", "road_name": "Third Avenue", "highway": "residential", "maxspeed_kmh": 40.0, "length_km": 0.3386496047451335 }, "geometry": { "type": "LineString", "coordinates": [ [ 138.516636299999988, -34.8844349 ], [ 138.51915360000001, -34.8842887 ], [ 138.5199175, -34.8835855 ] ] } },
{ "type": "Feature", "properties": { "osm_id": "32108179", "road_name": "Morley Road", "highway": "residential", "maxspeed_kmh": 40.0, "length_km": 0.06400820289939449 }, "geometry": { "type": "LineString", "coordinates": [ [ 138.5204774, -34.8839252 ], [ 138.5199175, -34.8835855 ] ] } },
{ "type": "Feature", "properties": { "osm_id": "32108180", "road_name": "5th Avenue", "highway": "residential", "maxspeed_kmh": 40.0, "length_km": 0.10033429696126954 }, "geometry": { "type": "LineString", "coordinates": [ [ 138.5180815, -34.88346330000001 ], [ 138.5181378, -34.8843602 ] ] } },
{ "type": "Feature", "properties": { "osm_id": "32108181", "road_name": "Arthur Street", "highway": "residential", "maxspeed_kmh": 40.0, "length_km": 0.19340922159930754 }, "geometry": { "type": "LineString", "coordinates": [ [ 138.51856, -34.8843411 ], [ 138.51865, -34.8855752 ], [ 138.519204800000011, -34.8856713 ] ] } },
{ "type": "Feature", "properties": { "osm_id": "32108182", "road_name": "Olive Street", "highway": "residential", "maxspeed_kmh": 40.0, "length_km": 0.3149830337741007 }, "geometry": { "type": "LineString", "coordinates": [ [ 138.516039, -34.8853203 ], [ 138.5162434, -34.8881345 ] ] } },
{ "type": "Feature", "properties": { "osm_id": "32108183", "road_name": "Percy Street", "highway": "residential", "maxspeed_kmh": 40.0, "length_km": 0.2251022452228765 }, "geometry": { "type": "LineString", "coordinates": [ [ 138.516095299999989, -34.8862813 ], [ 138.5179065, -34.8861957 ], [ 138.518411, -34.886502299999989 ] ] } },
{ "type": "Feature", "properties": { "osm_id": "32108184", "road_name": "Nicholls Terrace", "highway": "residential", "maxspeed_kmh": 40.0, "length_km": 0.65903249574307843 }, "geometry": { "type": "LineString", "coordinates": [ [ 138.5220388, -34.8831705 ], [ 138.524213, -34.8845483 ], [ 138.5246324, -34.8853191 ], [ 138.5251336, -34.8855668 ], [ 138.5252663, -34.8878714 ] ] } },
{ "type": "Feature", "properties": { "osm_id": "32108185", "road_name": "Ryan Avenue", "highway": "residential", "maxspeed_kmh": 40.0, "length_km": 0.14550617588566209 }, "geometry": { "type": "LineString", "coordinates": [ [ 138.5226184, -34.8869594 ], [ 138.5241958, -34.8868761 ] ] } },
{ "type": "Feature", "properties": { "osm_id": "32108186", "road_name": "Rosemary Street", "highway": "residential", "maxspeed_kmh": 40.0, "length_km": 0.060498250597111426 }, "geometry": { "type": "LineString", "coordinates": [ [ 138.5285691, -34.8868744 ], [ 138.5285428, -34.8863333 ] ] } },
{ "type": "Feature", "properties": { "osm_id": "32108187", "road_name": "Jean Street", "highway": "residential", "maxspeed_kmh": 40.0, "length_km": 0.3066449337674011 }, "geometry": { "type": "LineString", "coordinates": [ [ 138.5297778, -34.8861709 ], [ 138.5295946, -34.8834302 ] ] } },
{ "type": "Feature", "properties": { "osm_id": "32108188", "road_name": "Moody Street", "highway": "residential", "maxspeed_kmh": 40.0, "length_km": 0.23587011778556632 }, "geometry": { "type": "LineString", "coordinates": [ [ 138.5286156, -34.8875187 ], [ 138.528759799999989, -34.8896266 ] ] } },
{ "type": "Feature", "properties": { "osm_id": "32108189", "road_name": "Victor Avenue", "highway": "residential", "maxspeed_kmh": 40.0, "length_km": 0.25860585579132483 }, "geometry": { "type": "LineString", "coordinates": [ [ 138.526918, -34.8879536 ], [ 138.5270165, -34.8888568 ], [ 138.528707200000014, -34.88880910000001 ] ] } },
{ "type": "Feature", "properties": { "osm_id": "32108190", "road_name": "Smith Avenue", "highway": "residential", "maxspeed_kmh": 40.0, "length_km": 0.36687332251008387 }, "geometry": { "type": "LineString", "coordinates": [ [ 138.525796, -34.8879845 ], [ 138.5260314, -34.8912627 ] ] } },
{ "type": "Feature", "properties": { "osm_id": "32108191", "road_name": "Gray Street", "highway": "residential", "maxspeed_kmh": 40.0, "length_km": 0.17402653494379081 }, "geometry": { "type": "LineString", "coordinates": [ [ 138.5302384, -34.8895003 ], [ 138.5303375, -34.8910559 ] ] } },
{ "type": "Feature", "properties": { "osm_id": "32108192", "road_name": "Trimmer Parade", "highway": "residential", "maxspeed_kmh": 40.0, "length_km": 0.11514047762581862 }, "geometry": { "type": "LineString", "coordinates": [ [ 138.530034800000038, -34.8910705 ], [ 138.5300077, -34.891564 ], [ 138.5299259, -34.8910757 ] ] } },
{ "type": "Feature", "properties": { "osm_id": "32108193", "road_name": "Tweed Avenue", "highway": "residential", "maxspeed_kmh": 40.0, "length_km": 0.14600129068204823 }, "geometry": { "type": "LineString", "coordinates": [ [ 138.5309795, -34.8923342 ], [ 138.53088360000001, -34.8910297 ] ] } },
{ "type": "Feature", "properties": { "osm_id": "32108194", "road_name": "Newport Road", "highway": "residential", "maxspeed_kmh": 40.0, "length_km": 0.15765904153905871 }, "geometry": { "type": "LineString", "coordinates": [ [ 138.52797910000001, -34.889755499999985 ], [ 138.5280798, -34.8911643 ] ] } },
{ "type": "Feature", "properties": { "osm_id": "32108195", "road_name": "Truro Place", "highway": "residential", "maxspeed_kmh": 40.0, "length_km": 0.081666165501820639 }, "geometry": { "type": "LineString", "coordinates": [ [ 138.5291657, -34.8903799 ], [ 138.5292168, -34.8911097 ] ] } },
{ "type": "Feature", "properties": { "osm_id": "32108196", "road_name": "Albany Street", "highway": "residential", "maxspeed_kmh": 40.0, "length_km": 0.18889621447893828 }, "geometry": { "type": "LineString", "coordinates": [ [ 138.525969800000013, -34.8904043 ], [ 138.528017799999986, -34.8902977 ] ] } },
{ "type": "Feature", "properties": { "osm_id": "32108197", "road_name": "Lachlan Avenue", "highway": "residential", "maxspeed_kmh": 40.0, "length_km": 0.4017591759575041 }, "geometry": { "type": "LineString", "coordinates": [ [ 138.5235194, -34.8877871 ], [ 138.5236539, -34.8895214 ], [ 138.525899399999986, -34.8894248 ] ] } },
{ "type": "Feature", "properties": { "osm_id": "32108198", "road_name": "Cardiff Street", "highway": "residential", "maxspeed_kmh": 40.0, "length_km": 0.39960301190725767 }, "geometry": { "type": "LineString", "coordinates": [ [ 138.5246586, -34.8877456 ], [ 138.5249102, -34.8913165 ] ] } },
{ "type": "Feature", "properties": { "osm_id": "32108199", "road_name": "Went Street", "highway": "residential", "maxspeed_kmh": 40.0, "length_km": 0.10289898324464516 }, "geometry": { "type": "LineString", "coordinates": [ [ 138.52385240000001, -34.8904525 ], [ 138.5237813, -34.8895333 ] ] } },
{ "type": "Feature", "properties": { "osm_id": "32108200", "road_name": "Alma Terrace", "highway": "residential", "maxspeed_kmh": 40.0, "length_km": 0.19918408905938012 }, "geometry": { "type": "LineString", "coordinates": [ [ 138.5161957, -34.8917398 ], [ 138.5160826, -34.8899594 ] ] } },
{ "type": "Feature", "properties": { "osm_id": "32108201", "road_name": "Pitman Avenue", "highway": "residential", "maxspeed_kmh": 40.0, "length_km": 0.21013352651873546 }, "geometry": { "type": "LineString", "coordinates": [ [ 138.523861399999987, -34.8811191 ], [ 138.5251897, -34.8819427 ], [ 138.5258076, -34.881921600000013 ] ] } },
{ "type": "Feature", "properties": { "osm_id": "32108202", "road_name": "Irwin Street", "highway": "residential", "maxspeed_kmh": 40.0, "length_km": 0.2700564311016812 }, "geometry": { "type": "LineString", "coordinates": [ [ 138.5231479, -34.88187820000001 ], [ 138.5254798, -34.8833448 ] ] } },
{ "type": "Feature", "properties": { "osm_id": "32108203", "road_name": "Emily Street", "highway": "residential", "maxspeed_kmh": 40.0, "length_km": 0.25789690894967643 }, "geometry": { "type": "LineString", "coordinates": [ [ 138.52257130000001, -34.8825152 ], [ 138.524752799999987, -34.883941 ] ] } },
{ "type": "Feature", "properties": { "osm_id": "32108204", "road_name": "Elizabeth Street", "highway": "residential", "maxspeed_kmh": 40.0, "length_km": 0.45529579376645979 }, "geometry": { "type": "LineString", "coordinates": [ [ 138.5258775, -34.8830716 ], [ 138.5236794, -34.884965 ], [ 138.522082899999987, -34.885307799999985 ] ] } },
{ "type": "Feature", "properties": { "osm_id": "32108206", "road_name": "Todville Street", "highway": "residential", "maxspeed_kmh": 40.0, "length_km": 0.18318568439669286 }, "geometry": { "type": "LineString", "coordinates": [ [ 138.5226937, -34.8878265 ], [ 138.5225337, -34.8861922 ] ] } },
{ "type": "Feature", "properties": { "osm_id": "32108207", "road_name": "Wye Street", "highway": "residential", "maxspeed_kmh": 40.0, "length_km": 0.11620819010047787 }, "geometry": { "type": "LineString", "coordinates": [ [ 138.5251336, -34.8855668 ], [ 138.526021, -34.8848631 ] ] } },
{ "type": "Feature", "properties": { "osm_id": "32108208", "road_name": "Otway Place", "highway": "residential", "maxspeed_kmh": 40.0, "length_km": 0.1007739918610937 }, "geometry": { "type": "LineString", "coordinates": [ [ 138.5241958, -34.8868761 ], [ 138.5238794, -34.8860407 ] ] } },
{ "type": "Feature", "properties": { "osm_id": "32108209", "road_name": "Sweeney Terrace", "highway": "residential", "maxspeed_kmh": 40.0, "length_km": 0.15107000202091792 }, "geometry": { "type": "LineString", "coordinates": [ [ 138.52190920000001, -34.8846067 ], [ 138.5227435, -34.8843904 ], [ 138.5233011, -34.8839718 ] ] } },
{ "type": "Feature", "properties": { "osm_id": "32108210", "road_name": "Lawton Crescent", "highway": "residential", "maxspeed_kmh": 40.0, "length_km": 0.18940899672724815 }, "geometry": { "type": "LineString", "coordinates": [ [ 138.5211323, -34.885445 ], [ 138.5204205, -34.8860607 ], [ 138.5194691, -34.8859485 ] ] } },
{ "type": "Feature", "properties": { "osm_id": "32108211", "road_name": "Skid Kids Court", "highway": "residential", "maxspeed_kmh": 40.0, "length_km": 0.055710726649599022 }, "geometry": { "type": "LineString", "coordinates": [ [ 138.529173500000013, -34.892917 ], [ 138.529141900000042, -34.892419 ] ] } },
{ "type": "Feature", "properties": { "osm_id": "32108318", "road_name": "Cameron Avenue", "highway": "residential", "maxspeed_kmh": 40.0, "length_km": 0.14733047369871496 }, "geometry": { "type": "LineString", "coordinates": [ [ 138.5252516, -34.8913001 ], [ 138.5253631, -34.8926156 ] ] } },
{ "type": "Feature", "properties": { "osm_id": "32108319", "road_name": "Cooinda Street", "highway": "residential", "maxspeed_kmh": 40.0, "length_km": 0.1506655789527441 }, "geometry": { "type": "LineString", "coordinates": [ [ 138.524184, -34.891351299999982 ], [ 138.5242862, -34.8926973 ] ] } },
{ "type": "Feature", "properties": { "osm_id": "32108320", "road_name": "Arooma Street", "highway": "residential", "maxspeed_kmh": 40.0, "length_km": 0.15055299628473817 }, "geometry": { "type": "LineString", "coordinates": [ [ 138.5230991, -34.8914034 ], [ 138.5231991, -34.8927485 ] ] } },
{ "type": "Feature", "properties": { "osm_id": "32108322", "road_name": "Mill Street", "highway": "residential", "maxspeed_kmh": 40.0, "length_km": 0.43609134384110299 }, "geometry": { "type": "LineString", "coordinates": [ [ 138.5230632, -34.8965552 ], [ 138.523362600000013, -34.9004496 ] ] } },
{ "type": "Feature", "properties": { "osm_id": "32108323", "road_name": "Buccleuch Avenue", "highway": "residential", "maxspeed_kmh": 40.0, "length_km": 0.20896812344817425 }, "geometry": { "type": "LineString", "coordinates": [ [ 138.5247119, -34.8935455 ], [ 138.524829900000015, -34.895412400000012 ] ] } },
{ "type": "Feature", "properties": { "osm_id": "32108324", "road_name": "Centenary Avenue", "highway": "residential", "maxspeed_kmh": 40.0, "length_km": 0.48029230200077061 }, "geometry": { "type": "LineString", "coordinates": [ [ 138.522122200000013, -34.894612099999989 ], [ 138.527331100000026, -34.8943595 ] ] } },
{ "type": "Feature", "properties": { "osm_id": "32108325", "road_name": "Lucerne Grove", "highway": "residential", "maxspeed_kmh": 40.0, "length_km": 0.47273006563333098 }, "geometry": { "type": "LineString", "coordinates": [ [ 138.5272666, -34.893420399999989 ], [ 138.522139399999986, -34.8936637 ] ] } },
{ "type": "Feature", "properties": { "osm_id": "32108368", "road_name": "Beatrice Avenue", "highway": "residential", "maxspeed_kmh": 40.0, "length_km": 0.26025779613039512 }, "geometry": { "type": "LineString", "coordinates": [ [ 138.5209954, -34.8933166 ], [ 138.5211545, -34.8956424 ] ] } },
{ "type": "Feature", "properties": { "osm_id": "32108370", "road_name": "Tyrie Avenue", "highway": "residential", "maxspeed_kmh": 40.0, "length_km": 0.45692841780499288 }, "geometry": { "type": "LineString", "coordinates": [ [ 138.529643, -34.8994716 ], [ 138.52935930000001, -34.8953883 ] ] } },
{ "type": "Feature", "properties": { "osm_id": "32108373", "road_name": "Dunn Avenue", "highway": "residential", "maxspeed_kmh": 40.0, "length_km": 0.29918224455349635 }, "geometry": { "type": "LineString", "coordinates": [ [ 138.5275494, -34.8977231 ], [ 138.5307881, -34.8975945 ] ] } },
{ "type": "Feature", "properties": { "osm_id": "32108374", "road_name": "Adamson Avenue", "highway": "residential", "maxspeed_kmh": 40.0, "length_km": 0.30130371448072801 }, "geometry": { "type": "LineString", "coordinates": [ [ 138.530877, -34.8984833 ], [ 138.527609399999989, -34.898646 ] ] } },
{ "type": "Feature", "properties": { "osm_id": "32108375", "road_name": "Brice Street", "highway": "residential", "maxspeed_kmh": 40.0, "length_km": 0.38862154268783689 }, "geometry": { "type": "LineString", "coordinates": [ [ 138.5200073, -34.896668 ], [ 138.52421480000001, -34.8965094 ] ] } },
{ "type": "Feature", "properties": { "osm_id": "32108376", "road_name": "Dawkins Avenue", "highway": "residential", "maxspeed_kmh": 40.0, "length_km": 0.28021397571325779 }, "geometry": { "type": "LineString", "coordinates": [ [ 138.5200671, -34.897390799999989 ], [ 138.523106, -34.8972408 ] ] } },
{ "type": "Feature", "properties": { "osm_id": "32108377", "road_name": "Hector Street", "highway": "residential", "maxspeed_kmh": 40.0, "length_km": 0.28024906643435921 }, "geometry": { "type": "LineString", "coordinates": [ [ 138.5201247, -34.8982397 ], [ 138.5231656, -34.8981134 ] ] } },
{ "type": "Feature", "properties": { "osm_id": "32108378", "road_name": "Lanark Avenue", "highway": "residential", "maxspeed_kmh": 40.0, "length_km": 0.43847010508788525 }, "geometry": { "type": "LineString", "coordinates": [ [ 138.520086600000013, -34.8976796 ], [ 138.5153312, -34.8979107 ] ] } },
{ "type": "Feature", "properties": { "osm_id": "32108411", "road_name": "Buchan Street", "highway": "residential", "maxspeed_kmh": 40.0, "length_km": 0.26122299554323564 }, "geometry": { "type": "LineString", "coordinates": [ [ 138.516502, -34.893535 ], [ 138.516666, -34.8958693 ] ] } },
{ "type": "Feature", "properties": { "osm_id": "32108412", "road_name": "Janet Street", "highway": "residential", "maxspeed_kmh": 40.0, "length_km": 0.15524988176813101 }, "geometry": { "type": "LineString", "coordinates": [ [ 138.5149151, -34.8949508 ], [ 138.5165982, -34.894861 ] ] } },
{ "type": "Feature", "properties": { "osm_id": "32108413", "road_name": "Boyce Street", "highway": "residential", "maxspeed_kmh": 40.0, "length_km": 0.14973049821441051 }, "geometry": { "type": "LineString", "coordinates": [ [ 138.5153341, -34.8935856 ], [ 138.515417, -34.8949241 ] ] } },
{ "type": "Feature", "properties": { "osm_id": "32108414", "road_name": "McNeilly Crescent", "highway": "residential", "maxspeed_kmh": 40.0, "length_km": 0.17632978368302568 }, "geometry": { "type": "LineString", "coordinates": [ [ 138.5177459, -34.8950552 ], [ 138.5175806, -34.8934857 ] ] } },
{ "type": "Feature", "properties": { "osm_id": "32108497", "road_name": "Gregory Crescent", "highway": "residential", "maxspeed_kmh": 40.0, "length_km": 0.35382045300658804 }, "geometry": { "type": "LineString", "coordinates": [ [ 138.5151831, -34.892664 ], [ 138.519020500000011, -34.8924817 ] ] } },
{ "type": "Feature", "properties": { "osm_id": "32108499", "road_name": "Gurrs Road", "highway": "residential", "maxspeed_kmh": 40.0, "length_km": 0.10474911567104153 }, "geometry": { "type": "LineString", "coordinates": [ [ 138.517768500000017, -34.8925379 ], [ 138.5178287, -34.8934742 ] ] } },
{ "type": "Feature", "properties": { "osm_id": "32108501", "road_name": "Jennifer Street", "highway": "residential", "maxspeed_kmh": 40.0, "length_km": 0.10793718519991083 }, "geometry": { "type": "LineString", "coordinates": [ [ 138.516569299999986, -34.8925963 ], [ 138.51689810000002, -34.8935169 ] ] } },
{ "type": "Feature", "properties": { "osm_id": "32108503", "road_name": "Commane Avenue", "highway": "residential", "maxspeed_kmh": 40.0, "length_km": 0.20128858724705251 }, "geometry": { "type": "LineString", "coordinates": [ [ 138.5189595, -34.8916046 ], [ 138.519084600000014, -34.8934034 ] ] } },
{ "type": "Feature", "properties": { "osm_id": "32108505", "road_name": "Owen Street", "highway": "residential", "maxspeed_kmh": 40.0, "length_km": 0.26113188643721252 }, "geometry": { "type": "LineString", "coordinates": [ [ 138.5187866, -34.8934176 ], [ 138.518863200000027, -34.895745099999985 ] ] } },
{ "type": "Feature", "properties": { "osm_id": "32108508", "road_name": "Selkirk Avenue", "highway": "residential", "maxspeed_kmh": 40.0, "length_km": 0.43787809059967503 }, "geometry": { "type": "LineString", "coordinates": [ [ 138.5151991, -34.8959371 ], [ 138.5154645, -34.8998504 ] ] } },
{ "type": "Feature", "properties": { "osm_id": "32108509", "road_name": "Ayr Avenue", "highway": "residential", "maxspeed_kmh": 40.0, "length_km": 0.21378528043883155 }, "geometry": { "type": "LineString", "coordinates": [ [ 138.515263299999987, -34.8969073 ], [ 138.5175824, -34.8968022 ] ] } },
{ "type": "Feature", "properties": { "osm_id": "32108513", "road_name": "Kinross Avenue", "highway": "residential", "maxspeed_kmh": 40.0, "length_km": 0.22040755066005782 }, "geometry": { "type": "LineString", "coordinates": [ [ 138.5186744, -34.8957755 ], [ 138.5188158, -34.8977449 ] ] } },
{ "type": "Feature", "properties": { "osm_id": "32108514", "road_name": "Winser Avenue", "highway": "residential", "maxspeed_kmh": 40.0, "length_km": 0.21351178333603629 }, "geometry": { "type": "LineString", "coordinates": [ [ 138.5153939, -34.8989012 ], [ 138.517709700000012, -34.8987905 ] ] } },
{ "type": "Feature", "properties": { "osm_id": "32108516", "road_name": "McAllan Avenue", "highway": "residential", "maxspeed_kmh": 40.0, "length_km": 0.10618131071322338 }, "geometry": { "type": "LineString", "coordinates": [ [ 138.524379399999987, -34.8988695 ], [ 138.523227, -34.8989132 ] ] } },
{ "type": "Feature", "properties": { "osm_id": "32108518", "road_name": "Buccleuch Avenue", "highway": "residential", "maxspeed_kmh": 40.0, "length_km": 0.51918011574665901 }, "geometry": { "type": "LineString", "coordinates": [ [ 138.5245018, -34.9004273 ], [ 138.5242121, -34.8964181 ], [ 138.5248051, -34.8960462 ] ] } },
{ "type": "Feature", "properties": { "osm_id": "32108519", "road_name": "Ashington Court", "highway": "residential", "maxspeed_kmh": 40.0, "length_km": 0.055695881013540872 }, "geometry": { "type": "LineString", "coordinates": [ [ 138.524356899999987, -34.8984747 ], [ 138.5249589, -34.8984242 ] ] } },
{ "type": "Feature", "properties": { "osm_id": "32108824", "road_name": "Fife Street", "highway": "residential", "maxspeed_kmh": 40.0, "length_km": 0.33149610289336306 }, "geometry": { "type": "LineString", "coordinates": [ [ 138.541077300000012, -34.8910458 ], [ 138.5374812, -34.8912051 ] ] } },
{ "type": "Feature", "properties": { "osm_id": "32108825", "road_name": "Esk Street", "highway": "residential", "maxspeed_kmh": 40.0, "length_km": 0.03226281212175755 }, "geometry": { "type": "LineString", "coordinates": [ [ 138.5325415, -34.8899198 ], [ 138.5325598, -34.8902082 ] ] } },
{ "type": "Feature", "properties": { "osm_id": "32108826", "road_name": "Lucas Street", "highway": "residential", "maxspeed_kmh": 40.0, "length_km": 0.39829293497324958 }, "geometry": { "type": "LineString", "coordinates": [ [ 138.5327451, -34.8929942 ], [ 138.5350053, -34.8932696 ], [ 138.537043, -34.8931871 ] ] } },
{ "type": "Feature", "properties": { "osm_id": "32108827", "road_name": "Dee Street", "highway": "residential", "maxspeed_kmh": 40.0, "length_km": 0.33816758684244197 }, "geometry": { "type": "LineString", "coordinates": [ [ 138.5375379, -34.8931644 ], [ 138.5412059, -34.8929968 ] ] } },
{ "type": "Feature", "properties": { "osm_id": "32108829", "road_name": "Young Street", "highway": "residential", "maxspeed_kmh": 40.0, "length_km": 0.25128014839620105 }, "geometry": { "type": "LineString", "coordinates": [ [ 138.535409, -34.8974251 ], [ 138.5371117, -34.8956672 ] ] } },
{ "type": "Feature", "properties": { "osm_id": "32108831", "road_name": "Lylow Court", "highway": "residential", "maxspeed_kmh": 40.0, "length_km": 0.051226268694608092 }, "geometry": { "type": "LineString", "coordinates": [ [ 138.535539, -34.8965308 ], [ 138.5359839, -34.8968063 ] ] } },
{ "type": "Feature", "properties": { "osm_id": "32108833", "road_name": "Briese Court", "highway": "residential", "maxspeed_kmh": 40.0, "length_km": 0.052552689780882983 }, "geometry": { "type": "LineString", "coordinates": [ [ 138.5360853, -34.8959615 ], [ 138.536541199999988, -34.8962447 ] ] } },
{ "type": "Feature", "properties": { "osm_id": "32108835", "road_name": "Fraser Street", "highway": "residential", "maxspeed_kmh": 40.0, "length_km": 0.37575168830286104 }, "geometry": { "type": "LineString", "coordinates": [ [ 138.536223799999988, -34.893227499999988 ], [ 138.536356500000011, -34.8951671 ], [ 138.537697900000012, -34.8960586 ] ] } },
{ "type": "Feature", "properties": { "osm_id": "32108837", "road_name": "Koolunda Avenue", "highway": "residential", "maxspeed_kmh": 40.0, "length_km": 0.54461261611758449 }, "geometry": { "type": "LineString", "coordinates": [ [ 138.539064700000011, -34.8836544 ], [ 138.5388112, -34.8839888 ], [ 138.539125, -34.8884523 ] ] } },
{ "type": "Feature", "properties": { "osm_id": "32108839", "road_name": "Branwhite Street", "highway": "residential", "maxspeed_kmh": 40.0, "length_km": 0.62362457032709606 }, "geometry": { "type": "LineString", "coordinates": [ [ 138.539519500000011, -34.8935068 ], [ 138.5394705, -34.8947273 ], [ 138.5361775, -34.8980933 ] ] } },
{ "type": "Feature", "properties": { "osm_id": "32108841", "road_name": "The Circuit", "highway": "residential", "maxspeed_kmh": 40.0, "length_km": 0.2607854062875829 }, "geometry": { "type": "LineString", "coordinates": [ [ 138.5374213, -34.89683 ], [ 138.5380027, -34.897283200000011 ], [ 138.5373194, -34.8980091 ], [ 138.5365876, -34.8976726 ] ] } },
{ "type": "Feature", "properties": { "osm_id": "32108843", "road_name": "Howie Court", "highway": "residential", "maxspeed_kmh": 40.0, "length_km": 0.037992408782602946 }, "geometry": { "type": "LineString", "coordinates": [ [ 138.5382808, -34.8954094 ], [ 138.538601699999987, -34.8956233 ] ] } },
{ "type": "Feature", "properties": { "osm_id": "32108845", "road_name": "Godson Street", "highway": "residential", "maxspeed_kmh": 40.0, "length_km": 0.11800143112961714 }, "geometry": { "type": "LineString", "coordinates": [ [ 138.5392454, -34.8949564 ], [ 138.5402382, -34.8956247 ] ] } },
{ "type": "Feature", "properties": { "osm_id": "32108847", "road_name": "Rollands Street", "highway": "residential", "maxspeed_kmh": 40.0, "length_km": 0.17151011567187677 }, "geometry": { "type": "LineString", "coordinates": [ [ 138.5395217, -34.8946441 ], [ 138.537661200000031, -34.8947289 ] ] } },
{ "type": "Feature", "properties": { "osm_id": "32108850", "road_name": "Hill Street", "highway": "residential", "maxspeed_kmh": 40.0, "length_km": 0.3730335673013444 }, "geometry": { "type": "LineString", "coordinates": [ [ 138.5390928, -34.896990299999985 ], [ 138.540467400000011, -34.8953626 ], [ 138.5404101, -34.8940515 ] ] } },
{ "type": "Feature", "properties": { "osm_id": "32108852", "road_name": "Doon Street", "highway": "residential", "maxspeed_kmh": 40.0, "length_km": 0.20517789306331249 }, "geometry": { "type": "LineString", "coordinates": [ [ 138.5413039, -34.8945667 ], [ 138.539519500000011, -34.8935068 ] ] } },
{ "type": "Feature", "properties": { "osm_id": "32108854", "road_name": "Walkom Avenue", "highway": "residential", "maxspeed_kmh": 40.0, "length_km": 0.17105463067908597 }, "geometry": { "type": "LineString", "coordinates": [ [ 138.5376092, -34.8939546 ], [ 138.5394645, -34.8938704 ] ] } },
{ "type": "Feature", "properties": { "osm_id": "32108859", "road_name": "Athlone Street", "highway": "residential", "maxspeed_kmh": 40.0, "length_km": 0.28038311743407801 }, "geometry": { "type": "LineString", "coordinates": [ [ 138.532700299999988, -34.8920495 ], [ 138.5355815, -34.892527 ] ] } },
{ "type": "Feature", "properties": { "osm_id": "32108861", "road_name": "Wharfe Street", "highway": "residential", "maxspeed_kmh": 40.0, "length_km": 0.21143621646339791 }, "geometry": { "type": "LineString", "coordinates": [ [ 138.535625900000014, -34.8932491 ], [ 138.535408600000011, -34.8913855 ] ] } },
{ "type": "Feature", "properties": { "osm_id": "32108864", "road_name": "Grampian Street", "highway": "residential", "maxspeed_kmh": 40.0, "length_km": 0.10269042078854559 }, "geometry": { "type": "LineString", "coordinates": [ [ 138.5345465, -34.8913587 ], [ 138.5345082, -34.8904409 ] ] } },
{ "type": "Feature", "properties": { "osm_id": "32108866", "road_name": "Glenavon Street", "highway": "residential", "maxspeed_kmh": 40.0, "length_km": 0.4363532812746983 }, "geometry": { "type": "LineString", "coordinates": [ [ 138.5325598, -34.8902082 ], [ 138.5349741, -34.8904804 ], [ 138.5372597, -34.89029810000001 ] ] } },
{ "type": "Feature", "properties": { "osm_id": "32108869", "road_name": "Grampian Street", "highway": "residential", "maxspeed_kmh": 40.0, "length_km": 0.0735789419451022 }, "geometry": { "type": "LineString", "coordinates": [ [ 138.5346946, -34.8904601 ], [ 138.5348167, -34.8898092 ] ] } },
{ "type": "Feature", "properties": { "osm_id": "32108873", "road_name": "Angus Street", "highway": "residential", "maxspeed_kmh": 40.0, "length_km": 0.26394648999264253 }, "geometry": { "type": "LineString", "coordinates": [ [ 138.5356735, -34.8856976 ], [ 138.5355748, -34.8840697 ], [ 138.5360584, -34.8834683 ] ] } },
{ "type": "Feature", "properties": { "osm_id": "32108878", "road_name": "Church Street", "highway": "residential", "maxspeed_kmh": 40.0, "length_km": 0.19629217700426807 }, "geometry": { "type": "LineString", "coordinates": [ [ 138.5361484, -34.882584 ], [ 138.534487899999988, -34.8814818 ] ] } },
{ "type": "Feature", "properties": { "osm_id": "32108881", "road_name": "Headdey Court", "highway": "residential", "maxspeed_kmh": 40.0, "length_km": 0.1459838932453143 }, "geometry": { "type": "LineString", "coordinates": [ [ 138.539016800000013, -34.8870386 ], [ 138.5406012, -34.8869823 ] ] } },
{ "type": "Feature", "properties": { "osm_id": "32108883", "road_name": "Fairweather Avenue", "highway": "residential", "maxspeed_kmh": 40.0, "length_km": 0.1577292282195023 }, "geometry": { "type": "LineString", "coordinates": [ [ 138.5400262, -34.8884155 ], [ 138.5399243, -34.8870061 ] ] } },
{ "type": "Feature", "properties": { "osm_id": "32108885", "road_name": "Short Street", "highway": "residential", "maxspeed_kmh": 40.0, "length_km": 0.16753271428812996 }, "geometry": { "type": "LineString", "coordinates": [ [ 138.539125, -34.8884523 ], [ 138.5409425, -34.888375599999989 ] ] } },
{ "type": "Feature", "properties": { "osm_id": "32108889", "road_name": "Alton Street", "highway": "residential", "maxspeed_kmh": 40.0, "length_km": 0.10047594318795509 }, "geometry": { "type": "LineString", "coordinates": [ [ 138.5410994, -34.8892481 ], [ 138.5421823, -34.8891834 ] ] } },
{ "type": "Feature", "properties": { "osm_id": "32108891", "road_name": "Elford Street", "highway": "residential", "maxspeed_kmh": 40.0, "length_km": 0.11921203239285232 }, "geometry": { "type": "LineString", "coordinates": [ [ 138.5422184, -34.8883734 ], [ 138.5435128, -34.8883391 ] ] } },
{ "type": "Feature", "properties": { "osm_id": "32108893", "road_name": "Olveston Avenue", "highway": "residential", "maxspeed_kmh": 40.0, "length_km": 0.29708428791854469 }, "geometry": { "type": "LineString", "coordinates": [ [ 138.5422835, -34.8896151 ], [ 138.5421036, -34.8869928 ] ] } },
{ "type": "Feature", "properties": { "osm_id": "32108997", "road_name": "Batty Place", "highway": "residential", "maxspeed_kmh": 40.0, "length_km": 0.05709765597106517 }, "geometry": { "type": "LineString", "coordinates": [ [ 138.535157700000013, -34.8941238 ], [ 138.5347768, -34.8945272 ] ] } },
{ "type": "Feature", "properties": { "osm_id": "32108998", "road_name": "Whimpress Avenue", "highway": "residential", "maxspeed_kmh": 40.0, "length_km": 0.27346038553680585 }, "geometry": { "type": "LineString", "coordinates": [ [ 138.533244, -34.8991617 ], [ 138.533035800000022, -34.8967296 ] ] } },
{ "type": "Feature", "properties": { "osm_id": "32108999", "road_name": "Litchfield Crescent", "highway": "residential", "maxspeed_kmh": 40.0, "length_km": 0.05991348400942189 }, "geometry": { "type": "LineString", "coordinates": [ [ 138.533129, -34.8975459 ], [ 138.5337779, -34.897503499999985 ] ] } },
{ "type": "Feature", "properties": { "osm_id": "32109001", "road_name": "Almond Avenue", "highway": "residential", "maxspeed_kmh": 40.0, "length_km": 0.32110648735967823 }, "geometry": { "type": "LineString", "coordinates": [ [ 138.5327796, -34.8936042 ], [ 138.5334344, -34.8936393 ], [ 138.5356119, -34.8951109 ] ] } },
{ "type": "Feature", "properties": { "osm_id": "32109046", "road_name": "Bernard Street", "highway": "residential", "maxspeed_kmh": 40.0, "length_km": 0.14633852431055377 }, "geometry": { "type": "LineString", "coordinates": [ [ 138.539465799999988, -34.8977982 ], [ 138.540706300000011, -34.8986171 ] ] } },
{ "type": "Feature", "properties": { "osm_id": "32336544", "road_name": "Derby Street", "highway": "residential", "maxspeed_kmh": 40.0, "length_km": 0.0084053715739698959 }, "geometry": { "type": "LineString", "coordinates": [ [ 138.5024262, -34.9054873 ], [ 138.5024955, -34.9054383 ] ] } },
{ "type": "Feature", "properties": { "osm_id": "32336545", "road_name": "Finlayson Street", "highway": "residential", "maxspeed_kmh": 40.0, "length_km": 0.14676439649190973 }, "geometry": { "type": "LineString", "coordinates": [ [ 138.5039014, -34.9050757 ], [ 138.505493800000011, -34.9050079 ] ] } },
{ "type": "Feature", "properties": { "osm_id": "32336547", "road_name": "Sinclair Street", "highway": "residential", "maxspeed_kmh": 40.0, "length_km": 0.1469440936761626 }, "geometry": { "type": "LineString", "coordinates": [ [ 138.503962699999988, -34.9059964 ], [ 138.5055567, -34.9059223 ] ] } },
{ "type": "Feature", "properties": { "osm_id": "32336610", "road_name": "Michael Street", "highway": "residential", "maxspeed_kmh": 40.0, "length_km": 0.12459007077866646 }, "geometry": { "type": "LineString", "coordinates": [ [ 138.4993926, -34.905942599999989 ], [ 138.499468900000039, -34.907056 ] ] } },
{ "type": "Feature", "properties": { "osm_id": "32337698", "road_name": "Beaufort Street", "highway": "residential", "maxspeed_kmh": 40.0, "length_km": 0.57456710278275525 }, "geometry": { "type": "LineString", "coordinates": [ [ 138.5403851, -34.8753895 ], [ 138.5454176, -34.8784312 ] ] } },
{ "type": "Feature", "properties": { "osm_id": "32337700", "road_name": "Brooker Court", "highway": "residential", "maxspeed_kmh": 40.0, "length_km": 0.19277378956635124 }, "geometry": { "type": "LineString", "coordinates": [ [ 138.5495589, -34.8826713 ], [ 138.54798790000001, -34.8815519 ] ] } },
{ "type": "Feature", "properties": { "osm_id": "32337702", "road_name": "Harvey Street West", "highway": "residential", "maxspeed_kmh": 40.0, "length_km": 0.3484652648675608 }, "geometry": { "type": "LineString", "coordinates": [ [ 138.5389572, -34.8769095 ], [ 138.541996, -34.8787682 ] ] } },
{ "type": "Feature", "properties": { "osm_id": "32337703", "road_name": "Hughes Street North", "highway": "residential", "maxspeed_kmh": 40.0, "length_km": 0.62422883591409328 }, "geometry": { "type": "LineString", "coordinates": [ [ 138.5413201, -34.8794737 ], [ 138.5455772, -34.87512670000001 ] ] } },
{ "type": "Feature", "properties": { "osm_id": "32337704", "road_name": "McColl Street", "highway": "residential", "maxspeed_kmh": 40.0, "length_km": 0.11151290149788627 }, "geometry": { "type": "LineString", "coordinates": [ [ 138.543311499999987, -34.8758392 ], [ 138.5442836, -34.8764347 ] ] } },
{ "type": "Feature", "properties": { "osm_id": "32337705", "road_name": "Radstock Street", "highway": "residential", "maxspeed_kmh": 40.0, "length_km": 0.62123950934243422 }, "geometry": { "type": "LineString", "coordinates": [ [ 138.5502826, -34.879138499999989 ], [ 138.5481024, -34.877553 ], [ 138.54501590000001, -34.875703399999985 ] ] } },
{ "type": "Feature", "properties": { "osm_id": "32337706", "road_name": "Windsor Avenue", "highway": "residential", "maxspeed_kmh": 40.0, "length_km": 0.57863648740127549 }, "geometry": { "type": "LineString", "coordinates": [ [ 138.5467444, -34.8855387 ], [ 138.5418512, -34.8822875 ] ] } },
{ "type": "Feature", "properties": { "osm_id": "32337709", "road_name": "The Grove", "highway": "residential", "maxspeed_kmh": 40.0, "length_km": 0.33529593548025249 }, "geometry": { "type": "LineString", "coordinates": [ [ 138.5417826, -34.8762423 ], [ 138.5440323, -34.8738906 ] ] } },
{ "type": "Feature", "properties": { "osm_id": "32337710", "road_name": "Balmoral Street", "highway": "residential", "maxspeed_kmh": 40.0, "length_km": 0.34393210638280564 }, "geometry": { "type": "LineString", "coordinates": [ [ 138.5475457, -34.88474 ], [ 138.5452027, -34.8871379 ] ] } },
{ "type": "Feature", "properties": { "osm_id": "32337711", "road_name": "Russell Terrace", "highway": "residential", "maxspeed_kmh": 40.0, "length_km": 0.11914396120276943 }, "geometry": { "type": "LineString", "coordinates": [ [ 138.54477270000001, -34.8826572 ], [ 138.5456941, -34.8833639 ] ] } },
{ "type": "Feature", "properties": { "osm_id": "32337712", "road_name": "Garth Street", "highway": "residential", "maxspeed_kmh": 40.0, "length_km": 0.33883149603510154 }, "geometry": { "type": "LineString", "coordinates": [ [ 138.5456098, -34.887417 ], [ 138.5479118, -34.8850534 ] ] } },
{ "type": "Feature", "properties": { "osm_id": "32337713", "road_name": "Jeanette Street", "highway": "residential", "maxspeed_kmh": 40.0, "length_km": 0.2494404347191406 }, "geometry": { "type": "LineString", "coordinates": [ [ 138.5463823, -34.8866395 ], [ 138.5485022, -34.8880275 ] ] } },
{ "type": "Feature", "properties": { "osm_id": "32337714", "road_name": "Elgin Street", "highway": "residential", "maxspeed_kmh": 40.0, "length_km": 0.19506939340294352 }, "geometry": { "type": "LineString", "coordinates": [ [ 138.547039500000011, -34.88596050000001 ], [ 138.5487133, -34.8870174 ] ] } },
{ "type": "Feature", "properties": { "osm_id": "32337716", "road_name": "Burke Street", "highway": "residential", "maxspeed_kmh": 40.0, "length_km": 0.33504712132372527 }, "geometry": { "type": "LineString", "coordinates": [ [ 138.552984900000013, -34.8874539 ], [ 138.555698800000016, -34.8894509 ] ] } },
{ "type": "Feature", "properties": { "osm_id": "32337717", "road_name": "Alfred Road", "highway": "residential", "maxspeed_kmh": 40.0, "length_km": 0.6523881075141289 }, "geometry": { "type": "LineString", "coordinates": [ [ 138.5590403, -34.8889393 ], [ 138.553543600000012, -34.885253400000011 ] ] } },
{ "type": "Feature", "properties": { "osm_id": "32337720", "road_name": "Grayson Street", "highway": "residential", "maxspeed_kmh": 40.0, "length_km": 0.33764009802139261 }, "geometry": { "type": "LineString", "coordinates": [ [ 138.54995550000001, -34.880791099999989 ], [ 138.5523138, -34.8785349 ] ] } },
{ "type": "Feature", "properties": { "osm_id": "32337743", "road_name": "Wilpena Terrace", "highway": "residential", "maxspeed_kmh": 40.0, "length_km": 0.27127022473267115 }, "geometry": { "type": "LineString", "coordinates": [ [ 138.554648, -34.8801164 ], [ 138.5528131, -34.8820164 ] ] } },
{ "type": "Feature", "properties": { "osm_id": "32590815", "road_name": "Harrison Road", "highway": "tertiary", "maxspeed_kmh": 40.0, "length_km": 0.70164308506569084 }, "geometry": { "type": "LineString", "coordinates": [ [ 138.576130299999988, -34.888486 ], [ 138.575831, -34.8822198 ] ] } },
{ "type": "Feature", "properties": { "osm_id": "32867644", "road_name": "Fowler Avenue", "highway": "residential", "maxspeed_kmh": 40.0, "length_km": 0.17472737880688718 }, "geometry": { "type": "LineString", "coordinates": [ [ 138.537940600000013, -34.909744799999984 ], [ 138.537895600000013, -34.9081913 ] ] } },
{ "type": "Feature", "properties": { "osm_id": "32867645", "road_name": "Swann Avenue", "highway": "residential", "maxspeed_kmh": 40.0, "length_km": 0.16280272126409046 }, "geometry": { "type": "LineString", "coordinates": [ [ 138.5359341, -34.9122548 ], [ 138.5361403, -34.9136719 ] ] } },
{ "type": "Feature", "properties": { "osm_id": "32867646", "road_name": "Thistle Avenue", "highway": "residential", "maxspeed_kmh": 40.0, "length_km": 0.40807143614283925 }, "geometry": { "type": "LineString", "coordinates": [ [ 138.5418582, -34.9119428 ], [ 138.5415762, -34.9082975 ] ] } },
{ "type": "Feature", "properties": { "osm_id": "32867647", "road_name": "Flinders Parade", "highway": "residential", "maxspeed_kmh": 40.0, "length_km": 0.32484894858586744 }, "geometry": { "type": "LineString", "coordinates": [ [ 138.5344376, -34.9100032 ], [ 138.537940600000013, -34.909744799999984 ] ] } },
{ "type": "Feature", "properties": { "osm_id": "32867689", "road_name": "Pine Street", "highway": "residential", "maxspeed_kmh": 40.0, "length_km": 0.15315058463188763 }, "geometry": { "type": "LineString", "coordinates": [ [ 138.538772599999987, -34.9121104 ], [ 138.5387275, -34.9107543 ] ] } },
{ "type": "Feature", "properties": { "osm_id": "32867713", "road_name": "Rositano Avenue", "highway": "residential", "maxspeed_kmh": 40.0, "length_km": 0.26864140519394386 }, "geometry": { "type": "LineString", "coordinates": [ [ 138.520521699999989, -34.9039895 ], [ 138.5234351, -34.9038425 ] ] } },
{ "type": "Feature", "properties": { "osm_id": "32867724", "road_name": "Ray Street", "highway": "residential", "maxspeed_kmh": 40.0, "length_km": 0.33570290771698069 }, "geometry": { "type": "LineString", "coordinates": [ [ 138.5263545, -34.9047993 ], [ 138.529991700000011, -34.9046325 ] ] } },
{ "type": "Feature", "properties": { "osm_id": "32867725", "road_name": "Wychwood Court", "highway": "residential", "maxspeed_kmh": 40.0, "length_km": 0.057898136435308875 }, "geometry": { "type": "LineString", "coordinates": [ [ 138.524400500000013, -34.8991571 ], [ 138.525028099999986, -34.899122 ] ] } },
{ "type": "Feature", "properties": { "osm_id": "32867726", "road_name": "Amberley Court", "highway": "residential", "maxspeed_kmh": 40.0, "length_km": 0.056439202818953274 }, "geometry": { "type": "LineString", "coordinates": [ [ 138.5244487, -34.8998013 ], [ 138.5250605, -34.8997672 ] ] } },
{ "type": "Feature", "properties": { "osm_id": "32867727", "road_name": "Strathbogie Avenue", "highway": "residential", "maxspeed_kmh": 40.0, "length_km": 0.30038437658007117 }, "geometry": { "type": "LineString", "coordinates": [ [ 138.5276768, -34.8995742 ], [ 138.5309331, -34.8994005 ] ] } },
{ "type": "Feature", "properties": { "osm_id": "32867728", "road_name": "Munro Avenue", "highway": "residential", "maxspeed_kmh": 40.0, "length_km": 0.22516807939877853 }, "geometry": { "type": "LineString", "coordinates": [ [ 138.5177679, -34.8995649 ], [ 138.5202099, -34.8994448 ] ] } },
{ "type": "Feature", "properties": { "osm_id": "32867733", "road_name": "Dundee Avenue", "highway": "residential", "maxspeed_kmh": 40.0, "length_km": 0.17329454596309599 }, "geometry": { "type": "LineString", "coordinates": [ [ 138.5189862, -34.90011770000001 ], [ 138.5191881, -34.901651199999989 ] ] } },
{ "type": "Feature", "properties": { "osm_id": "32867740", "road_name": "McAllan Avenue", "highway": "residential", "maxspeed_kmh": 40.0, "length_km": 0.28083230273483251 }, "geometry": { "type": "LineString", "coordinates": [ [ 138.5232326, -34.8990434 ], [ 138.5201863, -34.8991844 ] ] } },
{ "type": "Feature", "properties": { "osm_id": "32867741", "road_name": "McMurtrie Place", "highway": "residential", "maxspeed_kmh": 40.0, "length_km": 0.095911341170084388 }, "geometry": { "type": "LineString", "coordinates": [ [ 138.521492100000017, -34.899988899999983 ], [ 138.52143670000001, -34.8991316 ] ] } },
{ "type": "Feature", "properties": { "osm_id": "32867742", "road_name": "McNab Place", "highway": "residential", "maxspeed_kmh": 40.0, "length_km": 0.097373434510002327 }, "geometry": { "type": "LineString", "coordinates": [ [ 138.5223957, -34.8999595 ], [ 138.522335700000014, -34.8990893 ] ] } },
{ "type": "Feature", "properties": { "osm_id": "32867896", "road_name": "Mallan Street", "highway": "residential", "maxspeed_kmh": 40.0, "length_km": 0.16487922771818456 }, "geometry": { "type": "LineString", "coordinates": [ [ 138.524954400000013, -34.900411 ], [ 138.5250292, -34.901552 ], [ 138.5247913, -34.9018163 ] ] } },
{ "type": "Feature", "properties": { "osm_id": "32867897", "road_name": "Thorn Street", "highway": "residential", "maxspeed_kmh": 40.0, "length_km": 0.082630894049018452 }, "geometry": { "type": "LineString", "coordinates": [ [ 138.525026, -34.9014592 ], [ 138.5259225, -34.9014198 ] ] } },
{ "type": "Feature", "properties": { "osm_id": "32867898", "road_name": "Ruth Street", "highway": "residential", "maxspeed_kmh": 40.0, "length_km": 0.12340396736636727 }, "geometry": { "type": "LineString", "coordinates": [ [ 138.5240786, -34.9004492 ], [ 138.524170700000013, -34.9015512 ] ] } },
{ "type": "Feature", "properties": { "osm_id": "32867899", "road_name": "Lasscock Avenue", "highway": "residential", "maxspeed_kmh": 40.0, "length_km": 0.1547247056107327 }, "geometry": { "type": "LineString", "coordinates": [ [ 138.5302222, -34.901549199999984 ], [ 138.530119899999988, -34.9001668 ] ] } },
{ "type": "Feature", "properties": { "osm_id": "32867900", "road_name": "Royal Close", "highway": "residential", "maxspeed_kmh": 40.0, "length_km": 0.12100327843556652 }, "geometry": { "type": "LineString", "coordinates": [ [ 138.526800900000012, -34.9017999 ], [ 138.52599, -34.9018203 ], [ 138.5259225, -34.9014198 ] ] } },
{ "type": "Feature", "properties": { "osm_id": "32867901", "road_name": "Malken Way", "highway": "residential", "maxspeed_kmh": 40.0, "length_km": 0.077956231978474885 }, "geometry": { "type": "LineString", "coordinates": [ [ 138.528074299999986, -34.9010139 ], [ 138.5281382, -34.9017058 ] ] } },
{ "type": "Feature", "properties": { "osm_id": "32867906", "road_name": "Thain Avenue", "highway": "residential", "maxspeed_kmh": 40.0, "length_km": 0.40521143498080597 }, "geometry": { "type": "LineString", "coordinates": [ [ 138.538162699999987, -34.9029188 ], [ 138.5380046, -34.8993009 ] ] } },
{ "type": "Feature", "properties": { "osm_id": "32867907", "road_name": "Pamela Street", "highway": "residential", "maxspeed_kmh": 40.0, "length_km": 0.2129231888060385 }, "geometry": { "type": "LineString", "coordinates": [ [ 138.5367794, -34.8994415 ], [ 138.534470700000014, -34.8995625 ] ] } },
{ "type": "Feature", "properties": { "osm_id": "32867908", "road_name": "Colin Street", "highway": "residential", "maxspeed_kmh": 40.0, "length_km": 0.13823702198153678 }, "geometry": { "type": "LineString", "coordinates": [ [ 138.5354573, -34.8995061 ], [ 138.535561900000033, -34.9007405 ] ] } },
{ "type": "Feature", "properties": { "osm_id": "32867909", "road_name": "Foxgreen Avenue", "highway": "residential", "maxspeed_kmh": 40.0, "length_km": 0.10994299840087607 }, "geometry": { "type": "LineString", "coordinates": [ [ 138.5368307, -34.9000881 ], [ 138.5380233, -34.9000326 ] ] } },
{ "type": "Feature", "properties": { "osm_id": "32867910", "road_name": "Noblet Street", "highway": "residential", "maxspeed_kmh": 40.0, "length_km": 0.23120094512467027 }, "geometry": { "type": "LineString", "coordinates": [ [ 138.534912, -34.9053982 ], [ 138.5348354, -34.9033467 ] ] } },
{ "type": "Feature", "properties": { "osm_id": "32867911", "road_name": "Worthley Road", "highway": "residential", "maxspeed_kmh": 40.0, "length_km": 0.20950028268618581 }, "geometry": { "type": "LineString", "coordinates": [ [ 138.534821, -34.904128199999988 ], [ 138.5370921, -34.9040013 ] ] } },
{ "type": "Feature", "properties": { "osm_id": "32867912", "road_name": "Norman Street", "highway": "residential", "maxspeed_kmh": 40.0, "length_km": 0.49891035840009501 }, "geometry": { "type": "LineString", "coordinates": [ [ 138.534507100000013, -34.9015366 ], [ 138.5345159, -34.8990953 ], [ 138.5346355, -34.8979871 ], [ 138.534968099999986, -34.8971318 ] ] } },
{ "type": "Feature", "properties": { "osm_id": "32867913", "road_name": "Colin Street", "highway": "residential", "maxspeed_kmh": 40.0, "length_km": 0.20016728541390966 }, "geometry": { "type": "LineString", "coordinates": [ [ 138.5356759, -34.8994952 ], [ 138.5355789, -34.8982781 ], [ 138.5359599, -34.8978054 ] ] } },
{ "type": "Feature", "properties": { "osm_id": "32867914", "road_name": "Reginald Avenue", "highway": "residential", "maxspeed_kmh": 40.0, "length_km": 0.11730039860452438 }, "geometry": { "type": "LineString", "coordinates": [ [ 138.5345159, -34.8990953 ], [ 138.533244, -34.8991617 ] ] } },
{ "type": "Feature", "properties": { "osm_id": "32867915", "road_name": "Whimpress Avenue", "highway": "residential", "maxspeed_kmh": 40.0, "length_km": 0.27175753853481321 }, "geometry": { "type": "LineString", "coordinates": [ [ 138.533402, -34.9015908 ], [ 138.533244, -34.8991617 ] ] } },
{ "type": "Feature", "properties": { "osm_id": "32867916", "road_name": "Richardson Avenue", "highway": "residential", "maxspeed_kmh": 40.0, "length_km": 0.22172660785911646 }, "geometry": { "type": "LineString", "coordinates": [ [ 138.5344608, -34.9007905 ], [ 138.5368657, -34.9006746 ] ] } },
{ "type": "Feature", "properties": { "osm_id": "32867917", "road_name": "Eyre Street", "highway": "residential", "maxspeed_kmh": 40.0, "length_km": 0.100296468282698 }, "geometry": { "type": "LineString", "coordinates": [ [ 138.540157, -34.9017735 ], [ 138.540847500000012, -34.901079 ] ] } },
{ "type": "Feature", "properties": { "osm_id": "32867918", "road_name": "Barker Avenue", "highway": "residential", "maxspeed_kmh": 40.0, "length_km": 0.5953746647718362 }, "geometry": { "type": "LineString", "coordinates": [ [ 138.5381401, -34.9014453 ], [ 138.5395787, -34.9013846 ], [ 138.5409144, -34.902265 ], [ 138.541131900000011, -34.904988100000011 ] ] } },
{ "type": "Feature", "properties": { "osm_id": "32867920", "road_name": "Hurstfield Terrace", "highway": "residential", "maxspeed_kmh": 40.0, "length_km": 0.51345459129939708 }, "geometry": { "type": "LineString", "coordinates": [ [ 138.5370131, -34.9029184 ], [ 138.5387988, -34.9028742 ], [ 138.5386289, -34.9003638 ], [ 138.5390748, -34.8998944 ] ] } },
{ "type": "Feature", "properties": { "osm_id": "32867923", "road_name": "Bernard Street", "highway": "residential", "maxspeed_kmh": 40.0, "length_km": 0.20388747758391695 }, "geometry": { "type": "LineString", "coordinates": [ [ 138.5398358, -34.898059 ], [ 138.5385317, -34.8995311 ] ] } },
{ "type": "Feature", "properties": { "osm_id": "32867924", "road_name": "Broadford Crescent", "highway": "residential", "maxspeed_kmh": 40.0, "length_km": 0.36075775445055397 }, "geometry": { "type": "LineString", "coordinates": [ [ 138.5429481, -34.9006365 ], [ 138.541216100000014, -34.8995157 ], [ 138.5401439, -34.9006063 ] ] } },
{ "type": "Feature", "properties": { "osm_id": "32867925", "road_name": "Aberdeen Crescent", "highway": "residential", "maxspeed_kmh": 40.0, "length_km": 0.19911802682410598 }, "geometry": { "type": "LineString", "coordinates": [ [ 138.5406219, -34.9001297 ], [ 138.541544499999986, -34.9007324 ], [ 138.5421574, -34.9001067 ] ] } },
{ "type": "Feature", "properties": { "osm_id": "32867926", "road_name": "Hammond Road", "highway": "residential", "maxspeed_kmh": 40.0, "length_km": 0.34065635877954015 }, "geometry": { "type": "LineString", "coordinates": [ [ 138.5369111, -34.9014186 ], [ 138.536723599999988, -34.8987211 ], [ 138.5369048, -34.8984223 ] ] } },
{ "type": "Feature", "properties": { "osm_id": "32867927", "road_name": "Cole Avenue", "highway": "residential", "maxspeed_kmh": 40.0, "length_km": 0.11209198126418062 }, "geometry": { "type": "LineString", "coordinates": [ [ 138.5368877, -34.901030099999986 ], [ 138.538103400000011, -34.9009699 ] ] } },
{ "type": "Feature", "properties": { "osm_id": "32867929", "road_name": "Elizabeth Lane", "highway": "residential", "maxspeed_kmh": 40.0, "length_km": 0.56236411656348861 }, "geometry": { "type": "LineString", "coordinates": [ [ 138.537077, -34.9037858 ], [ 138.543117, -34.9036291 ] ] } },
{ "type": "Feature", "properties": { "osm_id": "32867931", "road_name": "Hobbs Street", "highway": "residential", "maxspeed_kmh": 40.0, "length_km": 0.32363602488458476 }, "geometry": { "type": "LineString", "coordinates": [ [ 138.5424672, -34.90215760000001 ], [ 138.542059099999989, -34.9026118 ], [ 138.5422139, -34.9049348 ] ] } },
{ "type": "Feature", "properties": { "osm_id": "32867932", "road_name": "Dampier Avenue", "highway": "residential", "maxspeed_kmh": 40.0, "length_km": 0.38988566083868403 }, "geometry": { "type": "LineString", "coordinates": [ [ 138.5398697, -34.9015806 ], [ 138.5400285, -34.9050455 ] ] } },
{ "type": "Feature", "properties": { "osm_id": "32867936", "road_name": "Livingstone Court", "highway": "residential", "maxspeed_kmh": 40.0, "length_km": 0.071851507618874724 }, "geometry": { "type": "LineString", "coordinates": [ [ 138.525333, -34.9049501 ], [ 138.5245531, -34.9049792 ] ] } },
{ "type": "Feature", "properties": { "osm_id": "32867937", "road_name": "Saint Albyns Street", "highway": "residential", "maxspeed_kmh": 40.0, "length_km": 0.34576846673566175 }, "geometry": { "type": "LineString", "coordinates": [ [ 138.526340800000014, -34.9026505 ], [ 138.526429, -34.905731 ] ] } },
{ "type": "Feature", "properties": { "osm_id": "32867938", "road_name": "Sheils Street", "highway": "residential", "maxspeed_kmh": 40.0, "length_km": 0.057932388947884425 }, "geometry": { "type": "LineString", "coordinates": [ [ 138.5234031, -34.9033595 ], [ 138.524030900000014, -34.903322 ] ] } },
{ "type": "Feature", "properties": { "osm_id": "32867939", "road_name": "Stadium Access", "highway": "unclassified", "maxspeed_kmh": 40.0, "length_km": 0.5017634834409691 }, "geometry": { "type": "LineString", "coordinates": [ [ 138.5474704, -34.9008929 ], [ 138.544621299999989, -34.9010142 ], [ 138.543024699999989, -34.9026918 ] ] } },
{ "type": "Feature", "properties": { "osm_id": "32867988", "road_name": "Nelson Avenue", "highway": "residential", "maxspeed_kmh": 40.0, "length_km": 0.55475053852232903 }, "geometry": { "type": "LineString", "coordinates": [ [ 138.537905, -34.909048 ], [ 138.543919100000011, -34.9087158 ] ] } },
{ "type": "Feature", "properties": { "osm_id": "32867989", "road_name": "Cedar Avenue", "highway": "residential", "maxspeed_kmh": 40.0, "length_km": 0.15230045234417675 }, "geometry": { "type": "LineString", "coordinates": [ [ 138.5398012, -34.9120428 ], [ 138.539691400000038, -34.9106825 ] ] } },
{ "type": "Feature", "properties": { "osm_id": "32867990", "road_name": "Barwick Street", "highway": "residential", "maxspeed_kmh": 40.0, "length_km": 0.15985223459740755 }, "geometry": { "type": "LineString", "coordinates": [ [ 138.5369701, -34.9136377 ], [ 138.536835599999989, -34.9122111 ] ] } },
{ "type": "Feature", "properties": { "osm_id": "32867991", "road_name": "Abelia Avenue", "highway": "residential", "maxspeed_kmh": 40.0, "length_km": 0.33240190066687791 }, "geometry": { "type": "LineString", "coordinates": [ [ 138.536903200000012, -34.9129281 ], [ 138.5400227, -34.9127692 ], [ 138.5403957, -34.9125247 ] ] } },
{ "type": "Feature", "properties": { "osm_id": "32867992", "road_name": "Gerard Road", "highway": "residential", "maxspeed_kmh": 40.0, "length_km": 0.2185873701969665 }, "geometry": { "type": "LineString", "coordinates": [ [ 138.5351286, -34.9142343 ], [ 138.5348999, -34.9123009 ] ] } },
{ "type": "Feature", "properties": { "osm_id": "32867993", "road_name": "John Street", "highway": "residential", "maxspeed_kmh": 40.0, "length_km": 0.69284087650500514 }, "geometry": { "type": "LineString", "coordinates": [ [ 138.5346681, -34.9114976 ], [ 138.533984800000013, -34.905349 ] ] } },
{ "type": "Feature", "properties": { "osm_id": "32867994", "road_name": "Hartog Street", "highway": "residential", "maxspeed_kmh": 40.0, "length_km": 0.17388877285225721 }, "geometry": { "type": "LineString", "coordinates": [ [ 138.537123, -34.9097705 ], [ 138.5370239, -34.9082161 ] ] } },
{ "type": "Feature", "properties": { "osm_id": "32867995", "road_name": "Van Dieman Street", "highway": "residential", "maxspeed_kmh": 40.0, "length_km": 0.17740432023566391 }, "geometry": { "type": "LineString", "coordinates": [ [ 138.536164, -34.908260699999985 ], [ 138.5363462, -34.9098416 ] ] } },
{ "type": "Feature", "properties": { "osm_id": "32867996", "road_name": "Douglas Street", "highway": "residential", "maxspeed_kmh": 40.0, "length_km": 0.18640056429085655 }, "geometry": { "type": "LineString", "coordinates": [ [ 138.5354456, -34.9099656 ], [ 138.5352483, -34.908305 ] ] } },
{ "type": "Feature", "properties": { "osm_id": "32867998", "road_name": "Douglas Street", "highway": "residential", "maxspeed_kmh": 40.0, "length_km": 0.33638122530832398 }, "geometry": { "type": "LineString", "coordinates": [ [ 138.5354072, -34.9082966 ], [ 138.535191200000014, -34.9052908 ] ] } },
{ "type": "Feature", "properties": { "osm_id": "32867999", "road_name": "Captain Cook Avenue", "highway": "residential", "maxspeed_kmh": 40.0, "length_km": 0.33623664968734829 }, "geometry": { "type": "LineString", "coordinates": [ [ 138.539002399999987, -34.9081067 ], [ 138.5387378, -34.9051069 ] ] } },
{ "type": "Feature", "properties": { "osm_id": "32868001", "road_name": "Dampier Avenue", "highway": "residential", "maxspeed_kmh": 40.0, "length_km": 0.33606754019620311 }, "geometry": { "type": "LineString", "coordinates": [ [ 138.540225600000014, -34.9080453 ], [ 138.5400285, -34.9050455 ] ] } },
{ "type": "Feature", "properties": { "osm_id": "32868002", "road_name": "Hawkins Avenue", "highway": "residential", "maxspeed_kmh": 40.0, "length_km": 0.32764429580767968 }, "geometry": { "type": "LineString", "coordinates": [ [ 138.5426793, -34.9079302 ], [ 138.542461800000012, -34.9050028 ] ] } },
{ "type": "Feature", "properties": { "osm_id": "32868003", "road_name": "Grant Place", "highway": "residential", "maxspeed_kmh": 40.0, "length_km": 0.11672341210636822 }, "geometry": { "type": "LineString", "coordinates": [ [ 138.5425713, -34.9064974 ], [ 138.5438368, -34.9064278 ] ] } },
{ "type": "Feature", "properties": { "osm_id": "32868004", "road_name": "Bass Place", "highway": "residential", "maxspeed_kmh": 40.0, "length_km": 0.11637668307788951 }, "geometry": { "type": "LineString", "coordinates": [ [ 138.5425286, -34.9059641 ], [ 138.543791199999987, -34.905906399999985 ] ] } },
{ "type": "Feature", "properties": { "osm_id": "32868005", "road_name": "Ballestrin Court", "highway": "residential", "maxspeed_kmh": 40.0, "length_km": 0.041896909139422352 }, "geometry": { "type": "LineString", "coordinates": [ [ 138.534626, -34.9107226 ], [ 138.5350809, -34.9107075 ] ] } },
{ "type": "Feature", "properties": { "osm_id": "32868006", "road_name": "Catherine Avenue", "highway": "residential", "maxspeed_kmh": 40.0, "length_km": 0.21228979437250595 }, "geometry": { "type": "LineString", "coordinates": [ [ 138.5375728, -34.9155108 ], [ 138.5374372, -34.9136138 ] ] } },
{ "type": "Feature", "properties": { "osm_id": "32868007", "road_name": "Tracey Avenue", "highway": "residential", "maxspeed_kmh": 40.0, "length_km": 0.24313591037483653 }, "geometry": { "type": "LineString", "coordinates": [ [ 138.5383708, -34.9135659 ], [ 138.5385407, -34.915737799999988 ] ] } },
{ "type": "Feature", "properties": { "osm_id": "32868008", "road_name": "Belgrave Avenue", "highway": "residential", "maxspeed_kmh": 40.0, "length_km": 0.73928687356499279 }, "geometry": { "type": "LineString", "coordinates": [ [ 138.5356774, -34.9149804 ], [ 138.5357123, -34.9157204 ], [ 138.535880200000037, -34.9158236 ], [ 138.5375728, -34.9155108 ], [ 138.5394531, -34.915756299999984 ], [ 138.539794300000011, -34.91560650000001 ], [ 138.5404476, -34.914719899999987 ], [ 138.541933199999988, -34.9149413 ] ] } },
{ "type": "Feature", "properties": { "osm_id": "32868009", "road_name": "Ingrid Avenue", "highway": "residential", "maxspeed_kmh": 40.0, "length_km": 0.079335196562743793 }, "geometry": { "type": "LineString", "coordinates": [ [ 138.5387232, -34.9128417 ], [ 138.53877030000001, -34.9135508 ] ] } },
{ "type": "Feature", "properties": { "osm_id": "32868010", "road_name": "Boronia Street", "highway": "residential", "maxspeed_kmh": 40.0, "length_km": 0.22637498063268707 }, "geometry": { "type": "LineString", "coordinates": [ [ 138.540003500000012, -34.915132299999989 ], [ 138.539401, -34.9150416 ], [ 138.5392527, -34.913529399999987 ] ] } },
{ "type": "Feature", "properties": { "osm_id": "32868011", "road_name": "Cyprus Grove", "highway": "residential", "maxspeed_kmh": 40.0, "length_km": 0.13492103024132274 }, "geometry": { "type": "LineString", "coordinates": [ [ 138.5393075, -34.9141932 ], [ 138.540010099999989, -34.914209 ], [ 138.539315499999987, -34.914292399999987 ] ] } },
{ "type": "Feature", "properties": { "osm_id": "32868012", "road_name": "Teak Street", "highway": "residential", "maxspeed_kmh": 40.0, "length_km": 0.15246103707665912 }, "geometry": { "type": "LineString", "coordinates": [ [ 138.5407165, -34.910631200000012 ], [ 138.5408324, -34.9119926 ] ] } },
{ "type": "Feature", "properties": { "osm_id": "32868013", "road_name": "Howard Street", "highway": "residential", "maxspeed_kmh": 40.0, "length_km": 0.15680044369659724 }, "geometry": { "type": "LineString", "coordinates": [ [ 138.5430045, -34.911879499999984 ], [ 138.5428861, -34.9104793 ] ] } },
{ "type": "Feature", "properties": { "osm_id": "32868014", "road_name": "Kanbara Street", "highway": "residential", "maxspeed_kmh": 40.0, "length_km": 0.61834599196103157 }, "geometry": { "type": "LineString", "coordinates": [ [ 138.542678099999989, -34.9173885 ], [ 138.5430231, -34.9162567 ], [ 138.542672300000021, -34.9119 ] ] } },
{ "type": "Feature", "properties": { "osm_id": "32868015", "road_name": "Jarman Terrace", "highway": "residential", "maxspeed_kmh": 40.0, "length_km": 0.30948784653741229 }, "geometry": { "type": "LineString", "coordinates": [ [ 138.54072, -34.9146665 ], [ 138.540795800000012, -34.9130346 ], [ 138.5403957, -34.9125247 ], [ 138.540319, -34.9120212 ] ] } },
{ "type": "Feature", "properties": { "osm_id": "32868016", "road_name": "Parukala Street", "highway": "residential", "maxspeed_kmh": 40.0, "length_km": 0.23046246610924301 }, "geometry": { "type": "LineString", "coordinates": [ [ 138.541880099999986, -34.9135237 ], [ 138.544380499999988, -34.913407099999986 ] ] } },
{ "type": "Feature", "properties": { "osm_id": "32868017", "road_name": "Simmons Crescent", "highway": "residential", "maxspeed_kmh": 40.0, "length_km": 0.26230282526340853 }, "geometry": { "type": "LineString", "coordinates": [ [ 138.542893, -34.9167093 ], [ 138.543299499999989, -34.9167707 ], [ 138.5440398, -34.9165458 ], [ 138.543569600000012, -34.9158539 ], [ 138.5429839, -34.9156666 ] ] } },
{ "type": "Feature", "properties": { "osm_id": "32868019", "road_name": "Wirringga Street", "highway": "residential", "maxspeed_kmh": 40.0, "length_km": 0.24011807589221368 }, "geometry": { "type": "LineString", "coordinates": [ [ 138.5429323, -34.9150445 ], [ 138.544322200000011, -34.9149446 ], [ 138.544899500000014, -34.9143925 ], [ 138.5448763, -34.9141283 ] ] } },
{ "type": "Feature", "properties": { "osm_id": "32868020", "road_name": "Parana Street", "highway": "residential", "maxspeed_kmh": 40.0, "length_km": 0.1540871229554911 }, "geometry": { "type": "LineString", "coordinates": [ [ 138.542742800000013, -34.912708899999984 ], [ 138.544413600000013, -34.912618 ] ] } },
{ "type": "Feature", "properties": { "osm_id": "32868121", "road_name": "Weemala Street", "highway": "residential", "maxspeed_kmh": 40.0, "length_km": 0.26699811100154702 }, "geometry": { "type": "LineString", "coordinates": [ [ 138.542868, -34.9142635 ], [ 138.54576, -34.9140706 ] ] } },
{ "type": "Feature", "properties": { "osm_id": "32868122", "road_name": "Gaskin Road", "highway": "residential", "maxspeed_kmh": 40.0, "length_km": 0.26036277862106683 }, "geometry": { "type": "LineString", "coordinates": [ [ 138.5454144, -34.9140921 ], [ 138.5452115, -34.911767500000011 ] ] } },
{ "type": "Feature", "properties": { "osm_id": "32868123", "road_name": "Blake Street", "highway": "residential", "maxspeed_kmh": 40.0, "length_km": 0.15771186923492678 }, "geometry": { "type": "LineString", "coordinates": [ [ 138.545375400000012, -34.9117604 ], [ 138.5452703, -34.9103513 ] ] } },
{ "type": "Feature", "properties": { "osm_id": "32868126", "road_name": "Heath Street", "highway": "residential", "maxspeed_kmh": 40.0, "length_km": 0.0392506572516527 }, "geometry": { "type": "LineString", "coordinates": [ [ 138.545753499999989, -34.913007 ], [ 138.5453273, -34.9130209 ] ] } },
{ "type": "Feature", "properties": { "osm_id": "32868127", "road_name": "Parukala Street", "highway": "residential", "maxspeed_kmh": 40.0, "length_km": 0.09165241046473932 }, "geometry": { "type": "LineString", "coordinates": [ [ 138.5453416, -34.913226499999986 ], [ 138.544380499999988, -34.913407099999986 ] ] } },
{ "type": "Feature", "properties": { "osm_id": "32868128", "road_name": "Parana Street", "highway": "residential", "maxspeed_kmh": 40.0, "length_km": 0.10846299805831298 }, "geometry": { "type": "LineString", "coordinates": [ [ 138.544483899999989, -34.9133784 ], [ 138.544428, -34.9124115 ] ] } },
{ "type": "Feature", "properties": { "osm_id": "32868130", "road_name": "Franklin Avenue", "highway": "residential", "maxspeed_kmh": 40.0, "length_km": 0.42223283280047968 }, "geometry": { "type": "LineString", "coordinates": [ [ 138.5477247, -34.9085202 ], [ 138.54743830000001, -34.9047481 ] ] } },
{ "type": "Feature", "properties": { "osm_id": "32868131", "road_name": "Ross Avenue", "highway": "residential", "maxspeed_kmh": 40.0, "length_km": 0.32771228936162417 }, "geometry": { "type": "LineString", "coordinates": [ [ 138.548675, -34.904683199999987 ], [ 138.548867199999989, -34.907600299999984 ] ] } },
{ "type": "Feature", "properties": { "osm_id": "32868132", "road_name": "Shackleton Place", "highway": "residential", "maxspeed_kmh": 40.0, "length_km": 0.081679107998533632 }, "geometry": { "type": "LineString", "coordinates": [ [ 138.548750399999989, -34.9056698 ], [ 138.549634200000014, -34.9056348 ] ] } },
{ "type": "Feature", "properties": { "osm_id": "32868133", "road_name": "Scott Avenue", "highway": "residential", "maxspeed_kmh": 40.0, "length_km": 0.32630457334190122 }, "geometry": { "type": "LineString", "coordinates": [ [ 138.5488751, -34.9072277 ], [ 138.5490969, -34.9071129 ], [ 138.5499261, -34.9048941 ], [ 138.5498845, -34.904533100000016 ] ] } },
{ "type": "Feature", "properties": { "osm_id": "32868134", "road_name": "Westall Avenue", "highway": "residential", "maxspeed_kmh": 40.0, "length_km": 0.41925986556406569 }, "geometry": { "type": "LineString", "coordinates": [ [ 138.5501725, -34.9075662 ], [ 138.549047300000012, -34.9076252 ], [ 138.5479908, -34.9102958 ] ] } },
{ "type": "Feature", "properties": { "osm_id": "32868135", "road_name": "Nelson Avenue", "highway": "residential", "maxspeed_kmh": 40.0, "length_km": 0.42613608632472072 }, "geometry": { "type": "LineString", "coordinates": [ [ 138.548711, -34.9084921 ], [ 138.5440912, -34.9087012 ] ] } },
{ "type": "Feature", "properties": { "osm_id": "32868140", "road_name": "Glen Elder Street", "highway": "residential", "maxspeed_kmh": 40.0, "length_km": 0.14993610746222005 }, "geometry": { "type": "LineString", "coordinates": [ [ 138.544859, -34.9025436 ], [ 138.5455727, -34.9017908 ], [ 138.5455456, -34.901415499999985 ] ] } },
{ "type": "Feature", "properties": { "osm_id": "32868141", "road_name": "Princess Street", "highway": "residential", "maxspeed_kmh": 40.0, "length_km": 0.23744955912494339 }, "geometry": { "type": "LineString", "coordinates": [ [ 138.5455727, -34.9017908 ], [ 138.5476121, -34.9030739 ] ] } },
{ "type": "Feature", "properties": { "osm_id": "32868142", "road_name": "McLean Street", "highway": "residential", "maxspeed_kmh": 40.0, "length_km": 0.12818918465231782 }, "geometry": { "type": "LineString", "coordinates": [ [ 138.547655099999986, -34.9035684 ], [ 138.549044900000013, -34.9034923 ] ] } },
{ "type": "Feature", "properties": { "osm_id": "32868145", "road_name": "George Street", "highway": "residential", "maxspeed_kmh": 40.0, "length_km": 0.39753673009551405 }, "geometry": { "type": "LineString", "coordinates": [ [ 138.547493300000014, -34.901229 ], [ 138.55180390000001, -34.9010049 ] ] } },
{ "type": "Feature", "properties": { "osm_id": "32868153", "road_name": "Moorland Avenue", "highway": "residential", "maxspeed_kmh": 40.0, "length_km": 0.1114549096551542 }, "geometry": { "type": "LineString", "coordinates": [ [ 138.550749, -34.9010741 ], [ 138.5506805, -34.900078 ] ] } },
{ "type": "Feature", "properties": { "osm_id": "32868154", "road_name": "Lewanick Street", "highway": "residential", "maxspeed_kmh": 40.0, "length_km": 0.48035884245508809 }, "geometry": { "type": "LineString", "coordinates": [ [ 138.552996799999988, -34.9008663 ], [ 138.552688499999988, -34.8965739 ] ] } },
{ "type": "Feature", "properties": { "osm_id": "32868155", "road_name": "Brand Avenue", "highway": "residential", "maxspeed_kmh": 40.0, "length_km": 0.32202379957842525 }, "geometry": { "type": "LineString", "coordinates": [ [ 138.5516137, -34.898581900000018 ], [ 138.5540217, -34.8984808 ], [ 138.5550443, -34.8981768 ] ] } },
{ "type": "Feature", "properties": { "osm_id": "32868157", "road_name": "Scott Avenue", "highway": "residential", "maxspeed_kmh": 40.0, "length_km": 0.090951252415075123 }, "geometry": { "type": "LineString", "coordinates": [ [ 138.5490192, -34.890240499999983 ], [ 138.5489188, -34.8910109 ] ] } },
{ "type": "Feature", "properties": { "osm_id": "32868158", "road_name": "West Street", "highway": "residential", "maxspeed_kmh": 40.0, "length_km": 0.19251497246407903 }, "geometry": { "type": "LineString", "coordinates": [ [ 138.5489188, -34.8910109 ], [ 138.546827900000011, -34.8910507 ] ] } },
{ "type": "Feature", "properties": { "osm_id": "32868159", "road_name": "Willsmore Street", "highway": "residential", "maxspeed_kmh": 40.0, "length_km": 0.39160836033731039 }, "geometry": { "type": "LineString", "coordinates": [ [ 138.547060499999986, -34.8948903 ], [ 138.5513057, -34.8946579 ] ] } },
{ "type": "Feature", "properties": { "osm_id": "32868160", "road_name": "Fairbanks Street", "highway": "residential", "maxspeed_kmh": 40.0, "length_km": 0.19624641143574301 }, "geometry": { "type": "LineString", "coordinates": [ [ 138.5512359, -34.893769 ], [ 138.5491093, -34.89389520000001 ] ] } },
{ "type": "Feature", "properties": { "osm_id": "32868161", "road_name": "Jeanes Street", "highway": "residential", "maxspeed_kmh": 40.0, "length_km": 0.37811821586226629 }, "geometry": { "type": "LineString", "coordinates": [ [ 138.5470298, -34.8927193 ], [ 138.5511287, -34.8924963 ] ] } },
{ "type": "Feature", "properties": { "osm_id": "32868162", "road_name": "Linden Court", "highway": "residential", "maxspeed_kmh": 40.0, "length_km": 0.062505268703198474 }, "geometry": { "type": "LineString", "coordinates": [ [ 138.548273200000011, -34.8932235 ], [ 138.5482388, -34.8926647 ] ] } },
{ "type": "Feature", "properties": { "osm_id": "32868163", "road_name": "Charles Road", "highway": "residential", "maxspeed_kmh": 40.0, "length_km": 1.1772877662950303 }, "geometry": { "type": "LineString", "coordinates": [ [ 138.546713399999987, -34.898874599999985 ], [ 138.5461899, -34.8883592 ] ] } },
{ "type": "Feature", "properties": { "osm_id": "32868164", "road_name": "Woolgina Street", "highway": "residential", "maxspeed_kmh": 40.0, "length_km": 0.084520258827186626 }, "geometry": { "type": "LineString", "coordinates": [ [ 138.54146990000001, -34.8917946 ], [ 138.5423867, -34.8917524 ] ] } },
{ "type": "Feature", "properties": { "osm_id": "32868165", "road_name": "Spring Street", "highway": "residential", "maxspeed_kmh": 40.0, "length_km": 0.39449363730031717 }, "geometry": { "type": "LineString", "coordinates": [ [ 138.5472049, -34.8970046 ], [ 138.551470099999989, -34.896752 ] ] } },
{ "type": "Feature", "properties": { "osm_id": "32868166", "road_name": "Golding Street", "highway": "residential", "maxspeed_kmh": 40.0, "length_km": 0.71111521003878597 }, "geometry": { "type": "LineString", "coordinates": [ [ 138.5481151, -34.894823 ], [ 138.548544, -34.90117870000001 ] ] } },
{ "type": "Feature", "properties": { "osm_id": "32868167", "road_name": "Hubbard Street", "highway": "residential", "maxspeed_kmh": 40.0, "length_km": 0.39495210925853286 }, "geometry": { "type": "LineString", "coordinates": [ [ 138.5516402, -34.8989188 ], [ 138.547356900000011, -34.8991305 ] ] } },
{ "type": "Feature", "properties": { "osm_id": "32868168", "road_name": "McLean Street", "highway": "residential", "maxspeed_kmh": 40.0, "length_km": 0.22628381563585528 }, "geometry": { "type": "LineString", "coordinates": [ [ 138.549440400000037, -34.9034533 ], [ 138.5518942, -34.9033333 ] ] } },
{ "type": "Feature", "properties": { "osm_id": "32868169", "road_name": "Watson Street", "highway": "residential", "maxspeed_kmh": 40.0, "length_km": 0.19699642851659879 }, "geometry": { "type": "LineString", "coordinates": [ [ 138.5492242, -34.8954626 ], [ 138.551359, -34.8953372 ] ] } },
{ "type": "Feature", "properties": { "osm_id": "32868170", "road_name": "Beverley Crescent", "highway": "residential", "maxspeed_kmh": 40.0, "length_km": 0.093446561450243562 }, "geometry": { "type": "LineString", "coordinates": [ [ 138.550369, -34.895403 ], [ 138.5503454, -34.8962317 ] ] } },
{ "type": "Feature", "properties": { "osm_id": "32868176", "road_name": "Bond Street", "highway": "residential", "maxspeed_kmh": 40.0, "length_km": 0.27470321982670226 }, "geometry": { "type": "LineString", "coordinates": [ [ 138.5575842, -34.9020669 ], [ 138.5605636, -34.9019188 ] ] } },
{ "type": "Feature", "properties": { "osm_id": "32868177", "road_name": "Glanton Street", "highway": "residential", "maxspeed_kmh": 40.0, "length_km": 0.23087195064679228 }, "geometry": { "type": "LineString", "coordinates": [ [ 138.563011, -34.901282 ], [ 138.5605095, -34.9011269 ] ] } },
{ "type": "Feature", "properties": { "osm_id": "32868178", "road_name": "Romford Street", "highway": "residential", "maxspeed_kmh": 40.0, "length_km": 0.22656545146654 }, "geometry": { "type": "LineString", "coordinates": [ [ 138.5619336, -34.9020471 ], [ 138.5617284, -34.9040682 ] ] } },
{ "type": "Feature", "properties": { "osm_id": "32868179", "road_name": "Cross Street", "highway": "residential", "maxspeed_kmh": 40.0, "length_km": 0.1129410824350113 }, "geometry": { "type": "LineString", "coordinates": [ [ 138.561851, -34.9028602 ], [ 138.5606264, -34.9027944 ] ] } },
{ "type": "Feature", "properties": { "osm_id": "32868180", "road_name": "Arlington Terrace", "highway": "residential", "maxspeed_kmh": 40.0, "length_km": 0.51237462808793544 }, "geometry": { "type": "LineString", "coordinates": [ [ 138.5607085, -34.9040044 ], [ 138.560478100000012, -34.8994641 ] ] } },
{ "type": "Feature", "properties": { "osm_id": "32868181", "road_name": "Linden Street", "highway": "residential", "maxspeed_kmh": 40.0, "length_km": 0.16222148828917318 }, "geometry": { "type": "LineString", "coordinates": [ [ 138.561915, -34.9003873 ], [ 138.5621413, -34.8989656 ] ] } },
{ "type": "Feature", "properties": { "osm_id": "32868182", "road_name": "Morgan Street", "highway": "residential", "maxspeed_kmh": 40.0, "length_km": 0.24635444559438033 }, "geometry": { "type": "LineString", "coordinates": [ [ 138.563105, -34.9004658 ], [ 138.5604371, -34.9002864 ] ] } },
{ "type": "Feature", "properties": { "osm_id": "32868183", "road_name": "Fischer Street", "highway": "residential", "maxspeed_kmh": 40.0, "length_km": 0.13376520490692331 }, "geometry": { "type": "LineString", "coordinates": [ [ 138.5574633, -34.900408 ], [ 138.558915500000012, -34.9003589 ] ] } },
{ "type": "Feature", "properties": { "osm_id": "32868184", "road_name": "Bourn Avenue", "highway": "residential", "maxspeed_kmh": 40.0, "length_km": 0.15292634150798956 }, "geometry": { "type": "LineString", "coordinates": [ [ 138.5606632, -34.8994772 ], [ 138.5608206, -34.8981144 ] ] } },
{ "type": "Feature", "properties": { "osm_id": "32868185", "road_name": "Arlington Terrace", "highway": "residential", "maxspeed_kmh": 40.0, "length_km": 0.19996582152591605 }, "geometry": { "type": "LineString", "coordinates": [ [ 138.560202800000013, -34.8994366 ], [ 138.560132, -34.8976587 ] ] } },
{ "type": "Feature", "properties": { "osm_id": "32868186", "road_name": "Day Terrace", "highway": "residential", "maxspeed_kmh": 40.0, "length_km": 0.11726424466973571 }, "geometry": { "type": "LineString", "coordinates": [ [ 138.563877, -34.8965916 ], [ 138.5648037, -34.897312 ] ] } },
{ "type": "Feature", "properties": { "osm_id": "32868187", "road_name": "Price Weir Avenue", "highway": "residential", "maxspeed_kmh": 40.0, "length_km": 0.13666450256204926 }, "geometry": { "type": "LineString", "coordinates": [ [ 138.5513188, -34.8948252 ], [ 138.5527395, -34.8944933 ] ] } },
{ "type": "Feature", "properties": { "osm_id": "32868188", "road_name": "Leane Avenue", "highway": "residential", "maxspeed_kmh": 40.0, "length_km": 0.17964249068035862 }, "geometry": { "type": "LineString", "coordinates": [ [ 138.5513918, -34.895755399999985 ], [ 138.5532695, -34.8953607 ] ] } },
{ "type": "Feature", "properties": { "osm_id": "32868189", "road_name": "Birdwood Avenue", "highway": "residential", "maxspeed_kmh": 40.0, "length_km": 0.24067654528847052 }, "geometry": { "type": "LineString", "coordinates": [ [ 138.5540484, -34.8973339 ], [ 138.5562316, -34.8961795 ] ] } },
{ "type": "Feature", "properties": { "osm_id": "32874167", "road_name": "Norman Terrace", "highway": "residential", "maxspeed_kmh": 40.0, "length_km": 0.21148546222612805 }, "geometry": { "type": "LineString", "coordinates": [ [ 138.583342, -34.9526909 ], [ 138.581428, -34.9536999 ] ] } },
{ "type": "Feature", "properties": { "osm_id": "32920083", "road_name": "Taylor Street", "highway": "residential", "maxspeed_kmh": 40.0, "length_km": 0.23577734517229404 }, "geometry": { "type": "LineString", "coordinates": [ [ 138.5728474, -34.9005641 ], [ 138.5712275, -34.9021984 ] ] } },
{ "type": "Feature", "properties": { "osm_id": "32920084", "road_name": "Hocking Street", "highway": "residential", "maxspeed_kmh": 40.0, "length_km": 0.23050734511877966 }, "geometry": { "type": "LineString", "coordinates": [ [ 138.5707148, -34.9017983 ], [ 138.5723141, -34.9002105 ] ] } },
{ "type": "Feature", "properties": { "osm_id": "32920085", "road_name": "Brown Street", "highway": "residential", "maxspeed_kmh": 40.0, "length_km": 0.25226086052702101 }, "geometry": { "type": "LineString", "coordinates": [ [ 138.5725131, -34.9003425 ], [ 138.5742429, -34.8985908 ] ] } },
{ "type": "Feature", "properties": { "osm_id": "32920086", "road_name": "Third Street", "highway": "residential", "maxspeed_kmh": 40.0, "length_km": 0.15331444128779373 }, "geometry": { "type": "LineString", "coordinates": [ [ 138.5765733, -34.9001132 ], [ 138.5752679, -34.8992606 ] ] } },
{ "type": "Feature", "properties": { "osm_id": "32920088", "road_name": "Kersley Court", "highway": "residential", "maxspeed_kmh": 40.0, "length_km": 0.068236299586862115 }, "geometry": { "type": "LineString", "coordinates": [ [ 138.572696799999989, -34.8976544 ], [ 138.573277, -34.8980347 ] ] } },
{ "type": "Feature", "properties": { "osm_id": "32920091", "road_name": "Burley Griffin Boulevard", "highway": "residential", "maxspeed_kmh": 40.0, "length_km": 0.13387021165130555 }, "geometry": { "type": "LineString", "coordinates": [ [ 138.570680399999986, -34.8977656 ], [ 138.5719578, -34.8983136 ] ] } },
{ "type": "Feature", "properties": { "osm_id": "32920097", "road_name": "Coglin Street", "highway": "residential", "maxspeed_kmh": 40.0, "length_km": 0.18149307067808121 }, "geometry": { "type": "LineString", "coordinates": [ [ 138.578362700000014, -34.8934172 ], [ 138.5771077, -34.8946704 ] ] } },
{ "type": "Feature", "properties": { "osm_id": "32920098", "road_name": "Green Street", "highway": "residential", "maxspeed_kmh": 40.0, "length_km": 0.50569584576679016 }, "geometry": { "type": "LineString", "coordinates": [ [ 138.574829099999988, -34.8989717 ], [ 138.578253100000012, -34.8954315 ] ] } },
{ "type": "Feature", "properties": { "osm_id": "32920101", "road_name": "Ninth Street", "highway": "residential", "maxspeed_kmh": 40.0, "length_km": 0.10758460305897898 }, "geometry": { "type": "LineString", "coordinates": [ [ 138.579300499999988, -34.9021403 ], [ 138.580216400000012, -34.9027388 ] ] } },
{ "type": "Feature", "properties": { "osm_id": "32920104", "road_name": "Trembath Street", "highway": "residential", "maxspeed_kmh": 40.0, "length_km": 0.076005315061359574 }, "geometry": { "type": "LineString", "coordinates": [ [ 138.580844899999988, -34.9048014 ], [ 138.5810956, -34.9041531 ] ] } },
{ "type": "Feature", "properties": { "osm_id": "32920106", "road_name": "Eighth Street", "highway": "residential", "maxspeed_kmh": 40.0, "length_km": 0.31041018940492066 }, "geometry": { "type": "LineString", "coordinates": [ [ 138.5810956, -34.9041531 ], [ 138.5784516, -34.902430700000011 ] ] } },
{ "type": "Feature", "properties": { "osm_id": "32920109", "road_name": "St James Boulevard", "highway": "residential", "maxspeed_kmh": 40.0, "length_km": 0.4282014806536748 }, "geometry": { "type": "LineString", "coordinates": [ [ 138.5759536, -34.894831 ], [ 138.5744057, -34.8937425 ], [ 138.5740519, -34.8931248 ], [ 138.575083, -34.8920077 ] ] } },
{ "type": "Feature", "properties": { "osm_id": "32920110", "road_name": "Doughty Street", "highway": "residential", "maxspeed_kmh": 40.0, "length_km": 0.096405400614255649 }, "geometry": { "type": "LineString", "coordinates": [ [ 138.5747622, -34.89230160000001 ], [ 138.575589400000013, -34.892831 ] ] } },
{ "type": "Feature", "properties": { "osm_id": "32920112", "road_name": "Wentworth Place", "highway": "residential", "maxspeed_kmh": 40.0, "length_km": 0.09448307632969706 }, "geometry": { "type": "LineString", "coordinates": [ [ 138.5750734, -34.893357199999983 ], [ 138.5747274, -34.893125799999986 ], [ 138.5743079, -34.8934377 ] ] } },
{ "type": "Feature", "properties": { "osm_id": "32920116", "road_name": "McQuillan Avenue", "highway": "residential", "maxspeed_kmh": 40.0, "length_km": 0.5643040997749349 }, "geometry": { "type": "LineString", "coordinates": [ [ 138.5775904, -34.892927 ], [ 138.5836301, -34.8924275 ] ] } },
{ "type": "Feature", "properties": { "osm_id": "32920117", "road_name": "St Johns Avenue South", "highway": "residential", "maxspeed_kmh": 40.0, "length_km": 0.10647128741976078 }, "geometry": { "type": "LineString", "coordinates": [ [ 138.5820398, -34.8934638 ], [ 138.581968, -34.8925125 ] ] } },
{ "type": "Feature", "properties": { "osm_id": "32920119", "road_name": "Harrison Road", "highway": "tertiary", "maxspeed_kmh": 40.0, "length_km": 0.39148509785873747 }, "geometry": { "type": "LineString", "coordinates": [ [ 138.5762034, -34.892087700000012 ], [ 138.576332900000011, -34.89169 ], [ 138.5761378, -34.8886139 ] ] } },
{ "type": "Feature", "properties": { "osm_id": "32920120", "road_name": "Wright Street", "highway": "residential", "maxspeed_kmh": 40.0, "length_km": 0.42424602296822783 }, "geometry": { "type": "LineString", "coordinates": [ [ 138.569690900000012, -34.8928459 ], [ 138.572457800000024, -34.8898085 ] ] } },
{ "type": "Feature", "properties": { "osm_id": "32920121", "road_name": "Blight Street", "highway": "residential", "maxspeed_kmh": 40.0, "length_km": 0.72246061481931945 }, "geometry": { "type": "LineString", "coordinates": [ [ 138.5698037, -34.896243 ], [ 138.574717, -34.8911994 ] ] } },
{ "type": "Feature", "properties": { "osm_id": "32920122", "road_name": "Bolton Avenue", "highway": "residential", "maxspeed_kmh": 40.0, "length_km": 0.4029330787361175 }, "geometry": { "type": "LineString", "coordinates": [ [ 138.5762197, -34.8897651 ], [ 138.5805901, -34.8895578 ] ] } },
{ "type": "Feature", "properties": { "osm_id": "32920125", "road_name": "Berwick Avenue", "highway": "residential", "maxspeed_kmh": 40.0, "length_km": 0.14312757904869972 }, "geometry": { "type": "LineString", "coordinates": [ [ 138.5794239, -34.888329699999986 ], [ 138.5795125, -34.8896089 ] ] } },
{ "type": "Feature", "properties": { "osm_id": "32920126", "road_name": "Branston Avenue", "highway": "residential", "maxspeed_kmh": 40.0, "length_km": 0.1373125583470968 }, "geometry": { "type": "LineString", "coordinates": [ [ 138.5772438, -34.8884853 ], [ 138.577343, -34.8897118 ] ] } },
{ "type": "Feature", "properties": { "osm_id": "32920149", "road_name": "Ashman Avenue", "highway": "residential", "maxspeed_kmh": 40.0, "length_km": 0.16368624763238021 }, "geometry": { "type": "LineString", "coordinates": [ [ 138.583519, -34.8908633 ], [ 138.5822537, -34.89102290000001 ], [ 138.581846500000012, -34.8908845 ] ] } },
{ "type": "Feature", "properties": { "osm_id": "32920150", "road_name": "Alexander Avenue", "highway": "residential", "maxspeed_kmh": 40.0, "length_km": 0.26060959764484259 }, "geometry": { "type": "LineString", "coordinates": [ [ 138.5805619, -34.8891433 ], [ 138.5833887, -34.8890108 ] ] } },
{ "type": "Feature", "properties": { "osm_id": "32920155", "road_name": "Fitzroy Terrace", "highway": "service", "maxspeed_kmh": 40.0, "length_km": 0.18185548493998743 }, "geometry": { "type": "LineString", "coordinates": [ [ 138.590196099999986, -34.8990582 ], [ 138.590128099999987, -34.8989438 ], [ 138.5883236, -34.89905370000001 ] ] } },
{ "type": "Feature", "properties": { "osm_id": "33116168", "road_name": "Lebanon Avenue", "highway": "residential", "maxspeed_kmh": 40.0, "length_km": 0.22465513045029567 }, "geometry": { "type": "LineString", "coordinates": [ [ 138.641198, -34.9563152 ], [ 138.6410952, -34.9551131 ], [ 138.6420731, -34.9550702 ] ] } },
{ "type": "Feature", "properties": { "osm_id": "33116198", "road_name": "Taminga Avenue", "highway": "residential", "maxspeed_kmh": 40.0, "length_km": 0.34220646693748763 }, "geometry": { "type": "LineString", "coordinates": [ [ 138.6418998, -34.9532112 ], [ 138.6421507, -34.9562678 ] ] } },
{ "type": "Feature", "properties": { "osm_id": "33116230", "road_name": "Trevorten Avenue", "highway": "residential", "maxspeed_kmh": 40.0, "length_km": 0.19952751340260236 }, "geometry": { "type": "LineString", "coordinates": [ [ 138.6419823, -34.9541189 ], [ 138.6398177, -34.9542414 ] ] } },
{ "type": "Feature", "properties": { "osm_id": "33319484", "road_name": "Tarcowie Street", "highway": "residential", "maxspeed_kmh": 40.0, "length_km": 0.43668934634668494 }, "geometry": { "type": "LineString", "coordinates": [ [ 138.5531581, -34.8856533 ], [ 138.5494424, -34.8832391 ] ] } },
{ "type": "Feature", "properties": { "osm_id": "33434190", "road_name": "Seaview Road", "highway": "residential", "maxspeed_kmh": 40.0, "length_km": 0.30580449410034077 }, "geometry": { "type": "LineString", "coordinates": [ [ 138.4880748, -34.8947861 ], [ 138.4889657, -34.8974137 ] ] } },
{ "type": "Feature", "properties": { "osm_id": "33613800", "road_name": "Joslin Street", "highway": "residential", "maxspeed_kmh": 40.0, "length_km": 0.23467792884874747 }, "geometry": { "type": "LineString", "coordinates": [ [ 138.5926091, -34.9430199 ], [ 138.592782, -34.9451156 ] ] } },
{ "type": "Feature", "properties": { "osm_id": "33613803", "road_name": "Short Street", "highway": "residential", "maxspeed_kmh": 40.0, "length_km": 0.013994987481062629 }, "geometry": { "type": "LineString", "coordinates": [ [ 138.5905884, -34.9430391 ], [ 138.5906043, -34.9431637 ] ] } },
{ "type": "Feature", "properties": { "osm_id": "33613804", "road_name": "Davenport Terrace", "highway": "residential", "maxspeed_kmh": 40.0, "length_km": 0.74943087687491283 }, "geometry": { "type": "LineString", "coordinates": [ [ 138.5906573, -34.9441127 ], [ 138.5987897, -34.943706 ] ] } },
{ "type": "Feature", "properties": { "osm_id": "33613806", "road_name": "Clark Street", "highway": "residential", "maxspeed_kmh": 40.0, "length_km": 0.22207978956127039 }, "geometry": { "type": "LineString", "coordinates": [ [ 138.5962494, -34.9429556 ], [ 138.5963968, -34.9449399 ] ] } },
{ "type": "Feature", "properties": { "osm_id": "33613811", "road_name": "Clark Place", "highway": "service", "maxspeed_kmh": 40.0, "length_km": 0.1192727674366882 }, "geometry": { "type": "LineString", "coordinates": [ [ 138.5969907, -34.9437949 ], [ 138.59692050000001, -34.9427287 ] ] } },
{ "type": "Feature", "properties": { "osm_id": "33613812", "road_name": "Rose Lane", "highway": "service", "maxspeed_kmh": 40.0, "length_km": 0.2042430067739697 }, "geometry": { "type": "LineString", "coordinates": [ [ 138.5969548, -34.943248599999983 ], [ 138.5991716, -34.9431428 ] ] } },
{ "type": "Feature", "properties": { "osm_id": "33909689", "road_name": "Redman Court", "highway": "residential", "maxspeed_kmh": 40.0, "length_km": 0.080810495866900936 }, "geometry": { "type": "LineString", "coordinates": [ [ 138.5408033, -34.875642 ], [ 138.5413598, -34.8750826 ] ] } },
{ "type": "Feature", "properties": { "osm_id": "33997751", "road_name": "Dale Street", "highway": "residential", "maxspeed_kmh": 40.0, "length_km": 0.10482161332205686 }, "geometry": { "type": "LineString", "coordinates": [ [ 138.547626799999989, -34.881262 ], [ 138.548352200000011, -34.880554 ] ] } },
{ "type": "Feature", "properties": { "osm_id": "33998031", "road_name": "Park Street South", "highway": "residential", "maxspeed_kmh": 40.0, "length_km": 0.10624867086856954 }, "geometry": { "type": "LineString", "coordinates": [ [ 138.540261, -34.8838273 ], [ 138.540978599999988, -34.8830824 ] ] } },
{ "type": "Feature", "properties": { "osm_id": "33998639", "road_name": "Ranelagh Street", "highway": "residential", "maxspeed_kmh": 40.0, "length_km": 0.68606461671267804 }, "geometry": { "type": "LineString", "coordinates": [ [ 138.5442836, -34.8764347 ], [ 138.547422399999988, -34.8783359 ], [ 138.5500575, -34.8802776 ] ] } },
{ "type": "Feature", "properties": { "osm_id": "33998640", "road_name": "Florence Street", "highway": "residential", "maxspeed_kmh": 40.0, "length_km": 0.104911897870951 }, "geometry": { "type": "LineString", "coordinates": [ [ 138.54501590000001, -34.875703399999985 ], [ 138.5440872, -34.8751637 ] ] } },
{ "type": "Feature", "properties": { "osm_id": "34159666", "road_name": "Conigrave Lane", "highway": "residential", "maxspeed_kmh": 40.0, "length_km": 0.20295914670510651 }, "geometry": { "type": "LineString", "coordinates": [ [ 138.6342515, -34.9192338 ], [ 138.6320495, -34.9193436 ] ] } },
{ "type": "Feature", "properties": { "osm_id": "34241189", "road_name": "Rowell Crescent", "highway": "residential", "maxspeed_kmh": 40.0, "length_km": 0.60468728087250667 }, "geometry": { "type": "LineString", "coordinates": [ [ 138.5600403, -34.8836718 ], [ 138.5579238, -34.8823839 ], [ 138.555454, -34.8848941 ] ] } },
{ "type": "Feature", "properties": { "osm_id": "34241193", "road_name": "Margaret Avenue", "highway": "residential", "maxspeed_kmh": 40.0, "length_km": 0.30060794591829659 }, "geometry": { "type": "LineString", "coordinates": [ [ 138.5545426, -34.8842552 ], [ 138.5570645, -34.8859644 ] ] } },
{ "type": "Feature", "properties": { "osm_id": "34241198", "road_name": "Clarence Street", "highway": "residential", "maxspeed_kmh": 40.0, "length_km": 0.37746152979278658 }, "geometry": { "type": "LineString", "coordinates": [ [ 138.559411899999986, -34.8848344 ], [ 138.556867400000016, -34.8874839 ] ] } },
{ "type": "Feature", "properties": { "osm_id": "34241201", "road_name": "Bryan Avenue", "highway": "residential", "maxspeed_kmh": 40.0, "length_km": 0.16682028607433563 }, "geometry": { "type": "LineString", "coordinates": [ [ 138.550048299999986, -34.8835743 ], [ 138.5510654, -34.882355 ] ] } },
{ "type": "Feature", "properties": { "osm_id": "34241266", "road_name": "Myponga Terrace", "highway": "residential", "maxspeed_kmh": 40.0, "length_km": 0.24876236373321142 }, "geometry": { "type": "LineString", "coordinates": [ [ 138.5519343, -34.8829116 ], [ 138.5497919, -34.8815619 ] ] } },
{ "type": "Feature", "properties": { "osm_id": "34241299", "road_name": "Coles Street", "highway": "residential", "maxspeed_kmh": 40.0, "length_km": 0.080942311219631288 }, "geometry": { "type": "LineString", "coordinates": [ [ 138.552726700000022, -34.8788027 ], [ 138.553284600000012, -34.8782427 ] ] } },
{ "type": "Feature", "properties": { "osm_id": "34241551", "road_name": "Downer Street", "highway": "residential", "maxspeed_kmh": 40.0, "length_km": 0.27782743479170335 }, "geometry": { "type": "LineString", "coordinates": [ [ 138.5570721, -34.8816784 ], [ 138.5547403, -34.8801046 ] ] } },
{ "type": "Feature", "properties": { "osm_id": "34241552", "road_name": "Miell Street", "highway": "residential", "maxspeed_kmh": 40.0, "length_km": 0.1151115441094718 }, "geometry": { "type": "LineString", "coordinates": [ [ 138.5579238, -34.8823839 ], [ 138.5570721, -34.8816784 ] ] } },
{ "type": "Feature", "properties": { "osm_id": "34241612", "road_name": "Gelland Place", "highway": "residential", "maxspeed_kmh": 40.0, "length_km": 0.05386431977234947 }, "geometry": { "type": "LineString", "coordinates": [ [ 138.558915500000012, -34.8829464 ], [ 138.558579400000042, -34.883341099999988 ] ] } },
{ "type": "Feature", "properties": { "osm_id": "34241621", "road_name": "Gelland Place", "highway": "residential", "maxspeed_kmh": 40.0, "length_km": 0.10694164147312923 }, "geometry": { "type": "LineString", "coordinates": [ [ 138.5580674, -34.8830995 ], [ 138.558810599999987, -34.8834781 ], [ 138.5588233, -34.8836728 ] ] } },
{ "type": "Feature", "properties": { "osm_id": "34242018", "road_name": "Penola Street", "highway": "residential", "maxspeed_kmh": 40.0, "length_km": 0.27890228680560697 }, "geometry": { "type": "LineString", "coordinates": [ [ 138.551286500000032, -34.883581 ], [ 138.553638299999989, -34.885155 ] ] } },
{ "type": "Feature", "properties": { "osm_id": "34242037", "road_name": "Myponga Terrace", "highway": "residential", "maxspeed_kmh": 40.0, "length_km": 0.27968811209511923 }, "geometry": { "type": "LineString", "coordinates": [ [ 138.5517862, -34.8830683 ], [ 138.5541548, -34.8846363 ] ] } },
{ "type": "Feature", "properties": { "osm_id": "34242056", "road_name": "Kupman Street", "highway": "residential", "maxspeed_kmh": 40.0, "length_km": 0.28186881802741365 }, "geometry": { "type": "LineString", "coordinates": [ [ 138.5522829, -34.8825514 ], [ 138.554671, -34.8841306 ] ] } },
{ "type": "Feature", "properties": { "osm_id": "34242070", "road_name": "Arkaba Road", "highway": "residential", "maxspeed_kmh": 40.0, "length_km": 0.29270973542401307 }, "geometry": { "type": "LineString", "coordinates": [ [ 138.552502800000013, -34.8835367 ], [ 138.5505225, -34.8855865 ] ] } },
{ "type": "Feature", "properties": { "osm_id": "34242214", "road_name": "Shearer Street", "highway": "residential", "maxspeed_kmh": 40.0, "length_km": 0.13890158026578123 }, "geometry": { "type": "LineString", "coordinates": [ [ 138.5562854, -34.881126 ], [ 138.5553524, -34.8821032 ] ] } },
{ "type": "Feature", "properties": { "osm_id": "34242294", "road_name": "Copley Street", "highway": "residential", "maxspeed_kmh": 40.0, "length_km": 0.36630736285396442 }, "geometry": { "type": "LineString", "coordinates": [ [ 138.551763200000011, -34.8813882 ], [ 138.554262200000011, -34.8788365 ] ] } },
{ "type": "Feature", "properties": { "osm_id": "34242352", "road_name": "Castle Street", "highway": "residential", "maxspeed_kmh": 40.0, "length_km": 0.11710014472196942 }, "geometry": { "type": "LineString", "coordinates": [ [ 138.5535377, -34.8869084 ], [ 138.5544984, -34.8875902 ] ] } },
{ "type": "Feature", "properties": { "osm_id": "34242360", "road_name": "Boston Street", "highway": "residential", "maxspeed_kmh": 40.0, "length_km": 0.32046809659303155 }, "geometry": { "type": "LineString", "coordinates": [ [ 138.555398300000036, -34.8865196 ], [ 138.5575978, -34.884296 ] ] } },
{ "type": "Feature", "properties": { "osm_id": "34242363", "road_name": "Lincoln Street", "highway": "residential", "maxspeed_kmh": 40.0, "length_km": 0.14279509363817022 }, "geometry": { "type": "LineString", "coordinates": [ [ 138.5555635, -34.8849675 ], [ 138.554584299999988, -34.8859589 ] ] } },
{ "type": "Feature", "properties": { "osm_id": "34242439", "road_name": "Herbert Road", "highway": "residential", "maxspeed_kmh": 40.0, "length_km": 0.33281904134321771 }, "geometry": { "type": "LineString", "coordinates": [ [ 138.55497, -34.8888776 ], [ 138.5553152, -34.8886405 ], [ 138.557615, -34.8903961 ] ] } },
{ "type": "Feature", "properties": { "osm_id": "34242443", "road_name": "Duncan Road", "highway": "residential", "maxspeed_kmh": 40.0, "length_km": 0.13525205032887275 }, "geometry": { "type": "LineString", "coordinates": [ [ 138.556004699999988, -34.8891589 ], [ 138.5550753, -34.8900964 ] ] } },
{ "type": "Feature", "properties": { "osm_id": "34242482", "road_name": "Donald Avenue", "highway": "residential", "maxspeed_kmh": 40.0, "length_km": 0.28799516455080437 }, "geometry": { "type": "LineString", "coordinates": [ [ 138.559728799999988, -34.8883527 ], [ 138.5579941, -34.8872821 ], [ 138.5573637, -34.8878115 ] ] } },
{ "type": "Feature", "properties": { "osm_id": "34581982", "road_name": "Florence Street", "highway": "residential", "maxspeed_kmh": 40.0, "length_km": 0.14560444047809687 }, "geometry": { "type": "LineString", "coordinates": [ [ 138.5544984, -34.8875902 ], [ 138.5554831, -34.8865758 ] ] } },
{ "type": "Feature", "properties": { "osm_id": "34581983", "road_name": "Hilda Street", "highway": "residential", "maxspeed_kmh": 40.0, "length_km": 0.15525257549105312 }, "geometry": { "type": "LineString", "coordinates": [ [ 138.556126299999988, -34.8881042 ], [ 138.555453, -34.8879194 ], [ 138.5546773, -34.8874348 ] ] } },
{ "type": "Feature", "properties": { "osm_id": "34582284", "road_name": "Kingsley Avenue", "highway": "residential", "maxspeed_kmh": 40.0, "length_km": 0.26119901840328696 }, "geometry": { "type": "LineString", "coordinates": [ [ 138.5587663, -34.8855123 ], [ 138.56092, -34.8870272 ] ] } },
{ "type": "Feature", "properties": { "osm_id": "34582285", "road_name": "Kingsley Avenue", "highway": "residential", "maxspeed_kmh": 40.0, "length_km": 0.20085566002193275 }, "geometry": { "type": "LineString", "coordinates": [ [ 138.5627423, -34.8882367 ], [ 138.561041499999988, -34.8871103 ] ] } },
{ "type": "Feature", "properties": { "osm_id": "34582652", "road_name": "Alfred Road", "highway": "residential", "maxspeed_kmh": 40.0, "length_km": 0.20235586215748641 }, "geometry": { "type": "LineString", "coordinates": [ [ 138.5591535, -34.8890251 ], [ 138.56086270000003, -34.8901639 ] ] } },
{ "type": "Feature", "properties": { "osm_id": "34582658", "road_name": "Marion Street", "highway": "residential", "maxspeed_kmh": 40.0, "length_km": 0.1770217929488111 }, "geometry": { "type": "LineString", "coordinates": [ [ 138.5615463, -34.8885887 ], [ 138.5603366, -34.8898206 ] ] } },
{ "type": "Feature", "properties": { "osm_id": "34582667", "road_name": "Para Street", "highway": "residential", "maxspeed_kmh": 40.0, "length_km": 0.090667667136329372 }, "geometry": { "type": "LineString", "coordinates": [ [ 138.560435, -34.8889267 ], [ 138.5596715, -34.8884139 ] ] } },
{ "type": "Feature", "properties": { "osm_id": "34582686", "road_name": "Herbert Road", "highway": "residential", "maxspeed_kmh": 40.0, "length_km": 0.20252355993851945 }, "geometry": { "type": "LineString", "coordinates": [ [ 138.5593312, -34.8917142 ], [ 138.5577193, -34.8904802 ] ] } },
{ "type": "Feature", "properties": { "osm_id": "34582940", "road_name": "Heading Street", "highway": "residential", "maxspeed_kmh": 40.0, "length_km": 0.25470397493475178 }, "geometry": { "type": "LineString", "coordinates": [ [ 138.558432900000014, -34.889666 ], [ 138.5562904, -34.8882231 ] ] } },
{ "type": "Feature", "properties": { "osm_id": "34582941", "road_name": "Westbourne Street", "highway": "residential", "maxspeed_kmh": 40.0, "length_km": 0.20901741435316318 }, "geometry": { "type": "LineString", "coordinates": [ [ 138.5583835, -34.8897187 ], [ 138.56015450000001, -34.8908898 ] ] } },
{ "type": "Feature", "properties": { "osm_id": "34583160", "road_name": "Jane Street", "highway": "residential", "maxspeed_kmh": 40.0, "length_km": 0.27434552462126816 }, "geometry": { "type": "LineString", "coordinates": [ [ 138.5548087, -34.8904045 ], [ 138.552920699999987, -34.8923048 ] ] } },
{ "type": "Feature", "properties": { "osm_id": "34583161", "road_name": "Blanford Street", "highway": "residential", "maxspeed_kmh": 40.0, "length_km": 0.20140533548529596 }, "geometry": { "type": "LineString", "coordinates": [ [ 138.5538939, -34.8913282 ], [ 138.5555821, -34.8924752 ] ] } },
{ "type": "Feature", "properties": { "osm_id": "34583174", "road_name": "Blanford Street", "highway": "residential", "maxspeed_kmh": 40.0, "length_km": 0.21418838923158579 }, "geometry": { "type": "LineString", "coordinates": [ [ 138.5575231, -34.893754 ], [ 138.555703700000038, -34.8925586 ] ] } },
{ "type": "Feature", "properties": { "osm_id": "35267997", "road_name": "Eleventh Street", "highway": "residential", "maxspeed_kmh": 40.0, "length_km": 0.2801257932497504 }, "geometry": { "type": "LineString", "coordinates": [ [ 138.5823709, -34.902440299999988 ], [ 138.57998090000001, -34.9008876 ] ] } },
{ "type": "Feature", "properties": { "osm_id": "35268735", "road_name": "Third Street", "highway": "residential", "maxspeed_kmh": 40.0, "length_km": 0.16859331022556545 }, "geometry": { "type": "LineString", "coordinates": [ [ 138.577654200000012, -34.9008441 ], [ 138.579067, -34.9018048 ] ] } },
{ "type": "Feature", "properties": { "osm_id": "35268859", "road_name": "Tenth Street", "highway": "residential", "maxspeed_kmh": 40.0, "length_km": 0.33426566474007485 }, "geometry": { "type": "LineString", "coordinates": [ [ 138.5794747, -34.9014015 ], [ 138.582306100000011, -34.9032758 ] ] } },
{ "type": "Feature", "properties": { "osm_id": "35269029", "road_name": "Ninth Street", "highway": "residential", "maxspeed_kmh": 40.0, "length_km": 0.10373756607702522 }, "geometry": { "type": "LineString", "coordinates": [ [ 138.579067, -34.9018048 ], [ 138.579372400000011, -34.9020243 ], [ 138.579300499999988, -34.9021403 ], [ 138.5791448, -34.902218699999985 ], [ 138.5788492, -34.9020379 ] ] } },
{ "type": "Feature", "properties": { "osm_id": "35269117", "road_name": "Ethelbert Square", "highway": "residential", "maxspeed_kmh": 40.0, "length_km": 0.053002815400996009 }, "geometry": { "type": "LineString", "coordinates": [ [ 138.576908800000041, -34.9006866 ], [ 138.5764801, -34.9003753 ] ] } },
{ "type": "Feature", "properties": { "osm_id": "35269327", "road_name": "Florence Crescent", "highway": "residential", "maxspeed_kmh": 40.0, "length_km": 0.22494448276686524 }, "geometry": { "type": "LineString", "coordinates": [ [ 138.576334800000012, -34.9003411 ], [ 138.5756222, -34.9007946 ], [ 138.5747542, -34.9018358 ] ] } },
{ "type": "Feature", "properties": { "osm_id": "35269328", "road_name": "West Street", "highway": "residential", "maxspeed_kmh": 40.0, "length_km": 1.2107215796380268 }, "geometry": { "type": "LineString", "coordinates": [ [ 138.58073490000001, -34.8948306 ], [ 138.5724571, -34.9032542 ] ] } },
{ "type": "Feature", "properties": { "osm_id": "35269706", "road_name": "Tabard Avenue", "highway": "residential", "maxspeed_kmh": 40.0, "length_km": 0.17409949116278109 }, "geometry": { "type": "LineString", "coordinates": [ [ 138.574216400000012, -34.8956418 ], [ 138.575353, -34.8944013 ] ] } },
{ "type": "Feature", "properties": { "osm_id": "35269708", "road_name": "Holles Street", "highway": "residential", "maxspeed_kmh": 40.0, "length_km": 0.2058569718809253 }, "geometry": { "type": "LineString", "coordinates": [ [ 138.574744, -34.8960022 ], [ 138.5762083, -34.89463 ] ] } },
{ "type": "Feature", "properties": { "osm_id": "35269790", "road_name": "Ranelagh Street", "highway": "residential", "maxspeed_kmh": 40.0, "length_km": 0.16581871555302469 }, "geometry": { "type": "LineString", "coordinates": [ [ 138.573555, -34.8950575 ], [ 138.574529500000011, -34.8938312 ] ] } },
{ "type": "Feature", "properties": { "osm_id": "35270944", "road_name": "Pickering Street", "highway": "residential", "maxspeed_kmh": 40.0, "length_km": 0.23991251804413 }, "geometry": { "type": "LineString", "coordinates": [ [ 138.5717316, -34.902585599999988 ], [ 138.573385699999989, -34.9009257 ] ] } },
{ "type": "Feature", "properties": { "osm_id": "35271086", "road_name": "Kennington Avenue", "highway": "residential", "maxspeed_kmh": 40.0, "length_km": 0.1889369649780038 }, "geometry": { "type": "LineString", "coordinates": [ [ 138.576122, -34.892275 ], [ 138.574837300000013, -34.893594 ] ] } },
{ "type": "Feature", "properties": { "osm_id": "35271190", "road_name": "Bromley Close", "highway": "residential", "maxspeed_kmh": 40.0, "length_km": 0.053015886317058426 }, "geometry": { "type": "LineString", "coordinates": [ [ 138.575461600000011, -34.8922036 ], [ 138.5758732, -34.8925256 ] ] } },
{ "type": "Feature", "properties": { "osm_id": "35271392", "road_name": "Francis Ridley Circuit", "highway": "residential", "maxspeed_kmh": 40.0, "length_km": 0.14354004839916301 }, "geometry": { "type": "LineString", "coordinates": [ [ 138.577389, -34.8932409 ], [ 138.5766099, -34.8943285 ] ] } },
{ "type": "Feature", "properties": { "osm_id": "35273011", "road_name": "Mais Street", "highway": "residential", "maxspeed_kmh": 40.0, "length_km": 0.18503048945679865 }, "geometry": { "type": "LineString", "coordinates": [ [ 138.57791610000001, -34.8951852 ], [ 138.579164100000014, -34.8938868 ] ] } },
{ "type": "Feature", "properties": { "osm_id": "35273012", "road_name": "Turnbull Place", "highway": "residential", "maxspeed_kmh": 40.0, "length_km": 0.090945909860109669 }, "geometry": { "type": "LineString", "coordinates": [ [ 138.5784142, -34.894037499999989 ], [ 138.5792049, -34.8945257 ] ] } },
{ "type": "Feature", "properties": { "osm_id": "35273013", "road_name": "Hayman Street", "highway": "residential", "maxspeed_kmh": 40.0, "length_km": 0.14665953150058933 }, "geometry": { "type": "LineString", "coordinates": [ [ 138.581156, -34.8973459 ], [ 138.582067099999989, -34.896312 ] ] } },
{ "type": "Feature", "properties": { "osm_id": "36716115", "road_name": "Pembroke Street", "highway": "residential", "maxspeed_kmh": 40.0, "length_km": 0.30924053575046329 }, "geometry": { "type": "LineString", "coordinates": [ [ 138.6206585, -34.9136338 ], [ 138.618438, -34.9115583 ] ] } },
{ "type": "Feature", "properties": { "osm_id": "36716117", "road_name": "College Street", "highway": "residential", "maxspeed_kmh": 40.0, "length_km": 0.25412291699898704 }, "geometry": { "type": "LineString", "coordinates": [ [ 138.618438, -34.9115583 ], [ 138.620267, -34.9098537 ] ] } },
{ "type": "Feature", "properties": { "osm_id": "37584947", "road_name": null, "highway": "residential", "maxspeed_kmh": 40.0, "length_km": 0.13023385091446862 }, "geometry": { "type": "LineString", "coordinates": [ [ 138.6296927, -34.920332799999976 ], [ 138.629792400000014, -34.9214956 ] ] } },
{ "type": "Feature", "properties": { "osm_id": "40267570", "road_name": "Southern Myth Drive", "highway": "residential", "maxspeed_kmh": 40.0, "length_km": 0.34334153223265379 }, "geometry": { "type": "LineString", "coordinates": [ [ 138.4915832, -34.7955991 ], [ 138.4903472, -34.795533 ], [ 138.4893554, -34.7947837 ], [ 138.4882843, -34.7945156 ] ] } },
{ "type": "Feature", "properties": { "osm_id": "40267613", "road_name": "One And All Drive", "highway": "residential", "maxspeed_kmh": 40.0, "length_km": 0.57391221808732795 }, "geometry": { "type": "LineString", "coordinates": [ [ 138.4885433, -34.7945648 ], [ 138.4885382, -34.7941705 ], [ 138.487579, -34.7922427 ], [ 138.487376899999987, -34.7922244 ], [ 138.4870726, -34.792714899999986 ], [ 138.4875361, -34.7939132 ], [ 138.488231399999989, -34.793744 ] ] } },
{ "type": "Feature", "properties": { "osm_id": "40725425", "road_name": null, "highway": "service", "maxspeed_kmh": 40.0, "length_km": 0.25604840585981914 }, "geometry": { "type": "LineString", "coordinates": [ [ 138.6276966, -34.981403 ], [ 138.629032599999988, -34.98134060000001 ], [ 138.6303374, -34.9817415 ] ] } },
{ "type": "Feature", "properties": { "osm_id": "41660509", "road_name": "Swan Street", "highway": "residential", "maxspeed_kmh": 40.0, "length_km": 0.59247174519505919 }, "geometry": { "type": "LineString", "coordinates": [ [ 138.4935154, -34.8996816 ], [ 138.493894, -34.9049754 ] ] } },
{ "type": "Feature", "properties": { "osm_id": "41691280", "road_name": "Willochra Avenue", "highway": "residential", "maxspeed_kmh": 40.0, "length_km": 0.16246783949989427 }, "geometry": { "type": "LineString", "coordinates": [ [ 138.5042415, -34.9017823 ], [ 138.5042989, -34.9027153 ], [ 138.504539099999988, -34.9031961 ] ] } },
{ "type": "Feature", "properties": { "osm_id": "41691281", "road_name": "Westmoreland Road", "highway": "residential", "maxspeed_kmh": 40.0, "length_km": 0.45275214174335909 }, "geometry": { "type": "LineString", "coordinates": [ [ 138.505083500000012, -34.9030132 ], [ 138.5008862, -34.9044356 ], [ 138.500786799999986, -34.9047207 ] ] } },
{ "type": "Feature", "properties": { "osm_id": "41691287", "road_name": "Wandilla Street", "highway": "residential", "maxspeed_kmh": 40.0, "length_km": 0.40294758547727327 }, "geometry": { "type": "LineString", "coordinates": [ [ 138.5042708, -34.9023708 ], [ 138.500221900000014, -34.903736 ] ] } },
{ "type": "Feature", "properties": { "osm_id": "41691290", "road_name": "Tandanya Avenue", "highway": "residential", "maxspeed_kmh": 40.0, "length_km": 0.34401912712365523 }, "geometry": { "type": "LineString", "coordinates": [ [ 138.49948040000001, -34.9028526 ], [ 138.503178100000014, -34.9027444 ] ] } },
{ "type": "Feature", "properties": { "osm_id": "41707228", "road_name": "Almond Avenue", "highway": "residential", "maxspeed_kmh": 40.0, "length_km": 0.16042862184836992 }, "geometry": { "type": "LineString", "coordinates": [ [ 138.6408068, -34.9418814 ], [ 138.6390659, -34.9419697 ] ] } },
{ "type": "Feature", "properties": { "osm_id": "41707229", "road_name": "Webb Avenue", "highway": "residential", "maxspeed_kmh": 40.0, "length_km": 0.16214908651972834 }, "geometry": { "type": "LineString", "coordinates": [ [ 138.6372821, -34.941779299999986 ], [ 138.639042, -34.9416937 ] ] } },
{ "type": "Feature", "properties": { "osm_id": "42708210", "road_name": "Mann Lane", "highway": "unclassified", "maxspeed_kmh": 40.0, "length_km": 0.14784297491849779 }, "geometry": { "type": "LineString", "coordinates": [ [ 138.6016131, -34.9551644 ], [ 138.601720300000011, -34.956485 ] ] } },
{ "type": "Feature", "properties": { "osm_id": "42708264", "road_name": "Enterprise Lane", "highway": "unclassified", "maxspeed_kmh": 40.0, "length_km": 0.22737896809215749 }, "geometry": { "type": "LineString", "coordinates": [ [ 138.6024392, -34.9555446 ], [ 138.603378, -34.9554942 ], [ 138.6034171, -34.9559829 ], [ 138.6024823, -34.9560332 ] ] } },
{ "type": "Feature", "properties": { "osm_id": "42708292", "road_name": "Macklin Lane", "highway": "unclassified", "maxspeed_kmh": 40.0, "length_km": 0.32843943075960569 }, "geometry": { "type": "LineString", "coordinates": [ [ 138.6043578, -34.955506 ], [ 138.60375, -34.9555418 ], [ 138.60378890000004, -34.9559852 ], [ 138.6050315, -34.9559119 ], [ 138.6049926, -34.9554686 ], [ 138.6043578, -34.955506 ] ] } },
{ "type": "Feature", "properties": { "osm_id": "42710222", "road_name": "Bartley Terrace", "highway": "service", "maxspeed_kmh": 40.0, "length_km": 0.027669274094552401 }, "geometry": { "type": "LineString", "coordinates": [ [ 138.600229, -34.9413408 ], [ 138.6000085, -34.941505799999987 ] ] } },
{ "type": "Feature", "properties": { "osm_id": "43924466", "road_name": "Connor Avenue", "highway": "residential", "maxspeed_kmh": 40.0, "length_km": 0.50367904355788329 }, "geometry": { "type": "LineString", "coordinates": [ [ 138.5335384, -34.8896586 ], [ 138.5341845, -34.8851952 ] ] } },
{ "type": "Feature", "properties": { "osm_id": "43925465", "road_name": "Lillian Street", "highway": "residential", "maxspeed_kmh": 40.0, "length_km": 0.2120213777405863 }, "geometry": { "type": "LineString", "coordinates": [ [ 138.5356119, -34.8951109 ], [ 138.5341946, -34.8966016 ] ] } },
{ "type": "Feature", "properties": { "osm_id": "43926125", "road_name": "Amanda Avenue", "highway": "residential", "maxspeed_kmh": 40.0, "length_km": 0.22805460093249608 }, "geometry": { "type": "LineString", "coordinates": [ [ 138.5347768, -34.8945272 ], [ 138.5332501, -34.896135 ] ] } },
{ "type": "Feature", "properties": { "osm_id": "43927288", "road_name": "Cheviot Street", "highway": "residential", "maxspeed_kmh": 40.0, "length_km": 0.087155311309291841 }, "geometry": { "type": "LineString", "coordinates": [ [ 138.5336285, -34.8923067 ], [ 138.5336728, -34.893086 ] ] } },
{ "type": "Feature", "properties": { "osm_id": "43928440", "road_name": "Glen Lossie Street", "highway": "residential", "maxspeed_kmh": 40.0, "length_km": 0.3636930340709531 }, "geometry": { "type": "LineString", "coordinates": [ [ 138.5335384, -34.8896586 ], [ 138.5348167, -34.8898092 ], [ 138.535236700000013, -34.8894928 ], [ 138.5372897, -34.8893983 ] ] } },
{ "type": "Feature", "properties": { "osm_id": "43928707", "road_name": "Lister Crescent", "highway": "residential", "maxspeed_kmh": 40.0, "length_km": 0.078101181359645749 }, "geometry": { "type": "LineString", "coordinates": [ [ 138.5392324, -34.8904224 ], [ 138.5392781, -34.8911205 ] ] } },
{ "type": "Feature", "properties": { "osm_id": "43928758", "road_name": "Poole Avenue", "highway": "residential", "maxspeed_kmh": 40.0, "length_km": 0.37385085779029575 }, "geometry": { "type": "LineString", "coordinates": [ [ 138.5372698, -34.8955177 ], [ 138.53766250000001, -34.8950082 ], [ 138.5374811, -34.8922818 ] ] } },
{ "type": "Feature", "properties": { "osm_id": "43929778", "road_name": "Tunbridge Street", "highway": "residential", "maxspeed_kmh": 40.0, "length_km": 0.36288966464162548 }, "geometry": { "type": "LineString", "coordinates": [ [ 138.5379903, -34.8962472 ], [ 138.5410478, -34.8982981 ] ] } },
{ "type": "Feature", "properties": { "osm_id": "44822941", "road_name": "Clinton Avenue", "highway": "residential", "maxspeed_kmh": 40.0, "length_km": 0.19409635835448613 }, "geometry": { "type": "LineString", "coordinates": [ [ 138.6327334, -34.906814 ], [ 138.630994, -34.905831 ] ] } },
{ "type": "Feature", "properties": { "osm_id": "44822960", "road_name": "Leslie Avenue", "highway": "residential", "maxspeed_kmh": 40.0, "length_km": 0.19330274450681656 }, "geometry": { "type": "LineString", "coordinates": [ [ 138.6322117, -34.90742 ], [ 138.630488899999989, -34.9064299 ] ] } },
{ "type": "Feature", "properties": { "osm_id": "45821162", "road_name": "Hatswell Street", "highway": "residential", "maxspeed_kmh": 40.0, "length_km": 0.29927815424789639 }, "geometry": { "type": "LineString", "coordinates": [ [ 138.6143569, -34.9098758 ], [ 138.614989900000012, -34.91061160000001 ], [ 138.615363800000011, -34.912362 ] ] } },
{ "type": "Feature", "properties": { "osm_id": "45821174", "road_name": "Bertram Street", "highway": "residential", "maxspeed_kmh": 40.0, "length_km": 0.15575915258850195 }, "geometry": { "type": "LineString", "coordinates": [ [ 138.614909399999988, -34.9105214 ], [ 138.6132938, -34.9109143 ] ] } },
{ "type": "Feature", "properties": { "osm_id": "45821291", "road_name": "Oxford Street", "highway": "residential", "maxspeed_kmh": 40.0, "length_km": 0.16097815660154158 }, "geometry": { "type": "LineString", "coordinates": [ [ 138.6133993, -34.9114573 ], [ 138.615098499999988, -34.9111144 ] ] } },
{ "type": "Feature", "properties": { "osm_id": "48733847", "road_name": "Joslin Street", "highway": "residential", "maxspeed_kmh": 40.0, "length_km": 0.13220083958269691 }, "geometry": { "type": "LineString", "coordinates": [ [ 138.5928074, -34.945375499999976 ], [ 138.5929025, -34.9465564 ] ] } },
{ "type": "Feature", "properties": { "osm_id": "49619028", "road_name": "Adare Court", "highway": "residential", "maxspeed_kmh": 40.0, "length_km": 0.18209198678257257 }, "geometry": { "type": "LineString", "coordinates": [ [ 138.504293, -34.8968465 ], [ 138.504252900000012, -34.8957381 ], [ 138.5048395, -34.8956358 ] ] } },
{ "type": "Feature", "properties": { "osm_id": "49619029", "road_name": "Grady Way", "highway": "residential", "maxspeed_kmh": 40.0, "length_km": 0.57479265660759071 }, "geometry": { "type": "LineString", "coordinates": [ [ 138.5001676, -34.894941 ], [ 138.500285, -34.8967334 ], [ 138.501863500000013, -34.896672100000011 ], [ 138.5030356, -34.8963622 ], [ 138.5042828, -34.8962988 ] ] } },
{ "type": "Feature", "properties": { "osm_id": "49621966", "road_name": "Monaco Crescent", "highway": "residential", "maxspeed_kmh": 40.0, "length_km": 0.44763654547873438 }, "geometry": { "type": "LineString", "coordinates": [ [ 138.49350720000001, -34.8954838 ], [ 138.4933988, -34.8948899 ], [ 138.4923298, -34.895022 ], [ 138.493141799999989, -34.8962896 ], [ 138.4934967, -34.896145 ], [ 138.49350720000001, -34.8954838 ] ] } },
{ "type": "Feature", "properties": { "osm_id": "49621971", "road_name": "Cannes Avenue", "highway": "residential", "maxspeed_kmh": 40.0, "length_km": 0.081502257606813261 }, "geometry": { "type": "LineString", "coordinates": [ [ 138.49350720000001, -34.8954838 ], [ 138.4943917, -34.895450799999985 ] ] } },
{ "type": "Feature", "properties": { "osm_id": "49622003", "road_name": "Sandra Place", "highway": "residential", "maxspeed_kmh": 40.0, "length_km": 0.085239475614883126 }, "geometry": { "type": "LineString", "coordinates": [ [ 138.496278600000011, -34.893188 ], [ 138.496868799999987, -34.8937759 ] ] } },
{ "type": "Feature", "properties": { "osm_id": "49622007", "road_name": "Jenny Place", "highway": "residential", "maxspeed_kmh": 40.0, "length_km": 0.080880537189529714 }, "geometry": { "type": "LineString", "coordinates": [ [ 138.4956214, -34.8936412 ], [ 138.4961721, -34.89420530000001 ] ] } },
{ "type": "Feature", "properties": { "osm_id": "49622017", "road_name": "Sharon Place", "highway": "residential", "maxspeed_kmh": 40.0, "length_km": 0.082108769400048826 }, "geometry": { "type": "LineString", "coordinates": [ [ 138.494908, -34.8941516 ], [ 138.4954074, -34.8947386 ] ] } },
{ "type": "Feature", "properties": { "osm_id": "49622087", "road_name": "Isola Court", "highway": "residential", "maxspeed_kmh": 40.0, "length_km": 0.065078951375731345 }, "geometry": { "type": "LineString", "coordinates": [ [ 138.5001978, -34.896767 ], [ 138.499491400000039, -34.8967912 ] ] } },
{ "type": "Feature", "properties": { "osm_id": "49622107", "road_name": "Lisa Place", "highway": "residential", "maxspeed_kmh": 40.0, "length_km": 0.15666961484006511 }, "geometry": { "type": "LineString", "coordinates": [ [ 138.498209800000012, -34.892796399999987 ], [ 138.4973564, -34.8929393 ], [ 138.4975313, -34.8935812 ] ] } },
{ "type": "Feature", "properties": { "osm_id": "49623453", "road_name": "Rapson Street", "highway": "residential", "maxspeed_kmh": 40.0, "length_km": 0.28566448711465919 }, "geometry": { "type": "LineString", "coordinates": [ [ 138.502576800000014, -34.8990915 ], [ 138.5023079, -34.8965549 ] ] } },
{ "type": "Feature", "properties": { "osm_id": "49708203", "road_name": "Dibiase Street", "highway": "residential", "maxspeed_kmh": 40.0, "length_km": 0.063406269743843294 }, "geometry": { "type": "LineString", "coordinates": [ [ 138.4999166, -34.8926492 ], [ 138.499234199999989, -34.8926995 ] ] } },
{ "type": "Feature", "properties": { "osm_id": "49708216", "road_name": "Thompson Street", "highway": "residential", "maxspeed_kmh": 40.0, "length_km": 0.26778164321016601 }, "geometry": { "type": "LineString", "coordinates": [ [ 138.5018005, -34.893528 ], [ 138.5046912, -34.89349210000001 ] ] } },
{ "type": "Feature", "properties": { "osm_id": "49708220", "road_name": "Lines Court", "highway": "residential", "maxspeed_kmh": 40.0, "length_km": 0.026181008903886679 }, "geometry": { "type": "LineString", "coordinates": [ [ 138.5015904, -34.8927997 ], [ 138.5013066, -34.892815 ] ] } },
{ "type": "Feature", "properties": { "osm_id": "49708854", "road_name": "Charlotte Court", "highway": "residential", "maxspeed_kmh": 40.0, "length_km": 0.30896440161183236 }, "geometry": { "type": "LineString", "coordinates": [ [ 138.5002374, -34.9044681 ], [ 138.5001881, -34.9035565 ], [ 138.4991344, -34.902505 ], [ 138.4990989, -34.9020315 ] ] } },
{ "type": "Feature", "properties": { "osm_id": "49709722", "road_name": "Primrose Court", "highway": "residential", "maxspeed_kmh": 40.0, "length_km": 0.014586298453404492 }, "geometry": { "type": "LineString", "coordinates": [ [ 138.502514600000012, -34.892822 ], [ 138.502673, -34.8928185 ] ] } },
{ "type": "Feature", "properties": { "osm_id": "49744679", "road_name": "Fort Street", "highway": "tertiary", "maxspeed_kmh": 40.0, "length_km": 0.40232347604163471 }, "geometry": { "type": "LineString", "coordinates": [ [ 138.4897929, -34.8975849 ], [ 138.4903593, -34.897393499999986 ], [ 138.493422399999986, -34.8972778 ], [ 138.4939511, -34.8969319 ] ] } },
{ "type": "Feature", "properties": { "osm_id": "49744680", "road_name": "Fort Street", "highway": "residential", "maxspeed_kmh": 40.0, "length_km": 0.074758150546207047 }, "geometry": { "type": "LineString", "coordinates": [ [ 138.4889657, -34.8974137 ], [ 138.489733300000012, -34.8972298 ] ] } },
{ "type": "Feature", "properties": { "osm_id": "49744728", "road_name": "Kentdale Street", "highway": "residential", "maxspeed_kmh": 40.0, "length_km": 0.28401307298455547 }, "geometry": { "type": "LineString", "coordinates": [ [ 138.4975116, -34.9020402 ], [ 138.4973941, -34.9002537 ], [ 138.49755110000001, -34.8995134 ] ] } },
{ "type": "Feature", "properties": { "osm_id": "49744729", "road_name": "Hollard Avenue", "highway": "residential", "maxspeed_kmh": 40.0, "length_km": 0.21549443534661022 }, "geometry": { "type": "LineString", "coordinates": [ [ 138.4973941, -34.9002537 ], [ 138.496594800000025, -34.9003626 ], [ 138.4966785, -34.9015912 ] ] } },
{ "type": "Feature", "properties": { "osm_id": "49744740", "road_name": "Fisher Street", "highway": "residential", "maxspeed_kmh": 40.0, "length_km": 0.14622190698983792 }, "geometry": { "type": "LineString", "coordinates": [ [ 138.4974825, -34.9015492 ], [ 138.495914199999987, -34.9016713 ] ] } },
{ "type": "Feature", "properties": { "osm_id": "49744806", "road_name": "Janette Place", "highway": "residential", "maxspeed_kmh": 40.0, "length_km": 0.090025805945862888 }, "geometry": { "type": "LineString", "coordinates": [ [ 138.4977652, -34.8980458 ], [ 138.497716700000012, -34.897241 ] ] } },
{ "type": "Feature", "properties": { "osm_id": "49745281", "road_name": "Pine Lodge Crescent", "highway": "residential", "maxspeed_kmh": 40.0, "length_km": 0.58732606161685108 }, "geometry": { "type": "LineString", "coordinates": [ [ 138.5011265, -34.8890103 ], [ 138.498668900000013, -34.8892756 ], [ 138.4986743, -34.889979599999982 ], [ 138.501268, -34.8899246 ], [ 138.5015979, -34.8897904 ] ] } },
{ "type": "Feature", "properties": { "osm_id": "49746866", "road_name": "Medallion Drive", "highway": "residential", "maxspeed_kmh": 40.0, "length_km": 0.041039807823991484 }, "geometry": { "type": "LineString", "coordinates": [ [ 138.5033627, -34.8974585 ], [ 138.503391, -34.8978251 ] ] } },
{ "type": "Feature", "properties": { "osm_id": "49746867", "road_name": "Sonia Street", "highway": "residential", "maxspeed_kmh": 40.0, "length_km": 0.045891293778604153 }, "geometry": { "type": "LineString", "coordinates": [ [ 138.5027524, -34.8979782 ], [ 138.503250400000013, -34.8979586 ] ] } },
{ "type": "Feature", "properties": { "osm_id": "49746869", "road_name": "Eldridge Crescent", "highway": "residential", "maxspeed_kmh": 40.0, "length_km": 0.37253762324358636 }, "geometry": { "type": "LineString", "coordinates": [ [ 138.5024741, -34.8974564 ], [ 138.499532499999987, -34.8975633 ], [ 138.4995635, -34.8984618 ] ] } },
{ "type": "Feature", "properties": { "osm_id": "49746906", "road_name": "Brogan Court", "highway": "residential", "maxspeed_kmh": 40.0, "length_km": 0.13675767602099628 }, "geometry": { "type": "LineString", "coordinates": [ [ 138.499454, -34.8995299 ], [ 138.5009243, -34.8994262 ] ] } },
{ "type": "Feature", "properties": { "osm_id": "49746945", "road_name": "Day Street", "highway": "residential", "maxspeed_kmh": 40.0, "length_km": 0.094082765024635501 }, "geometry": { "type": "LineString", "coordinates": [ [ 138.501354099999986, -34.9027661 ], [ 138.5012834, -34.901926 ] ] } },
{ "type": "Feature", "properties": { "osm_id": "49747092", "road_name": "Sturt Close", "highway": "residential", "maxspeed_kmh": 40.0, "length_km": 0.081547158182544488 }, "geometry": { "type": "LineString", "coordinates": [ [ 138.498589900000013, -34.9037545 ], [ 138.499373100000014, -34.903688499999987 ] ] } },
{ "type": "Feature", "properties": { "osm_id": "49747554", "road_name": "Silver Crescent", "highway": "residential", "maxspeed_kmh": 40.0, "length_km": 0.26441353693372349 }, "geometry": { "type": "LineString", "coordinates": [ [ 138.5018916, -34.9018966 ], [ 138.5019212, -34.9011698 ], [ 138.502969900000011, -34.9011214 ], [ 138.5031094, -34.9018378 ] ] } },
{ "type": "Feature", "properties": { "osm_id": "49747555", "road_name": "Seabreeze Street", "highway": "residential", "maxspeed_kmh": 40.0, "length_km": 0.082739133097580853 }, "geometry": { "type": "LineString", "coordinates": [ [ 138.5024472, -34.9011455 ], [ 138.5024034, -34.9004058 ] ] } },
{ "type": "Feature", "properties": { "osm_id": "49747558", "road_name": "Rainbow Street", "highway": "residential", "maxspeed_kmh": 40.0, "length_km": 0.093718821005102385 }, "geometry": { "type": "LineString", "coordinates": [ [ 138.5011675, -34.9008112 ], [ 138.5004553, -34.9002117 ] ] } },
{ "type": "Feature", "properties": { "osm_id": "49748074", "road_name": "Fort Street", "highway": "residential", "maxspeed_kmh": 40.0, "length_km": 0.057981371651957103 }, "geometry": { "type": "LineString", "coordinates": [ [ 138.4889657, -34.8974137 ], [ 138.4883361, -34.8974296 ] ] } },
{ "type": "Feature", "properties": { "osm_id": "49753188", "road_name": "Alexander Avenue", "highway": "residential", "maxspeed_kmh": 40.0, "length_km": 0.37376928391378339 }, "geometry": { "type": "LineString", "coordinates": [ [ 138.4937826, -34.8971083 ], [ 138.494618800000012, -34.8981815 ], [ 138.4953645, -34.89817930000001 ], [ 138.4961477, -34.8984411 ], [ 138.4963648, -34.899140600000017 ] ] } },
{ "type": "Feature", "properties": { "osm_id": "49753301", "road_name": "Flavel Place", "highway": "residential", "maxspeed_kmh": 40.0, "length_km": 0.11141647069116505 }, "geometry": { "type": "LineString", "coordinates": [ [ 138.4954501, -34.8991928 ], [ 138.495488, -34.8982006 ] ] } },
{ "type": "Feature", "properties": { "osm_id": "49753303", "road_name": "Reynolds Place", "highway": "residential", "maxspeed_kmh": 40.0, "length_km": 0.11963149376758297 }, "geometry": { "type": "LineString", "coordinates": [ [ 138.4945596, -34.8992324 ], [ 138.494618800000012, -34.8981815 ] ] } },
{ "type": "Feature", "properties": { "osm_id": "49753312", "road_name": "Presgrave Court", "highway": "residential", "maxspeed_kmh": 40.0, "length_km": 0.1018897117181574 }, "geometry": { "type": "LineString", "coordinates": [ [ 138.4950196, -34.8973139 ], [ 138.4951862, -34.8976378 ], [ 138.4950694, -34.8981815 ] ] } },
{ "type": "Feature", "properties": { "osm_id": "49753313", "road_name": "Annells Court", "highway": "residential", "maxspeed_kmh": 40.0, "length_km": 0.087935207803504931 }, "geometry": { "type": "LineString", "coordinates": [ [ 138.4965981, -34.8979389 ], [ 138.4962065, -34.8979213 ], [ 138.495962600000013, -34.8983135 ] ] } },
{ "type": "Feature", "properties": { "osm_id": "49753316", "road_name": "Mclean Avenue", "highway": "residential", "maxspeed_kmh": 40.0, "length_km": 0.16973803298999499 }, "geometry": { "type": "LineString", "coordinates": [ [ 138.4962898, -34.8987057 ], [ 138.4971131, -34.8985504 ], [ 138.497316899999987, -34.8987352 ], [ 138.497348700000032, -34.8992775 ] ] } },
{ "type": "Feature", "properties": { "osm_id": "49781681", "road_name": "Wilson Court", "highway": "residential", "maxspeed_kmh": 40.0, "length_km": 0.23253902670966153 }, "geometry": { "type": "LineString", "coordinates": [ [ 138.494066300000014, -34.9073449 ], [ 138.4939166, -34.9052672 ] ] } },
{ "type": "Feature", "properties": { "osm_id": "49781682", "road_name": "Wilson Court", "highway": "residential", "maxspeed_kmh": 40.0, "length_km": 0.032667687166130978 }, "geometry": { "type": "LineString", "coordinates": [ [ 138.4939166, -34.9052672 ], [ 138.493894, -34.9049754 ] ] } },
{ "type": "Feature", "properties": { "osm_id": "49837016", "road_name": "Esplanade", "highway": "residential", "maxspeed_kmh": 40.0, "length_km": 0.055471476051705187 }, "geometry": { "type": "LineString", "coordinates": [ [ 138.4905058, -34.9081187 ], [ 138.4904199, -34.9076349 ] ] } },
{ "type": "Feature", "properties": { "osm_id": "49851604", "road_name": "Telford Avenue", "highway": "residential", "maxspeed_kmh": 40.0, "length_km": 0.058002734852787639 }, "geometry": { "type": "LineString", "coordinates": [ [ 138.5237654, -34.9047603 ], [ 138.524161, -34.9043686 ] ] } },
{ "type": "Feature", "properties": { "osm_id": "49851637", "road_name": null, "highway": "service", "maxspeed_kmh": 40.0, "length_km": 0.18782117272266552 }, "geometry": { "type": "LineString", "coordinates": [ [ 138.492120199999988, -34.8978352 ], [ 138.490081800000013, -34.8979108 ] ] } },
{ "type": "Feature", "properties": { "osm_id": "49851641", "road_name": "Baker Street", "highway": "residential", "maxspeed_kmh": 40.0, "length_km": 0.25020833278250104 }, "geometry": { "type": "LineString", "coordinates": [ [ 138.4915801, -34.9018276 ], [ 138.4914509, -34.9003117 ], [ 138.4922943, -34.9002427 ] ] } },
{ "type": "Feature", "properties": { "osm_id": "49852369", "road_name": "Ballater Avenue", "highway": "residential", "maxspeed_kmh": 40.0, "length_km": 0.31804144965329467 }, "geometry": { "type": "LineString", "coordinates": [ [ 138.5177799, -34.8997499 ], [ 138.514329300000014, -34.8998998 ] ] } },
{ "type": "Feature", "properties": { "osm_id": "49852370", "road_name": "Fortrose Avenue", "highway": "residential", "maxspeed_kmh": 40.0, "length_km": 0.62212888605469319 }, "geometry": { "type": "LineString", "coordinates": [ [ 138.517512, -34.895831799999989 ], [ 138.51790120000004, -34.9013881 ] ] } },
{ "type": "Feature", "properties": { "osm_id": "49852371", "road_name": "Balcombe Avenue", "highway": "residential", "maxspeed_kmh": 40.0, "length_km": 0.43954245909185718 }, "geometry": { "type": "LineString", "coordinates": [ [ 138.5199796, -34.8957008 ], [ 138.5247439, -34.8955043 ] ] } },
{ "type": "Feature", "properties": { "osm_id": "49852669", "road_name": "Marinoff Street", "highway": "residential", "maxspeed_kmh": 40.0, "length_km": 0.26288416000775416 }, "geometry": { "type": "LineString", "coordinates": [ [ 138.5187828, -34.9016712 ], [ 138.5188867, -34.9027346 ], [ 138.5204359, -34.9026892 ] ] } },
{ "type": "Feature", "properties": { "osm_id": "49852671", "road_name": "Leven Avenue", "highway": "residential", "maxspeed_kmh": 40.0, "length_km": 0.17272475206941693 }, "geometry": { "type": "LineString", "coordinates": [ [ 138.5154918, -34.9002041 ], [ 138.5155885, -34.9017481 ] ] } },
{ "type": "Feature", "properties": { "osm_id": "49852672", "road_name": "Ailsa Avenue", "highway": "residential", "maxspeed_kmh": 40.0, "length_km": 0.2038065370234117 }, "geometry": { "type": "LineString", "coordinates": [ [ 138.5179934, -34.903651 ], [ 138.5157849, -34.9037658 ] ] } },
{ "type": "Feature", "properties": { "osm_id": "49852673", "road_name": "Pape Avenue", "highway": "residential", "maxspeed_kmh": 40.0, "length_km": 0.21029734755460425 }, "geometry": { "type": "LineString", "coordinates": [ [ 138.5179934, -34.903651 ], [ 138.517881499999987, -34.9017742 ] ] } },
{ "type": "Feature", "properties": { "osm_id": "49852786", "road_name": "Singleton Avenue", "highway": "residential", "maxspeed_kmh": 40.0, "length_km": 0.22429691240645624 }, "geometry": { "type": "LineString", "coordinates": [ [ 138.5201424, -34.8985497 ], [ 138.5177104, -34.8986766 ] ] } },
{ "type": "Feature", "properties": { "osm_id": "49857615", "road_name": "Jetty Street", "highway": "tertiary", "maxspeed_kmh": 40.0, "length_km": 0.020349869976540015 }, "geometry": { "type": "LineString", "coordinates": [ [ 138.4983976, -34.9020623 ], [ 138.4986185, -34.9020547 ] ] } },
{ "type": "Feature", "properties": { "osm_id": "49857616", "road_name": "Jetty Street", "highway": "tertiary", "maxspeed_kmh": 40.0, "length_km": 0.6131142678632937 }, "geometry": { "type": "LineString", "coordinates": [ [ 138.4986185, -34.9020547 ], [ 138.505268300000012, -34.9017335 ] ] } },
{ "type": "Feature", "properties": { "osm_id": "49857822", "road_name": "Beach Street", "highway": "residential", "maxspeed_kmh": 40.0, "length_km": 0.29569711326080028 }, "geometry": { "type": "LineString", "coordinates": [ [ 138.4997545, -34.9047293 ], [ 138.496548600000011, -34.9048838 ] ] } },
{ "type": "Feature", "properties": { "osm_id": "50070046", "road_name": "Ian Street", "highway": "residential", "maxspeed_kmh": 40.0, "length_km": 0.093864175969109925 }, "geometry": { "type": "LineString", "coordinates": [ [ 138.5019749, -34.9040683 ], [ 138.501582, -34.903293 ] ] } },
{ "type": "Feature", "properties": { "osm_id": "50070313", "road_name": "Pampas Court", "highway": "residential", "maxspeed_kmh": 40.0, "length_km": 0.040793815088958102 }, "geometry": { "type": "LineString", "coordinates": [ [ 138.498658, -34.891326399999983 ], [ 138.498677, -34.8916912 ] ] } },
{ "type": "Feature", "properties": { "osm_id": "50070314", "road_name": "Chester Court", "highway": "residential", "maxspeed_kmh": 40.0, "length_km": 0.043502739740760819 }, "geometry": { "type": "LineString", "coordinates": [ [ 138.498684, -34.8906073 ], [ 138.498711899999989, -34.890996 ] ] } },
{ "type": "Feature", "properties": { "osm_id": "50074189", "road_name": "Military Road", "highway": "residential", "maxspeed_kmh": 40.0, "length_km": 0.19687830933549752 }, "geometry": { "type": "LineString", "coordinates": [ [ 138.486741099999989, -34.8875618 ], [ 138.48676420000001, -34.8887554 ], [ 138.4869717, -34.8892966 ] ] } },
{ "type": "Feature", "properties": { "osm_id": "51139445", "road_name": "University Street", "highway": "residential", "maxspeed_kmh": 40.0, "length_km": 0.057386474718481767 }, "geometry": { "type": "LineString", "coordinates": [ [ 138.614780700000011, -34.9111736 ], [ 138.6149041, -34.9116772 ] ] } },
{ "type": "Feature", "properties": { "osm_id": "51814840", "road_name": null, "highway": "trunk_link", "maxspeed_kmh": 40.0, "length_km": 0.13609463379120418 }, "geometry": { "type": "LineString", "coordinates": [ [ 138.578153, -34.9235754 ], [ 138.5766762, -34.9235094 ] ] } },
{ "type": "Feature", "properties": { "osm_id": "52330258", "road_name": "Elizabeth Street", "highway": "residential", "maxspeed_kmh": 40.0, "length_km": 0.10217451220949816 }, "geometry": { "type": "LineString", "coordinates": [ [ 138.5131577, -34.9810484 ], [ 138.512049, -34.981109600000011 ] ] } },
{ "type": "Feature", "properties": { "osm_id": "53220774", "road_name": "Milner Street", "highway": "residential", "maxspeed_kmh": 40.0, "length_km": 0.081337507450061089 }, "geometry": { "type": "LineString", "coordinates": [ [ 138.571123699999987, -34.9049503 ], [ 138.570581, -34.905525 ] ] } },
{ "type": "Feature", "properties": { "osm_id": "53220776", "road_name": "Milner Street", "highway": "residential", "maxspeed_kmh": 40.0, "length_km": 0.010620306348056122 }, "geometry": { "type": "LineString", "coordinates": [ [ 138.569396500000011, -34.9067385 ], [ 138.5694685, -34.9066642 ] ] } },
{ "type": "Feature", "properties": { "osm_id": "53220785", "road_name": "Orsmond Street", "highway": "residential", "maxspeed_kmh": 40.0, "length_km": 0.57224946155012912 }, "geometry": { "type": "LineString", "coordinates": [ [ 138.5661629, -34.9031537 ], [ 138.5710278, -34.906322 ] ] } },
{ "type": "Feature", "properties": { "osm_id": "53429131", "road_name": "Leah Street", "highway": "tertiary", "maxspeed_kmh": 40.0, "length_km": 0.015925695037990521 }, "geometry": { "type": "LineString", "coordinates": [ [ 138.5813618, -34.9534206 ], [ 138.5813981, -34.95356 ] ] } },
{ "type": "Feature", "properties": { "osm_id": "53429134", "road_name": "Victoria Street", "highway": "tertiary", "maxspeed_kmh": 40.0, "length_km": 0.31220345287631313 }, "geometry": { "type": "LineString", "coordinates": [ [ 138.581960900000013, -34.9539185 ], [ 138.5853495, -34.9537521 ] ] } },
{ "type": "Feature", "properties": { "osm_id": "53429140", "road_name": "Victoria Street", "highway": "tertiary", "maxspeed_kmh": 40.0, "length_km": 0.04918876922216274 }, "geometry": { "type": "LineString", "coordinates": [ [ 138.581960900000013, -34.9539185 ], [ 138.581429500000013, -34.95395 ] ] } },
{ "type": "Feature", "properties": { "osm_id": "53429170", "road_name": "Leah Street", "highway": "tertiary", "maxspeed_kmh": 40.0, "length_km": 0.0170200316534239 }, "geometry": { "type": "LineString", "coordinates": [ [ 138.5813569, -34.9538032 ], [ 138.581341400000014, -34.9536519 ] ] } },
{ "type": "Feature", "properties": { "osm_id": "53457127", "road_name": null, "highway": "trunk_link", "maxspeed_kmh": 40.0, "length_km": 0.025329777263801222 }, "geometry": { "type": "LineString", "coordinates": [ [ 138.579511, -34.9231037 ], [ 138.5794845, -34.9233294 ] ] } },
{ "type": "Feature", "properties": { "osm_id": "53555986", "road_name": "Armson Avenue", "highway": "residential", "maxspeed_kmh": 40.0, "length_km": 0.29090238993346074 }, "geometry": { "type": "LineString", "coordinates": [ [ 138.6851409, -34.9137452 ], [ 138.6835719, -34.9149598 ], [ 138.6826777, -34.9152865 ] ] } },
{ "type": "Feature", "properties": { "osm_id": "53556039", "road_name": "Maple Avenue", "highway": "residential", "maxspeed_kmh": 40.0, "length_km": 0.18010135994820076 }, "geometry": { "type": "LineString", "coordinates": [ [ 138.6812894, -34.9170651 ], [ 138.6811439, -34.9154627 ] ] } },
{ "type": "Feature", "properties": { "osm_id": "53556042", "road_name": "Romalo Avenue", "highway": "residential", "maxspeed_kmh": 40.0, "length_km": 0.59865635168131992 }, "geometry": { "type": "LineString", "coordinates": [ [ 138.6827892, -34.9168132 ], [ 138.6817065, -34.9168594 ], [ 138.6812012, -34.9170849 ], [ 138.676365500000031, -34.9173328 ] ] } },
{ "type": "Feature", "properties": { "osm_id": "53556053", "road_name": "McGlasson Avenue", "highway": "residential", "maxspeed_kmh": 40.0, "length_km": 0.14227097262850566 }, "geometry": { "type": "LineString", "coordinates": [ [ 138.6827279, -34.9161052 ], [ 138.6811859, -34.916202 ] ] } },
{ "type": "Feature", "properties": { "osm_id": "53556153", "road_name": "Lentara Court", "highway": "residential", "maxspeed_kmh": 40.0, "length_km": 0.08808094335626078 }, "geometry": { "type": "LineString", "coordinates": [ [ 138.678861399999988, -34.9142369 ], [ 138.6789013, -34.9147258 ], [ 138.6791912, -34.9148955 ] ] } },
{ "type": "Feature", "properties": { "osm_id": "53556155", "road_name": "Perkins Court", "highway": "residential", "maxspeed_kmh": 40.0, "length_km": 0.11625401707770729 }, "geometry": { "type": "LineString", "coordinates": [ [ 138.6778917, -34.9148582 ], [ 138.677371, -34.915134 ], [ 138.677304099999986, -34.9156481 ] ] } },
{ "type": "Feature", "properties": { "osm_id": "53556156", "road_name": "Elm Grove", "highway": "residential", "maxspeed_kmh": 40.0, "length_km": 0.1828480512902024 }, "geometry": { "type": "LineString", "coordinates": [ [ 138.6797678, -34.9155286 ], [ 138.6798621, -34.9171639 ] ] } },
{ "type": "Feature", "properties": { "osm_id": "53556157", "road_name": "Ash Grove", "highway": "residential", "maxspeed_kmh": 40.0, "length_km": 0.18368997786780958 }, "geometry": { "type": "LineString", "coordinates": [ [ 138.677431200000029, -34.9156458 ], [ 138.677578399999987, -34.917286 ] ] } },
{ "type": "Feature", "properties": { "osm_id": "53556158", "road_name": "Oakleigh Avenue", "highway": "residential", "maxspeed_kmh": 40.0, "length_km": 0.17978574605543615 }, "geometry": { "type": "LineString", "coordinates": [ [ 138.6786127, -34.9156167 ], [ 138.6787263, -34.9172237 ] ] } },
{ "type": "Feature", "properties": { "osm_id": "54160864", "road_name": "Simpson Street", "highway": "residential", "maxspeed_kmh": 40.0, "length_km": 0.24889634655220502 }, "geometry": { "type": "LineString", "coordinates": [ [ 138.53403160000002, -34.8821851 ], [ 138.5337582, -34.8820064 ], [ 138.5337073, -34.8800875 ] ] } },
{ "type": "Feature", "properties": { "osm_id": "54224793", "road_name": "Woodlands Crescent", "highway": "residential", "maxspeed_kmh": 40.0, "length_km": 0.086900657588586339 }, "geometry": { "type": "LineString", "coordinates": [ [ 138.54273950000001, -34.8860927 ], [ 138.5421553, -34.8867034 ] ] } },
{ "type": "Feature", "properties": { "osm_id": "55444526", "road_name": "Custom Lane", "highway": "residential", "maxspeed_kmh": 40.0, "length_km": 0.10119569281646906 }, "geometry": { "type": "LineString", "coordinates": [ [ 138.481473200000011, -34.8385019 ], [ 138.4816913, -34.8376151 ] ] } },
{ "type": "Feature", "properties": { "osm_id": "55444636", "road_name": "Semaphore Road", "highway": "secondary", "maxspeed_kmh": 40.0, "length_km": 0.012706114303672109 }, "geometry": { "type": "LineString", "coordinates": [ [ 138.480248100000011, -34.8382123 ], [ 138.4803789, -34.8381762 ] ] } },
{ "type": "Feature", "properties": { "osm_id": "55444900", "road_name": "Semaphore Road", "highway": "secondary", "maxspeed_kmh": 40.0, "length_km": 0.016904231249480404 }, "geometry": { "type": "LineString", "coordinates": [ [ 138.4840045, -34.8389594 ], [ 138.4838298, -34.8389136 ] ] } },
{ "type": "Feature", "properties": { "osm_id": "55444901", "road_name": "Semaphore Road", "highway": "secondary", "maxspeed_kmh": 40.0, "length_km": 0.064711288145604201 }, "geometry": { "type": "LineString", "coordinates": [ [ 138.4840327, -34.8388892 ], [ 138.4847229, -34.8389971 ] ] } },
{ "type": "Feature", "properties": { "osm_id": "55588372", "road_name": "Brigalow Avenue", "highway": "residential", "maxspeed_kmh": 40.0, "length_km": 0.30767081743551139 }, "geometry": { "type": "LineString", "coordinates": [ [ 138.6182087, -35.024066299999987 ], [ 138.6168089, -35.0244614 ], [ 138.6149424, -35.024533099999985 ] ] } },
{ "type": "Feature", "properties": { "osm_id": "55824380", "road_name": "Cotton Street", "highway": "residential", "maxspeed_kmh": 40.0, "length_km": 0.36676584929353506 }, "geometry": { "type": "LineString", "coordinates": [ [ 138.587785200000013, -34.89881290000001 ], [ 138.5875552, -34.8955456 ] ] } },
{ "type": "Feature", "properties": { "osm_id": "55921328", "road_name": "Halstead Street", "highway": "residential", "maxspeed_kmh": 40.0, "length_km": 0.3056689067855537 }, "geometry": { "type": "LineString", "coordinates": [ [ 138.5934225, -34.894868099999989 ], [ 138.590106100000014, -34.8950153 ] ] } },
{ "type": "Feature", "properties": { "osm_id": "56025958", "road_name": "Hawker Street", "highway": "tertiary", "maxspeed_kmh": 40.0, "length_km": 0.051582610054441431 }, "geometry": { "type": "LineString", "coordinates": [ [ 138.583811200000014, -34.9025228 ], [ 138.5833781, -34.90223 ] ] } },
{ "type": "Feature", "properties": { "osm_id": "56057313", "road_name": "Fairmont Avenue", "highway": "residential", "maxspeed_kmh": 40.0, "length_km": 0.27221130936957799 }, "geometry": { "type": "LineString", "coordinates": [ [ 138.579833, -34.9589724 ], [ 138.5799939, -34.9609587 ], [ 138.580373, -34.9612775 ] ] } },
{ "type": "Feature", "properties": { "osm_id": "56057363", "road_name": "Canterbury Terrace", "highway": "residential", "maxspeed_kmh": 40.0, "length_km": 0.088608376802007796 }, "geometry": { "type": "LineString", "coordinates": [ [ 138.578834699999987, -34.9624292 ], [ 138.5795622, -34.9619179 ] ] } },
{ "type": "Feature", "properties": { "osm_id": "56064050", "road_name": "Jack Johnson Court", "highway": "residential", "maxspeed_kmh": 40.0, "length_km": 0.082281205528403151 }, "geometry": { "type": "LineString", "coordinates": [ [ 138.5834602, -34.8900357 ], [ 138.5825913, -34.8899795 ] ] } },
{ "type": "Feature", "properties": { "osm_id": "56064051", "road_name": "Jack Johnson Court", "highway": "residential", "maxspeed_kmh": 40.0, "length_km": 0.15243105174944407 }, "geometry": { "type": "LineString", "coordinates": [ [ 138.582164, -34.890499799999986 ], [ 138.5826516, -34.8903939 ], [ 138.582585, -34.8898746 ], [ 138.5821497, -34.8898967 ] ] } },
{ "type": "Feature", "properties": { "osm_id": "56064054", "road_name": "Stacey Place", "highway": "residential", "maxspeed_kmh": 40.0, "length_km": 0.093438507586180289 }, "geometry": { "type": "LineString", "coordinates": [ [ 138.5817864, -34.8900495 ], [ 138.581846500000012, -34.8908845 ] ] } },
{ "type": "Feature", "properties": { "osm_id": "56322667", "road_name": "Gosport Street", "highway": "residential", "maxspeed_kmh": 40.0, "length_km": 0.34156415018664599 }, "geometry": { "type": "LineString", "coordinates": [ [ 138.5800132, -34.8935756 ], [ 138.583716, -34.8933757 ] ] } },
{ "type": "Feature", "properties": { "osm_id": "56322668", "road_name": "Stacey Place", "highway": "residential", "maxspeed_kmh": 40.0, "length_km": 0.088641066510234678 }, "geometry": { "type": "LineString", "coordinates": [ [ 138.581846500000012, -34.8908845 ], [ 138.5818854, -34.891426 ], [ 138.581581199999988, -34.8914406 ] ] } },
{ "type": "Feature", "properties": { "osm_id": "56322670", "road_name": "St Johns Avenue", "highway": "residential", "maxspeed_kmh": 40.0, "length_km": 0.11220346309781658 }, "geometry": { "type": "LineString", "coordinates": [ [ 138.581968, -34.8925125 ], [ 138.5818746, -34.891511 ] ] } },
{ "type": "Feature", "properties": { "osm_id": "56660185", "road_name": "Borroughs Street", "highway": "residential", "maxspeed_kmh": 40.0, "length_km": 0.1342665826934443 }, "geometry": { "type": "LineString", "coordinates": [ [ 138.5703078, -34.8965786 ], [ 138.571224699999988, -34.8956438 ] ] } },
{ "type": "Feature", "properties": { "osm_id": "56660186", "road_name": "Hidson Street", "highway": "residential", "maxspeed_kmh": 40.0, "length_km": 0.11358726567456717 }, "geometry": { "type": "LineString", "coordinates": [ [ 138.5707638, -34.8968821 ], [ 138.571530700000011, -34.8960855 ] ] } },
{ "type": "Feature", "properties": { "osm_id": "56660187", "road_name": "Ashley Place", "highway": "residential", "maxspeed_kmh": 40.0, "length_km": 0.053270268283661465 }, "geometry": { "type": "LineString", "coordinates": [ [ 138.571305, -34.8963121 ], [ 138.570847500000013, -34.89602 ] ] } },
{ "type": "Feature", "properties": { "osm_id": "56660188", "road_name": "William Langman Circuit", "highway": "residential", "maxspeed_kmh": 40.0, "length_km": 0.36095583455195657 }, "geometry": { "type": "LineString", "coordinates": [ [ 138.5705451, -34.8954956 ], [ 138.569255199999986, -34.8947108 ], [ 138.569520399999988, -34.8942657 ], [ 138.5703287, -34.8946827 ], [ 138.56999350000001, -34.895153 ] ] } },
{ "type": "Feature", "properties": { "osm_id": "57110977", "road_name": "Bishop Street", "highway": "residential", "maxspeed_kmh": 40.0, "length_km": 0.20403816387984919 }, "geometry": { "type": "LineString", "coordinates": [ [ 138.5740592, -34.8875329 ], [ 138.572301100000033, -34.88643 ] ] } },
{ "type": "Feature", "properties": { "osm_id": "58371541", "road_name": "White Street", "highway": "residential", "maxspeed_kmh": 40.0, "length_km": 0.098710030500258131 }, "geometry": { "type": "LineString", "coordinates": [ [ 138.554894600000011, -34.9033186 ], [ 138.554820400000011, -34.9024371 ] ] } },
{ "type": "Feature", "properties": { "osm_id": "58630033", "road_name": "Bartley Crescent", "highway": "residential", "maxspeed_kmh": 40.0, "length_km": 0.47151626533856339 }, "geometry": { "type": "LineString", "coordinates": [ [ 138.6000085, -34.941505799999987 ], [ 138.5987897, -34.943706 ], [ 138.597417400000012, -34.9450811 ] ] } },
{ "type": "Feature", "properties": { "osm_id": "58631480", "road_name": "Queen Street", "highway": "residential", "maxspeed_kmh": 40.0, "length_km": 0.21218089898360729 }, "geometry": { "type": "LineString", "coordinates": [ [ 138.601820300000014, -34.9485806 ], [ 138.601931900000011, -34.9504779 ] ] } },
{ "type": "Feature", "properties": { "osm_id": "58694311", "road_name": "Greenhill Lane", "highway": "service", "maxspeed_kmh": 40.0, "length_km": 0.67778727630011404 }, "geometry": { "type": "LineString", "coordinates": [ [ 138.5972486, -34.94217350000001 ], [ 138.5898947, -34.9425561 ] ] } },
{ "type": "Feature", "properties": { "osm_id": "58694850", "road_name": "Rose Lane", "highway": "service", "maxspeed_kmh": 40.0, "length_km": 0.20797995130671279 }, "geometry": { "type": "LineString", "coordinates": [ [ 138.593318900000014, -34.9434453 ], [ 138.5955764, -34.9433397 ] ] } },
{ "type": "Feature", "properties": { "osm_id": "58695276", "road_name": "Davenport Place", "highway": "service", "maxspeed_kmh": 40.0, "length_km": 0.17915445367716112 }, "geometry": { "type": "LineString", "coordinates": [ [ 138.5933636, -34.9439856 ], [ 138.593244199999987, -34.9423848 ] ] } },
{ "type": "Feature", "properties": { "osm_id": "58695277", "road_name": "Rose Lane", "highway": "service", "maxspeed_kmh": 40.0, "length_km": 0.18415010555504627 }, "geometry": { "type": "LineString", "coordinates": [ [ 138.5919374, -34.943515 ], [ 138.5899671, -34.9436424 ] ] } },
{ "type": "Feature", "properties": { "osm_id": "59388752", "road_name": "Crawford Lane", "highway": "residential", "maxspeed_kmh": 40.0, "length_km": 0.12509874592500461 }, "geometry": { "type": "LineString", "coordinates": [ [ 138.571870300000029, -34.9054433 ], [ 138.5710278, -34.906322 ] ] } },
{ "type": "Feature", "properties": { "osm_id": "59398765", "road_name": "Byrness Avenue", "highway": "residential", "maxspeed_kmh": 40.0, "length_km": 0.13755688683083978 }, "geometry": { "type": "LineString", "coordinates": [ [ 138.5784243, -34.8896605 ], [ 138.5783328, -34.8884314 ] ] } },
{ "type": "Feature", "properties": { "osm_id": "59398767", "road_name": "Kernick Way", "highway": "residential", "maxspeed_kmh": 40.0, "length_km": 0.10942127639895337 }, "geometry": { "type": "LineString", "coordinates": [ [ 138.5772825, -34.898356 ], [ 138.577785299999988, -34.8986868 ], [ 138.5779559, -34.8985097 ], [ 138.5777468, -34.8983676 ] ] } },
{ "type": "Feature", "properties": { "osm_id": "59398771", "road_name": "Harkness Court", "highway": "residential", "maxspeed_kmh": 40.0, "length_km": 0.12039616339499204 }, "geometry": { "type": "LineString", "coordinates": [ [ 138.5768328, -34.8988127 ], [ 138.577348, -34.8991539 ], [ 138.5775625, -34.8989282 ], [ 138.5773302, -34.8987728 ] ] } },
{ "type": "Feature", "properties": { "osm_id": "60216692", "road_name": "Alma Terrace", "highway": "residential", "maxspeed_kmh": 40.0, "length_km": 0.032865533086682809 }, "geometry": { "type": "LineString", "coordinates": [ [ 138.5160405, -34.8898489 ], [ 138.5161185, -34.8895792 ] ] } },
{ "type": "Feature", "properties": { "osm_id": "60216695", "road_name": "Alma Terrace", "highway": "residential", "maxspeed_kmh": 40.0, "length_km": 0.19024025458321894 }, "geometry": { "type": "LineString", "coordinates": [ [ 138.5162096, -34.8894206 ], [ 138.5174697, -34.8880717 ] ] } },
{ "type": "Feature", "properties": { "osm_id": "60216697", "road_name": null, "highway": "residential", "maxspeed_kmh": 40.0, "length_km": 0.049797729253980766 }, "geometry": { "type": "LineString", "coordinates": [ [ 138.517599600000011, -34.8880144 ], [ 138.517510500000014, -34.8880813 ], [ 138.517426699999987, -34.8880103 ], [ 138.517513, -34.8879393 ], [ 138.517599600000011, -34.8880144 ] ] } },
{ "type": "Feature", "properties": { "osm_id": "60216698", "road_name": "Alma Terrace", "highway": "residential", "maxspeed_kmh": 40.0, "length_km": 0.029996205393153865 }, "geometry": { "type": "LineString", "coordinates": [ [ 138.5161185, -34.8895792 ], [ 138.5161137, -34.8898445 ] ] } },
{ "type": "Feature", "properties": { "osm_id": "60216700", "road_name": "Balcombe Avenue", "highway": "residential", "maxspeed_kmh": 40.0, "length_km": 0.04897036958492005 }, "geometry": { "type": "LineString", "coordinates": [ [ 138.5302628, -34.895276 ], [ 138.530794, -34.8952516 ] ] } },
{ "type": "Feature", "properties": { "osm_id": "60216703", "road_name": "Alma Terrace", "highway": "residential", "maxspeed_kmh": 40.0, "length_km": 0.20014365299904291 }, "geometry": { "type": "LineString", "coordinates": [ [ 138.5175563, -34.8879487 ], [ 138.5188771, -34.8865288 ] ] } },
{ "type": "Feature", "properties": { "osm_id": "60216706", "road_name": null, "highway": "residential", "maxspeed_kmh": 40.0, "length_km": 0.049202127503798959 }, "geometry": { "type": "LineString", "coordinates": [ [ 138.5294064, -34.8953725 ], [ 138.5292858, -34.8953629 ], [ 138.529301299999986, -34.8952617 ], [ 138.529421, -34.8952767 ], [ 138.5294064, -34.8953725 ] ] } },
{ "type": "Feature", "properties": { "osm_id": "60216708", "road_name": "Balcombe Avenue", "highway": "residential", "maxspeed_kmh": 40.0, "length_km": 0.3988907150960444 }, "geometry": { "type": "LineString", "coordinates": [ [ 138.5249435, -34.8954927 ], [ 138.529266400000012, -34.8953213 ] ] } },
{ "type": "Feature", "properties": { "osm_id": "60216713", "road_name": null, "highway": "residential", "maxspeed_kmh": 40.0, "length_km": 0.042349808364647849 }, "geometry": { "type": "LineString", "coordinates": [ [ 138.5160234, -34.889862 ], [ 138.516131400000035, -34.8898543 ], [ 138.5161406, -34.8899354 ], [ 138.516038400000014, -34.889947799999987 ], [ 138.5160234, -34.889862 ] ] } },
{ "type": "Feature", "properties": { "osm_id": "60216717", "road_name": "Buccleuch Avenue", "highway": "residential", "maxspeed_kmh": 40.0, "length_km": 0.054144179870234642 }, "geometry": { "type": "LineString", "coordinates": [ [ 138.5248494, -34.8955758 ], [ 138.5248051, -34.8960462 ] ] } },
{ "type": "Feature", "properties": { "osm_id": "60216719", "road_name": null, "highway": "residential", "maxspeed_kmh": 40.0, "length_km": 0.057582447990648315 }, "geometry": { "type": "LineString", "coordinates": [ [ 138.524905499999988, -34.8955582 ], [ 138.524768599999987, -34.8955486 ], [ 138.5247742, -34.8954343 ], [ 138.5249206, -34.8954415 ], [ 138.524905499999988, -34.8955582 ] ] } },
{ "type": "Feature", "properties": { "osm_id": "60216723", "road_name": "Tyrie Avenue", "highway": "residential", "maxspeed_kmh": 40.0, "length_km": 0.050849030159624997 }, "geometry": { "type": "LineString", "coordinates": [ [ 138.5293536, -34.895248099999989 ], [ 138.5293177, -34.8947939 ] ] } },
{ "type": "Feature", "properties": { "osm_id": "60649623", "road_name": "Rushton Street", "highway": "residential", "maxspeed_kmh": 40.0, "length_km": 0.16570869848385594 }, "geometry": { "type": "LineString", "coordinates": [ [ 138.5916607, -34.952646 ], [ 138.591768300000012, -34.9541268 ] ] } },
{ "type": "Feature", "properties": { "osm_id": "60649624", "road_name": "Short Street", "highway": "residential", "maxspeed_kmh": 40.0, "length_km": 0.034824853248059458 }, "geometry": { "type": "LineString", "coordinates": [ [ 138.5906043, -34.9431637 ], [ 138.5906809, -34.9434679 ] ] } },
{ "type": "Feature", "properties": { "osm_id": "60649627", "road_name": "Short Street", "highway": "residential", "maxspeed_kmh": 40.0, "length_km": 0.21775763049472818 }, "geometry": { "type": "LineString", "coordinates": [ [ 138.5906809, -34.9434679 ], [ 138.5908148, -34.9454136 ] ] } },
{ "type": "Feature", "properties": { "osm_id": "60649649", "road_name": "Lyons Parade", "highway": "residential", "maxspeed_kmh": 40.0, "length_km": 0.01507914495410969 }, "geometry": { "type": "LineString", "coordinates": [ [ 138.5842941, -34.9525423 ], [ 138.5844152, -34.9524513 ] ] } },
{ "type": "Feature", "properties": { "osm_id": "60649652", "road_name": "Weston Street", "highway": "service", "maxspeed_kmh": 40.0, "length_km": 0.084443818196825546 }, "geometry": { "type": "LineString", "coordinates": [ [ 138.5903793, -34.95270570000001 ], [ 138.5904363, -34.9534602 ] ] } },
{ "type": "Feature", "properties": { "osm_id": "60649654", "road_name": "Short Street", "highway": "residential", "maxspeed_kmh": 40.0, "length_km": 0.25187385997451733 }, "geometry": { "type": "LineString", "coordinates": [ [ 138.5907209, -34.9454163 ], [ 138.5906043, -34.9431637 ] ] } },
{ "type": "Feature", "properties": { "osm_id": "60649657", "road_name": "Lyons Parade", "highway": "residential", "maxspeed_kmh": 40.0, "length_km": 0.060233746353308998 }, "geometry": { "type": "LineString", "coordinates": [ [ 138.5844152, -34.9524513 ], [ 138.584978400000011, -34.9521761 ] ] } },
{ "type": "Feature", "properties": { "osm_id": "60650778", "road_name": "Lanor Lane", "highway": "service", "maxspeed_kmh": 40.0, "length_km": 0.26089651463435026 }, "geometry": { "type": "LineString", "coordinates": [ [ 138.5944385, -34.9539923 ], [ 138.597269, -34.9538365 ] ] } },
{ "type": "Feature", "properties": { "osm_id": "60962792", "road_name": "Hoxton Street", "highway": "residential", "maxspeed_kmh": 40.0, "length_km": 0.19534246052560564 }, "geometry": { "type": "LineString", "coordinates": [ [ 138.591700800000012, -34.9481797 ], [ 138.5899533, -34.9482665 ], [ 138.5898689, -34.9479878 ] ] } },
{ "type": "Feature", "properties": { "osm_id": "60963408", "road_name": "Charles Street", "highway": "residential", "maxspeed_kmh": 40.0, "length_km": 0.17471926151840092 }, "geometry": { "type": "LineString", "coordinates": [ [ 138.6072371, -34.9475208 ], [ 138.605341, -34.9476153 ] ] } },
{ "type": "Feature", "properties": { "osm_id": "61648922", "road_name": "Porter Street", "highway": "residential", "maxspeed_kmh": 40.0, "length_km": 0.35894782179728196 }, "geometry": { "type": "LineString", "coordinates": [ [ 138.610034, -34.9444004 ], [ 138.6102994, -34.9476022 ] ] } },
{ "type": "Feature", "properties": { "osm_id": "62393204", "road_name": "Elizabeth Street", "highway": "residential", "maxspeed_kmh": 40.0, "length_km": 0.41620762795595645 }, "geometry": { "type": "LineString", "coordinates": [ [ 138.5851184, -34.8894026 ], [ 138.5896338, -34.889203 ] ] } },
{ "type": "Feature", "properties": { "osm_id": "68418369", "road_name": "Wakelin Street", "highway": "residential", "maxspeed_kmh": 40.0, "length_km": 0.18006995340637036 }, "geometry": { "type": "LineString", "coordinates": [ [ 138.6516868, -34.891755900000014 ], [ 138.6525351, -34.8932087 ] ] } },
{ "type": "Feature", "properties": { "osm_id": "68540859", "road_name": "Eurilpa Avenue", "highway": "residential", "maxspeed_kmh": 40.0, "length_km": 0.029747990145761818 }, "geometry": { "type": "LineString", "coordinates": [ [ 138.5724344, -34.9562285 ], [ 138.5721475, -34.9563513 ] ] } },
{ "type": "Feature", "properties": { "osm_id": "68540933", "road_name": "Eurilpa Avenue", "highway": "residential", "maxspeed_kmh": 40.0, "length_km": 0.083592317377760836 }, "geometry": { "type": "LineString", "coordinates": [ [ 138.572064899999987, -34.9556393 ], [ 138.5722216, -34.956176599999985 ], [ 138.5724344, -34.9562285 ] ] } },
{ "type": "Feature", "properties": { "osm_id": "69544429", "road_name": "Esplanade", "highway": "residential", "maxspeed_kmh": 40.0, "length_km": 0.21336746810674806 }, "geometry": { "type": "LineString", "coordinates": [ [ 138.489476599999989, -34.9030402 ], [ 138.4898618, -34.9049228 ] ] } },
{ "type": "Feature", "properties": { "osm_id": "70515530", "road_name": "Charlotte Terrace", "highway": "residential", "maxspeed_kmh": 40.0, "length_km": 0.38203748717388097 }, "geometry": { "type": "LineString", "coordinates": [ [ 138.4989498, -34.9069386 ], [ 138.4986126, -34.9059771 ], [ 138.4988083, -34.9058165 ], [ 138.4997601, -34.9058876 ], [ 138.5001006, -34.9055129 ], [ 138.500173, -34.9046399 ] ] } },
{ "type": "Feature", "properties": { "osm_id": "70515539", "road_name": "Matthew Street", "highway": "residential", "maxspeed_kmh": 40.0, "length_km": 0.33309164872037567 }, "geometry": { "type": "LineString", "coordinates": [ [ 138.5030228, -34.9060233 ], [ 138.4994135, -34.9062211 ] ] } },
{ "type": "Feature", "properties": { "osm_id": "70515541", "road_name": "Derby Street", "highway": "residential", "maxspeed_kmh": 40.0, "length_km": 0.17818000013534024 }, "geometry": { "type": "LineString", "coordinates": [ [ 138.5024955, -34.9054383 ], [ 138.5026326, -34.90525670000001 ], [ 138.5025253, -34.903883 ] ] } },
{ "type": "Feature", "properties": { "osm_id": "70515543", "road_name": "Pierce Street", "highway": "residential", "maxspeed_kmh": 40.0, "length_km": 0.24925953136525775 }, "geometry": { "type": "LineString", "coordinates": [ [ 138.5015867, -34.9048098 ], [ 138.501213, -34.9055467 ], [ 138.5012887, -34.906967399999985 ] ] } },
{ "type": "Feature", "properties": { "osm_id": "70515570", "road_name": "Napier Drive", "highway": "residential", "maxspeed_kmh": 40.0, "length_km": 0.14842963329735373 }, "geometry": { "type": "LineString", "coordinates": [ [ 138.4997545, -34.9047293 ], [ 138.499833, -34.9038594 ], [ 138.49953880000001, -34.9034769 ] ] } },
{ "type": "Feature", "properties": { "osm_id": "70515616", "road_name": "White Sands Drive", "highway": "residential", "maxspeed_kmh": 40.0, "length_km": 0.3659516820612449 }, "geometry": { "type": "LineString", "coordinates": [ [ 138.5019653, -34.8921333 ], [ 138.5018447, -34.8902722 ], [ 138.5011265, -34.8890103 ] ] } },
{ "type": "Feature", "properties": { "osm_id": "70648242", "road_name": "Fischer Street", "highway": "residential", "maxspeed_kmh": 40.0, "length_km": 0.12874647640729889 }, "geometry": { "type": "LineString", "coordinates": [ [ 138.5604371, -34.9002864 ], [ 138.559040900000014, -34.9003517 ] ] } },
{ "type": "Feature", "properties": { "osm_id": "70697016", "road_name": "Amber Woods Drive", "highway": "residential", "maxspeed_kmh": 40.0, "length_km": 0.17949789612086375 }, "geometry": { "type": "LineString", "coordinates": [ [ 138.632139, -34.941708199999987 ], [ 138.6302227, -34.941602 ] ] } },
{ "type": "Feature", "properties": { "osm_id": "70697021", "road_name": "Hillview Street", "highway": "residential", "maxspeed_kmh": 40.0, "length_km": 0.14454442541688942 }, "geometry": { "type": "LineString", "coordinates": [ [ 138.632954500000011, -34.9396401 ], [ 138.6328818, -34.9383474 ] ] } },
{ "type": "Feature", "properties": { "osm_id": "70706493", "road_name": "Birdwood Avenue", "highway": "residential", "maxspeed_kmh": 40.0, "length_km": 0.068988024903856179 }, "geometry": { "type": "LineString", "coordinates": [ [ 138.605301200000014, -34.9494232 ], [ 138.6060488, -34.9493728 ] ] } },
{ "type": "Feature", "properties": { "osm_id": "70706502", "road_name": "Boffa Place", "highway": "residential", "maxspeed_kmh": 40.0, "length_km": 0.083424670610435611 }, "geometry": { "type": "LineString", "coordinates": [ [ 138.5993616, -34.953119 ], [ 138.5993159, -34.9526458 ], [ 138.5989861, -34.9526641 ] ] } },
{ "type": "Feature", "properties": { "osm_id": "70979023", "road_name": null, "highway": "residential", "maxspeed_kmh": 40.0, "length_km": 0.04226767118632431 }, "geometry": { "type": "LineString", "coordinates": [ [ 138.600361600000014, -34.9448829 ], [ 138.6004024, -34.9449562 ], [ 138.600309600000031, -34.944995699999986 ], [ 138.6002607, -34.9449233 ], [ 138.600361600000014, -34.9448829 ] ] } },
{ "type": "Feature", "properties": { "osm_id": "70979024", "road_name": "Young Street", "highway": "residential", "maxspeed_kmh": 40.0, "length_km": 0.15654104310348971 }, "geometry": { "type": "LineString", "coordinates": [ [ 138.6002588, -34.9449442 ], [ 138.59856, -34.9450291 ] ] } },
{ "type": "Feature", "properties": { "osm_id": "70980745", "road_name": "Windsor Road", "highway": "residential", "maxspeed_kmh": 40.0, "length_km": 0.13532495876683298 }, "geometry": { "type": "LineString", "coordinates": [ [ 138.6342908, -34.945794199999987 ], [ 138.6357577, -34.9457127 ] ] } },
{ "type": "Feature", "properties": { "osm_id": "71392288", "road_name": "Esplanade", "highway": "residential", "maxspeed_kmh": 40.0, "length_km": 0.32590852626474964 }, "geometry": { "type": "LineString", "coordinates": [ [ 138.492937500000011, -34.91674110000001 ], [ 138.4921291, -34.9139444 ] ] } },
{ "type": "Feature", "properties": { "osm_id": "74676988", "road_name": "Burt Avenue", "highway": "residential", "maxspeed_kmh": 40.0, "length_km": 0.096898604563215987 }, "geometry": { "type": "LineString", "coordinates": [ [ 138.5294118, -34.9046476 ], [ 138.5293447, -34.903782 ] ] } },
{ "type": "Feature", "properties": { "osm_id": "74677003", "road_name": "Warner Avenue", "highway": "residential", "maxspeed_kmh": 40.0, "length_km": 0.20240844854172779 }, "geometry": { "type": "LineString", "coordinates": [ [ 138.5284782, -34.904258 ], [ 138.528258599999987, -34.9024686 ] ] } },
{ "type": "Feature", "properties": { "osm_id": "74677005", "road_name": "Timms Street", "highway": "residential", "maxspeed_kmh": 40.0, "length_km": 0.14195573103553416 }, "geometry": { "type": "LineString", "coordinates": [ [ 138.5283858, -34.9030899 ], [ 138.5299255, -34.9030149 ] ] } },
{ "type": "Feature", "properties": { "osm_id": "74677008", "road_name": "Balfort Street", "highway": "residential", "maxspeed_kmh": 40.0, "length_km": 0.14132307250493295 }, "geometry": { "type": "LineString", "coordinates": [ [ 138.528443900000013, -34.9038245 ], [ 138.5299774, -34.9037602 ] ] } },
{ "type": "Feature", "properties": { "osm_id": "75260092", "road_name": "Sir Reginald Ansett Drive", "highway": "residential", "maxspeed_kmh": 40.0, "length_km": 0.093916382962247913 }, "geometry": { "type": "LineString", "coordinates": [ [ 138.5192946, -34.9445943 ], [ 138.518278100000032, -34.9446572 ] ] } },
{ "type": "Feature", "properties": { "osm_id": "75837875", "road_name": "Oban Avenue", "highway": "residential", "maxspeed_kmh": 40.0, "length_km": 0.095697780918963818 }, "geometry": { "type": "LineString", "coordinates": [ [ 138.5734631, -34.960153 ], [ 138.573358500000012, -34.9593066 ] ] } },
{ "type": "Feature", "properties": { "osm_id": "76670136", "road_name": "Alice Street", "highway": "residential", "maxspeed_kmh": 40.0, "length_km": 0.021350091009760919 }, "geometry": { "type": "LineString", "coordinates": [ [ 138.4860581, -34.8898151 ], [ 138.4862795, -34.88975820000001 ] ] } },
{ "type": "Feature", "properties": { "osm_id": "76670139", "road_name": "Hillview Avenue", "highway": "residential", "maxspeed_kmh": 40.0, "length_km": 0.057165632235251736 }, "geometry": { "type": "LineString", "coordinates": [ [ 138.4848082, -34.8852386 ], [ 138.4842097, -34.8853749 ] ] } },
{ "type": "Feature", "properties": { "osm_id": "76670142", "road_name": "Moredun Street", "highway": "residential", "maxspeed_kmh": 40.0, "length_km": 0.17148409819192131 }, "geometry": { "type": "LineString", "coordinates": [ [ 138.485066100000012, -34.886939 ], [ 138.486928799999987, -34.8869448 ] ] } },
{ "type": "Feature", "properties": { "osm_id": "76670143", "road_name": "Seaview Road", "highway": "residential", "maxspeed_kmh": 40.0, "length_km": 0.35264121563386785 }, "geometry": { "type": "LineString", "coordinates": [ [ 138.4844091, -34.884018499999989 ], [ 138.484746699999988, -34.8851783 ], [ 138.4852845, -34.8856655 ], [ 138.48550560000001, -34.8862035 ], [ 138.485516499999989, -34.8869404 ] ] } },
{ "type": "Feature", "properties": { "osm_id": "76670147", "road_name": "Hillview Avenue", "highway": "residential", "maxspeed_kmh": 40.0, "length_km": 0.13469216970693848 }, "geometry": { "type": "LineString", "coordinates": [ [ 138.4849259, -34.885343 ], [ 138.4863704, -34.8852173 ] ] } },
{ "type": "Feature", "properties": { "osm_id": "76670149", "road_name": "Esplanade", "highway": "residential", "maxspeed_kmh": 40.0, "length_km": 0.12855679498836381 }, "geometry": { "type": "LineString", "coordinates": [ [ 138.484058800000014, -34.884935 ], [ 138.4844315, -34.8860439 ] ] } },
{ "type": "Feature", "properties": { "osm_id": "76670169", "road_name": "Bournemouth Street", "highway": "residential", "maxspeed_kmh": 40.0, "length_km": 0.15735434302846113 }, "geometry": { "type": "LineString", "coordinates": [ [ 138.4844091, -34.884018499999989 ], [ 138.4861153, -34.88401 ] ] } },
{ "type": "Feature", "properties": { "osm_id": "76691439", "road_name": "Rowley Terrace", "highway": "residential", "maxspeed_kmh": 40.0, "length_km": 0.23623085141742026 }, "geometry": { "type": "LineString", "coordinates": [ [ 138.5321621, -34.8762429 ], [ 138.5297395, -34.876839 ] ] } },
{ "type": "Feature", "properties": { "osm_id": "76700054", "road_name": "Riverside Avenue", "highway": "residential", "maxspeed_kmh": 40.0, "length_km": 0.14472599191503296 }, "geometry": { "type": "LineString", "coordinates": [ [ 138.5540107, -34.9096132 ], [ 138.554156299999988, -34.9091807 ], [ 138.5546055, -34.9092008 ], [ 138.5546618, -34.9095967 ] ] } },
{ "type": "Feature", "properties": { "osm_id": "76789891", "road_name": "Laburnum Lane", "highway": "service", "maxspeed_kmh": 40.0, "length_km": 0.055019140653436778 }, "geometry": { "type": "LineString", "coordinates": [ [ 138.5856092, -34.8867704 ], [ 138.5856344, -34.8872625 ] ] } },
{ "type": "Feature", "properties": { "osm_id": "77863857", "road_name": "Whimpress Court", "highway": "residential", "maxspeed_kmh": 40.0, "length_km": 0.046797212062317149 }, "geometry": { "type": "LineString", "coordinates": [ [ 138.5331247, -34.896586800000016 ], [ 138.5334474, -34.8962631 ] ] } },
{ "type": "Feature", "properties": { "osm_id": "78314720", "road_name": "Magill Road", "highway": "secondary", "maxspeed_kmh": 40.0, "length_km": 0.10027335674488752 }, "geometry": { "type": "LineString", "coordinates": [ [ 138.6760971, -34.9130022 ], [ 138.6771852, -34.9129505 ] ] } },
{ "type": "Feature", "properties": { "osm_id": "78592375", "road_name": null, "highway": "trunk_link", "maxspeed_kmh": 40.0, "length_km": 0.095495354790071846 }, "geometry": { "type": "LineString", "coordinates": [ [ 138.5791896, -34.9236166 ], [ 138.578153, -34.9235754 ] ] } },
{ "type": "Feature", "properties": { "osm_id": "79178625", "road_name": "Jervois Street", "highway": "residential", "maxspeed_kmh": 40.0, "length_km": 0.15584457354330117 }, "geometry": { "type": "LineString", "coordinates": [ [ 138.529488, -34.8785547 ], [ 138.5281673, -34.8777555 ] ] } },
{ "type": "Feature", "properties": { "osm_id": "79182568", "road_name": "Todville Street", "highway": "residential", "maxspeed_kmh": 40.0, "length_km": 0.035555183334434734 }, "geometry": { "type": "LineString", "coordinates": [ [ 138.5221603, -34.886173 ], [ 138.5225337, -34.8861922 ] ] } },
{ "type": "Feature", "properties": { "osm_id": "79182575", "road_name": "Henderson Avenue", "highway": "residential", "maxspeed_kmh": 40.0, "length_km": 0.23182722771538913 }, "geometry": { "type": "LineString", "coordinates": [ [ 138.5225337, -34.8861922 ], [ 138.5238794, -34.8860407 ], [ 138.5246324, -34.8853191 ] ] } },
{ "type": "Feature", "properties": { "osm_id": "79182697", "road_name": "Lewis Crescent", "highway": "residential", "maxspeed_kmh": 40.0, "length_km": 0.73025413580710985 }, "geometry": { "type": "LineString", "coordinates": [ [ 138.5226937, -34.8878265 ], [ 138.5245497, -34.8877341 ], [ 138.525796, -34.8879845 ], [ 138.529523899999987, -34.8878171 ], [ 138.5297287, -34.8886163 ] ] } },
{ "type": "Feature", "properties": { "osm_id": "79293224", "road_name": "Barker Avenue", "highway": "residential", "maxspeed_kmh": 40.0, "length_km": 0.32652140806291879 }, "geometry": { "type": "LineString", "coordinates": [ [ 138.5414527, -34.9079858 ], [ 138.5412325, -34.9050686 ] ] } },
{ "type": "Feature", "properties": { "osm_id": "79293231", "road_name": "Drake Avenue", "highway": "residential", "maxspeed_kmh": 40.0, "length_km": 0.33834053650236595 }, "geometry": { "type": "LineString", "coordinates": [ [ 138.537895600000013, -34.9081913 ], [ 138.5415588, -34.907981 ] ] } },
{ "type": "Feature", "properties": { "osm_id": "79293248", "road_name": "Collingwood Avenue", "highway": "residential", "maxspeed_kmh": 40.0, "length_km": 0.49056038030270249 }, "geometry": { "type": "LineString", "coordinates": [ [ 138.5387275, -34.9107543 ], [ 138.5440372, -34.9104201 ] ] } },
{ "type": "Feature", "properties": { "osm_id": "79293249", "road_name": "Collingwood Avenue", "highway": "residential", "maxspeed_kmh": 40.0, "length_km": 0.1237675285278549 }, "geometry": { "type": "LineString", "coordinates": [ [ 138.5479908, -34.9102958 ], [ 138.546654100000012, -34.910382799999987 ] ] } },
{ "type": "Feature", "properties": { "osm_id": "79293265", "road_name": "Brentwood Road", "highway": "residential", "maxspeed_kmh": 40.0, "length_km": 0.26110539752098477 }, "geometry": { "type": "LineString", "coordinates": [ [ 138.541933199999988, -34.9149413 ], [ 138.5417252, -34.912656099999985 ] ] } },
{ "type": "Feature", "properties": { "osm_id": "79293320", "road_name": "Avalon Avenue", "highway": "residential", "maxspeed_kmh": 40.0, "length_km": 0.097613857357049208 }, "geometry": { "type": "LineString", "coordinates": [ [ 138.5417252, -34.912656099999985 ], [ 138.540735, -34.9128863 ] ] } },
{ "type": "Feature", "properties": { "osm_id": "79293321", "road_name": "Swann Avenue", "highway": "residential", "maxspeed_kmh": 40.0, "length_km": 0.044677899858884963 }, "geometry": { "type": "LineString", "coordinates": [ [ 138.5361403, -34.9136719 ], [ 138.536625200000032, -34.9136519 ] ] } },
{ "type": "Feature", "properties": { "osm_id": "80909509", "road_name": "Old Post Office Place", "highway": "service", "maxspeed_kmh": 40.0, "length_km": 0.040948677060805502 }, "geometry": { "type": "LineString", "coordinates": [ [ 138.491153200000014, -34.9018893 ], [ 138.4907098, -34.9019192 ] ] } },
{ "type": "Feature", "properties": { "osm_id": "81139939", "road_name": "Parkhouse Avenue", "highway": "residential", "maxspeed_kmh": 40.0, "length_km": 0.21270185998481722 }, "geometry": { "type": "LineString", "coordinates": [ [ 138.5155383, -34.9009987 ], [ 138.517845599999987, -34.900891799999989 ] ] } },
{ "type": "Feature", "properties": { "osm_id": "81139940", "road_name": "Yalpara Avenue", "highway": "residential", "maxspeed_kmh": 40.0, "length_km": 0.25854283696919067 }, "geometry": { "type": "LineString", "coordinates": [ [ 138.5204666, -34.9031457 ], [ 138.5214062, -34.9030631 ], [ 138.5213268, -34.9015498 ] ] } },
{ "type": "Feature", "properties": { "osm_id": "83238394", "road_name": "Parkhouse Avenue", "highway": "residential", "maxspeed_kmh": 40.0, "length_km": 0.10821975371837431 }, "geometry": { "type": "LineString", "coordinates": [ [ 138.5165242, -34.900952399999987 ], [ 138.5165227, -34.9005964 ], [ 138.5167796, -34.900565600000022 ], [ 138.5168588, -34.9009373 ] ] } },
{ "type": "Feature", "properties": { "osm_id": "83350789", "road_name": "Chester Court", "highway": "residential", "maxspeed_kmh": 40.0, "length_km": 0.053665371666040816 }, "geometry": { "type": "LineString", "coordinates": [ [ 138.498699499999987, -34.8908091 ], [ 138.4992814, -34.89078 ] ] } },
{ "type": "Feature", "properties": { "osm_id": "83350795", "road_name": "Pampas Court", "highway": "residential", "maxspeed_kmh": 40.0, "length_km": 0.060179545007704519 }, "geometry": { "type": "LineString", "coordinates": [ [ 138.498666899999989, -34.891498 ], [ 138.499319500000013, -34.8914662 ] ] } },
{ "type": "Feature", "properties": { "osm_id": "83354697", "road_name": "Emma Court", "highway": "residential", "maxspeed_kmh": 40.0, "length_km": 0.032599055645767615 }, "geometry": { "type": "LineString", "coordinates": [ [ 138.4966785, -34.9015912 ], [ 138.4966967, -34.9018826 ] ] } },
{ "type": "Feature", "properties": { "osm_id": "84132900", "road_name": "White Street", "highway": "residential", "maxspeed_kmh": 40.0, "length_km": 0.20250824197888598 }, "geometry": { "type": "LineString", "coordinates": [ [ 138.621898499999986, -34.9262019 ], [ 138.6235548, -34.9273945 ] ] } },
{ "type": "Feature", "properties": { "osm_id": "84132901", "road_name": "Benda Street", "highway": "residential", "maxspeed_kmh": 40.0, "length_km": 0.16827641010754393 }, "geometry": { "type": "LineString", "coordinates": [ [ 138.6227273, -34.9254219 ], [ 138.6229351, -34.9269083 ] ] } },
{ "type": "Feature", "properties": { "osm_id": "85252271", "road_name": "Little Wakefield Street", "highway": "service", "maxspeed_kmh": 40.0, "length_km": 0.46134869259243533 }, "geometry": { "type": "LineString", "coordinates": [ [ 138.6232378, -34.9224568 ], [ 138.619954, -34.9255587 ] ] } },
{ "type": "Feature", "properties": { "osm_id": "85252272", "road_name": "Little Angas Street", "highway": "service", "maxspeed_kmh": 40.0, "length_km": 0.33059788330473161 }, "geometry": { "type": "LineString", "coordinates": [ [ 138.620926200000014, -34.9262315 ], [ 138.623349100000013, -34.9240604 ] ] } },
{ "type": "Feature", "properties": { "osm_id": "85252562", "road_name": "Willis Street", "highway": "residential", "maxspeed_kmh": 40.0, "length_km": 0.13641017357235091 }, "geometry": { "type": "LineString", "coordinates": [ [ 138.627663100000035, -34.9226138 ], [ 138.6261829, -34.9226834 ] ] } },
{ "type": "Feature", "properties": { "osm_id": "85952622", "road_name": "Argent Place", "highway": "residential", "maxspeed_kmh": 40.0, "length_km": 0.078296881532404314 }, "geometry": { "type": "LineString", "coordinates": [ [ 138.6436443, -34.9016371 ], [ 138.6436158, -34.9009365 ] ] } },
{ "type": "Feature", "properties": { "osm_id": "86299661", "road_name": "Gemmell Street", "highway": "residential", "maxspeed_kmh": 40.0, "length_km": 0.19450124056529924 }, "geometry": { "type": "LineString", "coordinates": [ [ 138.549111399999987, -34.89393050000001 ], [ 138.5470025, -34.8940408 ] ] } },
{ "type": "Feature", "properties": { "osm_id": "86299795", "road_name": "Courtoy Street", "highway": "residential", "maxspeed_kmh": 40.0, "length_km": 0.11613792344549252 }, "geometry": { "type": "LineString", "coordinates": [ [ 138.5467787, -34.8904313 ], [ 138.5480397, -34.8903963 ] ] } },
{ "type": "Feature", "properties": { "osm_id": "86480680", "road_name": "East Terrace", "highway": "tertiary", "maxspeed_kmh": 40.0, "length_km": 0.60855534410444567 }, "geometry": { "type": "LineString", "coordinates": [ [ 138.4969946, -34.9166806 ], [ 138.497414099999986, -34.9221166 ] ] } },
{ "type": "Feature", "properties": { "osm_id": "86480695", "road_name": "Semaphore Road", "highway": "secondary", "maxspeed_kmh": 40.0, "length_km": 0.23457202456966786 }, "geometry": { "type": "LineString", "coordinates": [ [ 138.4814858, -34.8383818 ], [ 138.4839557, -34.8388772 ] ] } },
{ "type": "Feature", "properties": { "osm_id": "86480699", "road_name": "Semaphore Road", "highway": "secondary", "maxspeed_kmh": 40.0, "length_km": 0.021386314920205637 }, "geometry": { "type": "LineString", "coordinates": [ [ 138.4805574, -34.838207799999985 ], [ 138.4807827, -34.838254 ] ] } },
{ "type": "Feature", "properties": { "osm_id": "86480705", "road_name": "Semaphore Road", "highway": "secondary", "maxspeed_kmh": 40.0, "length_km": 0.29053246063090421 }, "geometry": { "type": "LineString", "coordinates": [ [ 138.4838298, -34.8389136 ], [ 138.4807473, -34.838369400000012 ] ] } },
{ "type": "Feature", "properties": { "osm_id": "86480710", "road_name": "Semaphore Road", "highway": "secondary", "maxspeed_kmh": 40.0, "length_km": 0.039995284598895141 }, "geometry": { "type": "LineString", "coordinates": [ [ 138.4807473, -34.838369400000012 ], [ 138.480324599999989, -34.8382897 ] ] } },
{ "type": "Feature", "properties": { "osm_id": "86480725", "road_name": "Semaphore Road", "highway": "secondary", "maxspeed_kmh": 40.0, "length_km": 0.053956792830134291 }, "geometry": { "type": "LineString", "coordinates": [ [ 138.4847229, -34.8389971 ], [ 138.4852926, -34.8391093 ] ] } },
{ "type": "Feature", "properties": { "osm_id": "86482112", "road_name": "Stuart Road", "highway": "residential", "maxspeed_kmh": 40.0, "length_km": 0.16689812726391073 }, "geometry": { "type": "LineString", "coordinates": [ [ 138.631479, -34.9332965 ], [ 138.6315959, -34.9347876 ] ] } },
{ "type": "Feature", "properties": { "osm_id": "86482116", "road_name": "Grant Avenue", "highway": "residential", "maxspeed_kmh": 40.0, "length_km": 0.018062916180911725 }, "geometry": { "type": "LineString", "coordinates": [ [ 138.63026450000001, -34.9320688 ], [ 138.630460800000037, -34.9320647 ] ] } },
{ "type": "Feature", "properties": { "osm_id": "86482119", "road_name": "Grant Avenue", "highway": "residential", "maxspeed_kmh": 40.0, "length_km": 0.092836441515260895 }, "geometry": { "type": "LineString", "coordinates": [ [ 138.629258, -34.9321299 ], [ 138.63026450000001, -34.9320688 ] ] } },
{ "type": "Feature", "properties": { "osm_id": "86482126", "road_name": "Grant Avenue", "highway": "residential", "maxspeed_kmh": 40.0, "length_km": 0.15829937133418093 }, "geometry": { "type": "LineString", "coordinates": [ [ 138.6309211, -34.9320404 ], [ 138.6326388, -34.9319542 ] ] } },
{ "type": "Feature", "properties": { "osm_id": "86482172", "road_name": "Dulwich Avenue", "highway": "residential", "maxspeed_kmh": 40.0, "length_km": 0.38845844452660588 }, "geometry": { "type": "LineString", "coordinates": [ [ 138.6271731, -34.9352203 ], [ 138.631387600000011, -34.9350002 ] ] } },
{ "type": "Feature", "properties": { "osm_id": "86482187", "road_name": "Swaine Avenue", "highway": "residential", "maxspeed_kmh": 40.0, "length_km": 0.12863673601374595 }, "geometry": { "type": "LineString", "coordinates": [ [ 138.6316664, -34.9330602 ], [ 138.633061, -34.9329776 ] ] } },
{ "type": "Feature", "properties": { "osm_id": "86579751", "road_name": "Hartley Road", "highway": "tertiary", "maxspeed_kmh": 40.0, "length_km": 1.353804819690509 }, "geometry": { "type": "LineString", "coordinates": [ [ 138.5339639, -34.9124342 ], [ 138.5486324, -34.9116336 ] ] } },
{ "type": "Feature", "properties": { "osm_id": "88303823", "road_name": "Walkerville Terrace", "highway": "tertiary", "maxspeed_kmh": 40.0, "length_km": 0.080659119346003144 }, "geometry": { "type": "LineString", "coordinates": [ [ 138.6157335, -34.896464 ], [ 138.616373, -34.8959705 ] ] } },
{ "type": "Feature", "properties": { "osm_id": "88303824", "road_name": "King William Street", "highway": "residential", "maxspeed_kmh": 40.0, "length_km": 0.32998721627371358 }, "geometry": { "type": "LineString", "coordinates": [ [ 138.6197402, -34.9185054 ], [ 138.62277180000001, -34.9169324 ] ] } },
{ "type": "Feature", "properties": { "osm_id": "88303828", "road_name": "Magill Road", "highway": "secondary", "maxspeed_kmh": 40.0, "length_km": 0.087923889807199021 }, "geometry": { "type": "LineString", "coordinates": [ [ 138.675040599999988, -34.9130582 ], [ 138.675994300000013, -34.9130076 ] ] } },
{ "type": "Feature", "properties": { "osm_id": "88303835", "road_name": "Beulah Road", "highway": "residential", "maxspeed_kmh": 40.0, "length_km": 0.13156828178456184 }, "geometry": { "type": "LineString", "coordinates": [ [ 138.6388332, -34.9179342 ], [ 138.640260899999987, -34.917866600000011 ] ] } },
{ "type": "Feature", "properties": { "osm_id": "88303840", "road_name": "River Street", "highway": "residential", "maxspeed_kmh": 40.0, "length_km": 0.072229487580477841 }, "geometry": { "type": "LineString", "coordinates": [ [ 138.6190734, -34.9045335 ], [ 138.6189587, -34.9038938 ] ] } },
{ "type": "Feature", "properties": { "osm_id": "88303843", "road_name": "William Street", "highway": "residential", "maxspeed_kmh": 40.0, "length_km": 0.15598868963564708 }, "geometry": { "type": "LineString", "coordinates": [ [ 138.6303236, -34.9244875 ], [ 138.6320167, -34.9244123 ] ] } },
{ "type": "Feature", "properties": { "osm_id": "88303844", "road_name": "Stuart Road", "highway": "residential", "maxspeed_kmh": 40.0, "length_km": 0.074648591697816818 }, "geometry": { "type": "LineString", "coordinates": [ [ 138.6318123, -34.9375933 ], [ 138.6318592, -34.9382605 ] ] } },
{ "type": "Feature", "properties": { "osm_id": "88303845", "road_name": "Taylor Street", "highway": "residential", "maxspeed_kmh": 40.0, "length_km": 0.089651071363048201 }, "geometry": { "type": "LineString", "coordinates": [ [ 138.6347265, -34.9255497 ], [ 138.6356992, -34.9255005 ] ] } },
{ "type": "Feature", "properties": { "osm_id": "88303846", "road_name": "William Street", "highway": "residential", "maxspeed_kmh": 40.0, "length_km": 0.14815781138709572 }, "geometry": { "type": "LineString", "coordinates": [ [ 138.6371327, -34.9241564 ], [ 138.6387399, -34.9240717 ] ] } },
{ "type": "Feature", "properties": { "osm_id": "88303859", "road_name": "River Street", "highway": "residential", "maxspeed_kmh": 40.0, "length_km": 0.043208914678057944 }, "geometry": { "type": "LineString", "coordinates": [ [ 138.6189587, -34.9038938 ], [ 138.6186772, -34.9036146 ] ] } },
{ "type": "Feature", "properties": { "osm_id": "88303862", "road_name": "Sydenham Road", "highway": "residential", "maxspeed_kmh": 40.0, "length_km": 0.04711106196760996 }, "geometry": { "type": "LineString", "coordinates": [ [ 138.6280092, -34.9272308 ], [ 138.628044, -34.9276516 ] ] } },
{ "type": "Feature", "properties": { "osm_id": "88303870", "road_name": "Beulah Road", "highway": "residential", "maxspeed_kmh": 40.0, "length_km": 0.14981597001286945 }, "geometry": { "type": "LineString", "coordinates": [ [ 138.6344647, -34.9181466 ], [ 138.636090700000011, -34.918073899999989 ] ] } },
{ "type": "Feature", "properties": { "osm_id": "88303874", "road_name": "William Street", "highway": "residential", "maxspeed_kmh": 40.0, "length_km": 0.17056604514043525 }, "geometry": { "type": "LineString", "coordinates": [ [ 138.625700599999988, -34.9247232 ], [ 138.627552, -34.9246421 ] ] } },
{ "type": "Feature", "properties": { "osm_id": "88303875", "road_name": "William Street", "highway": "residential", "maxspeed_kmh": 40.0, "length_km": 0.18978164704957645 }, "geometry": { "type": "LineString", "coordinates": [ [ 138.6255023, -34.92472990000001 ], [ 138.623445800000013, -34.9248629 ] ] } },
{ "type": "Feature", "properties": { "osm_id": "88303881", "road_name": "William Street", "highway": "residential", "maxspeed_kmh": 40.0, "length_km": 0.17716839978351268 }, "geometry": { "type": "LineString", "coordinates": [ [ 138.6391051, -34.9240443 ], [ 138.6410282, -34.92396 ] ] } },
{ "type": "Feature", "properties": { "osm_id": "88303888", "road_name": "Sydenham Road", "highway": "residential", "maxspeed_kmh": 40.0, "length_km": 0.26855605581413344 }, "geometry": { "type": "LineString", "coordinates": [ [ 138.6278375, -34.924831 ], [ 138.6280092, -34.9272308 ] ] } },
{ "type": "Feature", "properties": { "osm_id": "88303896", "road_name": "William Street", "highway": "residential", "maxspeed_kmh": 40.0, "length_km": 0.035266011858119173 }, "geometry": { "type": "LineString", "coordinates": [ [ 138.638930499999987, -34.9240871 ], [ 138.6387399, -34.9240717 ], [ 138.638928099999987, -34.9240411 ] ] } },
{ "type": "Feature", "properties": { "osm_id": "88303899", "road_name": "Eighth Avenue", "highway": "residential", "maxspeed_kmh": 40.0, "length_km": 0.14784200657709434 }, "geometry": { "type": "LineString", "coordinates": [ [ 138.619074500000011, -34.9049469 ], [ 138.618159600000013, -34.9060349 ] ] } },
{ "type": "Feature", "properties": { "osm_id": "88303901", "road_name": "Sydenham Road", "highway": "residential", "maxspeed_kmh": 40.0, "length_km": 0.26338530326300236 }, "geometry": { "type": "LineString", "coordinates": [ [ 138.6271724, -34.916075 ], [ 138.6273324, -34.9184292 ] ] } },
{ "type": "Feature", "properties": { "osm_id": "88303903", "road_name": "Edward Street", "highway": "residential", "maxspeed_kmh": 40.0, "length_km": 0.3282489401770764 }, "geometry": { "type": "LineString", "coordinates": [ [ 138.634847, -34.927292 ], [ 138.6346356, -34.9243584 ] ] } },
{ "type": "Feature", "properties": { "osm_id": "88303904", "road_name": "William Street", "highway": "residential", "maxspeed_kmh": 40.0, "length_km": 0.16800246605011504 }, "geometry": { "type": "LineString", "coordinates": [ [ 138.634742100000011, -34.9242842 ], [ 138.6365644, -34.9241866 ] ] } },
{ "type": "Feature", "properties": { "osm_id": "88303911", "road_name": "King William Street", "highway": "residential", "maxspeed_kmh": 40.0, "length_km": 0.43249413233101025 }, "geometry": { "type": "LineString", "coordinates": [ [ 138.615598299999988, -34.9206287 ], [ 138.6195906, -34.9185845 ] ] } },
{ "type": "Feature", "properties": { "osm_id": "88303916", "road_name": "William Street", "highway": "residential", "maxspeed_kmh": 40.0, "length_km": 0.020122828466750915 }, "geometry": { "type": "LineString", "coordinates": [ [ 138.6343436, -34.924296 ], [ 138.634562, -34.924286 ] ] } },
{ "type": "Feature", "properties": { "osm_id": "88303929", "road_name": "Beulah Road", "highway": "residential", "maxspeed_kmh": 40.0, "length_km": 0.15327634707770316 }, "geometry": { "type": "LineString", "coordinates": [ [ 138.6366257, -34.918043 ], [ 138.6382883, -34.9179561 ] ] } },
{ "type": "Feature", "properties": { "osm_id": "88303930", "road_name": "Walkerville Terrace", "highway": "tertiary", "maxspeed_kmh": 40.0, "length_km": 0.10628300683623376 }, "geometry": { "type": "LineString", "coordinates": [ [ 138.616373, -34.8959705 ], [ 138.617222, -34.8953255 ] ] } },
{ "type": "Feature", "properties": { "osm_id": "88303936", "road_name": "Grant Avenue", "highway": "residential", "maxspeed_kmh": 40.0, "length_km": 0.27203444355589573 }, "geometry": { "type": "LineString", "coordinates": [ [ 138.6381719, -34.9316102 ], [ 138.641122599999989, -34.9314473 ] ] } },
{ "type": "Feature", "properties": { "osm_id": "88303944", "road_name": "William Street", "highway": "residential", "maxspeed_kmh": 40.0, "length_km": 0.17778209583933158 }, "geometry": { "type": "LineString", "coordinates": [ [ 138.6324148, -34.9243945 ], [ 138.6343436, -34.924296 ] ] } },
{ "type": "Feature", "properties": { "osm_id": "88303946", "road_name": "William Street", "highway": "residential", "maxspeed_kmh": 40.0, "length_km": 0.14768242517069571 }, "geometry": { "type": "LineString", "coordinates": [ [ 138.6280961, -34.9246096 ], [ 138.6296978, -34.9245228 ] ] } },
{ "type": "Feature", "properties": { "osm_id": "88303949", "road_name": "Ninth Avenue", "highway": "residential", "maxspeed_kmh": 40.0, "length_km": 0.220987472976864 }, "geometry": { "type": "LineString", "coordinates": [ [ 138.6186772, -34.9036146 ], [ 138.6200412, -34.9019863 ] ] } },
{ "type": "Feature", "properties": { "osm_id": "88303957", "road_name": "Eighth Avenue", "highway": "residential", "maxspeed_kmh": 40.0, "length_km": 0.1833308387410954 }, "geometry": { "type": "LineString", "coordinates": [ [ 138.617010599999986, -34.9073756 ], [ 138.618159600000013, -34.9060349 ] ] } },
{ "type": "Feature", "properties": { "osm_id": "88303959", "road_name": "Sydenham Road", "highway": "residential", "maxspeed_kmh": 40.0, "length_km": 0.29885319959251638 }, "geometry": { "type": "LineString", "coordinates": [ [ 138.6275961, -34.921762 ], [ 138.627798899999988, -34.9244323 ] ] } },
{ "type": "Feature", "properties": { "osm_id": "88303978", "road_name": "George Street", "highway": "residential", "maxspeed_kmh": 40.0, "length_km": 0.20058842488570175 }, "geometry": { "type": "LineString", "coordinates": [ [ 138.6365194, -34.920049399999989 ], [ 138.6363811, -34.9182572 ] ] } },
{ "type": "Feature", "properties": { "osm_id": "90759780", "road_name": null, "highway": "residential", "maxspeed_kmh": 40.0, "length_km": 0.046846390119649264 }, "geometry": { "type": "LineString", "coordinates": [ [ 138.5902702, -34.896777899999989 ], [ 138.5901685, -34.8967512 ], [ 138.5902088, -34.8966546 ], [ 138.5903107, -34.8966869 ], [ 138.5902702, -34.896777899999989 ] ] } },
{ "type": "Feature", "properties": { "osm_id": "95183876", "road_name": "Hampton Grove", "highway": "residential", "maxspeed_kmh": 40.0, "length_km": 0.17738013053285984 }, "geometry": { "type": "LineString", "coordinates": [ [ 138.630935, -34.9221644 ], [ 138.6310306, -34.9237505 ] ] } },
{ "type": "Feature", "properties": { "osm_id": "95183877", "road_name": "Somerset Place", "highway": "residential", "maxspeed_kmh": 40.0, "length_km": 0.073260670229289296 }, "geometry": { "type": "LineString", "coordinates": [ [ 138.6299349, -34.9233405 ], [ 138.6307287, -34.9232885 ] ] } },
{ "type": "Feature", "properties": { "osm_id": "95183946", "road_name": "North Street", "highway": "residential", "maxspeed_kmh": 40.0, "length_km": 0.17291687429964914 }, "geometry": { "type": "LineString", "coordinates": [ [ 138.6248795, -34.923224599999983 ], [ 138.6249934, -34.9247698 ] ] } },
{ "type": "Feature", "properties": { "osm_id": "95183947", "road_name": "Alfred Street", "highway": "residential", "maxspeed_kmh": 40.0, "length_km": 0.33689420335804293 }, "geometry": { "type": "LineString", "coordinates": [ [ 138.631391500000035, -34.9244451 ], [ 138.631615700000026, -34.9274556 ] ] } },
{ "type": "Feature", "properties": { "osm_id": "95183949", "road_name": "Gilbert Street", "highway": "residential", "maxspeed_kmh": 40.0, "length_km": 0.12390219019932873 }, "geometry": { "type": "LineString", "coordinates": [ [ 138.6278958, -34.9258089 ], [ 138.6265506, -34.9258636 ] ] } },
{ "type": "Feature", "properties": { "osm_id": "95183951", "road_name": "Rosemont Street", "highway": "residential", "maxspeed_kmh": 40.0, "length_km": 0.19940907130540275 }, "geometry": { "type": "LineString", "coordinates": [ [ 138.6279811, -34.9267434 ], [ 138.6301415, -34.9265976 ] ] } },
{ "type": "Feature", "properties": { "osm_id": "95206849", "road_name": "Florence Street", "highway": "residential", "maxspeed_kmh": 40.0, "length_km": 0.20302293541481614 }, "geometry": { "type": "LineString", "coordinates": [ [ 138.6296927, -34.920332799999976 ], [ 138.6274904, -34.9204482 ] ] } },
{ "type": "Feature", "properties": { "osm_id": "95206850", "road_name": "Threlfall Avenue", "highway": "service", "maxspeed_kmh": 40.0, "length_km": 0.10006290149759436 }, "geometry": { "type": "LineString", "coordinates": [ [ 138.624509300000028, -34.9243835 ], [ 138.62559490000001, -34.9243284 ] ] } },
{ "type": "Feature", "properties": { "osm_id": "95206855", "road_name": "Beyer Street", "highway": "residential", "maxspeed_kmh": 40.0, "length_km": 0.20389044982845772 }, "geometry": { "type": "LineString", "coordinates": [ [ 138.629722, -34.9206277 ], [ 138.627509, -34.9207256 ] ] } },
{ "type": "Feature", "properties": { "osm_id": "95206859", "road_name": "Charlotte Lane", "highway": "service", "maxspeed_kmh": 40.0, "length_km": 0.20413748354635095 }, "geometry": { "type": "LineString", "coordinates": [ [ 138.6268323, -34.919607 ], [ 138.6267813, -34.919090099999984 ], [ 138.6251948, -34.9191664 ] ] } },
{ "type": "Feature", "properties": { "osm_id": "95206860", "road_name": "Stanley Street", "highway": "residential", "maxspeed_kmh": 40.0, "length_km": 0.092793034583893347 }, "geometry": { "type": "LineString", "coordinates": [ [ 138.6287773, -34.9203812 ], [ 138.628717599999987, -34.9195519 ] ] } },
{ "type": "Feature", "properties": { "osm_id": "95206861", "road_name": "Theresa Street", "highway": "residential", "maxspeed_kmh": 40.0, "length_km": 0.075945408264690539 }, "geometry": { "type": "LineString", "coordinates": [ [ 138.629626, -34.919248899999985 ], [ 138.62880340000001, -34.9193056 ] ] } },
{ "type": "Feature", "properties": { "osm_id": "95208546", "road_name": "Webbe Street", "highway": "residential", "maxspeed_kmh": 40.0, "length_km": 0.20270185357738169 }, "geometry": { "type": "LineString", "coordinates": [ [ 138.634329800000017, -34.9202779 ], [ 138.6365293, -34.9201753 ] ] } },
{ "type": "Feature", "properties": { "osm_id": "95208548", "road_name": "Harris Street", "highway": "residential", "maxspeed_kmh": 40.0, "length_km": 0.20203148374517849 }, "geometry": { "type": "LineString", "coordinates": [ [ 138.636483199999986, -34.9195902 ], [ 138.634291, -34.9196963 ] ] } },
{ "type": "Feature", "properties": { "osm_id": "95208549", "road_name": "Hall Street", "highway": "residential", "maxspeed_kmh": 40.0, "length_km": 0.049629878361278384 }, "geometry": { "type": "LineString", "coordinates": [ [ 138.6331739, -34.9192909 ], [ 138.6332026, -34.9197346 ] ] } },
{ "type": "Feature", "properties": { "osm_id": "95208550", "road_name": "Muller Street", "highway": "residential", "maxspeed_kmh": 40.0, "length_km": 0.13094705718268479 }, "geometry": { "type": "LineString", "coordinates": [ [ 138.627239, -34.9169485 ], [ 138.628660200000013, -34.9168854 ] ] } },
{ "type": "Feature", "properties": { "osm_id": "95208551", "road_name": "Wall Street", "highway": "residential", "maxspeed_kmh": 40.0, "length_km": 0.20081894281424967 }, "geometry": { "type": "LineString", "coordinates": [ [ 138.6364745, -34.9195054 ], [ 138.6386536, -34.9194007 ] ] } },
{ "type": "Feature", "properties": { "osm_id": "95209086", "road_name": "Andrew Street", "highway": "residential", "maxspeed_kmh": 40.0, "length_km": 0.21770505233973897 }, "geometry": { "type": "LineString", "coordinates": [ [ 138.6473286, -34.9180335 ], [ 138.649692, -34.9179362 ] ] } },
{ "type": "Feature", "properties": { "osm_id": "95209087", "road_name": "Howard Street", "highway": "residential", "maxspeed_kmh": 40.0, "length_km": 0.34493999856519908 }, "geometry": { "type": "LineString", "coordinates": [ [ 138.643565099999989, -34.9177795 ], [ 138.643809800000014, -34.9208608 ] ] } },
{ "type": "Feature", "properties": { "osm_id": "95209090", "road_name": "Bonney Street", "highway": "residential", "maxspeed_kmh": 40.0, "length_km": 0.093151077436197938 }, "geometry": { "type": "LineString", "coordinates": [ [ 138.6362421, -34.916506799999986 ], [ 138.635232, -34.9165637 ] ] } },
{ "type": "Feature", "properties": { "osm_id": "95209096", "road_name": "Clara Street", "highway": "residential", "maxspeed_kmh": 40.0, "length_km": 0.20142234430021216 }, "geometry": { "type": "LineString", "coordinates": [ [ 138.6341262, -34.9174036 ], [ 138.6363127, -34.9173129 ] ] } },
{ "type": "Feature", "properties": { "osm_id": "95211749", "road_name": "Mathilda Street", "highway": "residential", "maxspeed_kmh": 40.0, "length_km": 0.14182870529754915 }, "geometry": { "type": "LineString", "coordinates": [ [ 138.6423839, -34.9186034 ], [ 138.64084410000001, -34.9186645 ] ] } },
{ "type": "Feature", "properties": { "osm_id": "95211750", "road_name": "Douglas Avenue", "highway": "residential", "maxspeed_kmh": 40.0, "length_km": 0.15393874215678952 }, "geometry": { "type": "LineString", "coordinates": [ [ 138.6437751, -34.9201179 ], [ 138.6454459, -34.920043 ] ] } },
{ "type": "Feature", "properties": { "osm_id": "95348598", "road_name": "Anne Street", "highway": "residential", "maxspeed_kmh": 40.0, "length_km": 0.11969430870815886 }, "geometry": { "type": "LineString", "coordinates": [ [ 138.5701095, -34.903735799999986 ], [ 138.570922200000012, -34.9028993 ] ] } },
{ "type": "Feature", "properties": { "osm_id": "95348600", "road_name": "Park Terrace", "highway": "residential", "maxspeed_kmh": 40.0, "length_km": 0.15351555932494632 }, "geometry": { "type": "LineString", "coordinates": [ [ 138.583744700000011, -34.90260390000001 ], [ 138.582638, -34.9036169 ] ] } },
{ "type": "Feature", "properties": { "osm_id": "104643290", "road_name": "Berkley Avenue", "highway": "residential", "maxspeed_kmh": 40.0, "length_km": 0.11553681263255224 }, "geometry": { "type": "LineString", "coordinates": [ [ 138.574636700000013, -34.9525296 ], [ 138.5738574, -34.9517184 ] ] } },
{ "type": "Feature", "properties": { "osm_id": "110009530", "road_name": "Myer Court", "highway": "residential", "maxspeed_kmh": 40.0, "length_km": 0.2233190126705821 }, "geometry": { "type": "LineString", "coordinates": [ [ 138.550483899999989, -34.901388 ], [ 138.5506326, -34.9033833 ] ] } },
{ "type": "Feature", "properties": { "osm_id": "115531947", "road_name": "Jetty Road", "highway": "tertiary", "maxspeed_kmh": 40.0, "length_km": 0.15535535773418688 }, "geometry": { "type": "LineString", "coordinates": [ [ 138.519412, -34.9800575 ], [ 138.5177256, -34.980142399999984 ] ] } },
{ "type": "Feature", "properties": { "osm_id": "120880723", "road_name": "Eton Street", "highway": "residential", "maxspeed_kmh": 40.0, "length_km": 0.060844617396790382 }, "geometry": { "type": "LineString", "coordinates": [ [ 138.6086204, -34.9567616 ], [ 138.607960600000013, -34.956802 ] ] } },
{ "type": "Feature", "properties": { "osm_id": "120880724", "road_name": "Clifton Street", "highway": "residential", "maxspeed_kmh": 40.0, "length_km": 0.74957416971659185 }, "geometry": { "type": "LineString", "coordinates": [ [ 138.608568, -34.9557159 ], [ 138.616701299999988, -34.9552774 ] ] } },
{ "type": "Feature", "properties": { "osm_id": "120880725", "road_name": "Sheffield Street", "highway": "residential", "maxspeed_kmh": 40.0, "length_km": 0.55875520545344315 }, "geometry": { "type": "LineString", "coordinates": [ [ 138.6091222, -34.9625794 ], [ 138.6151875, -34.962278 ] ] } },
{ "type": "Feature", "properties": { "osm_id": "120880728", "road_name": "Winchester Street", "highway": "residential", "maxspeed_kmh": 40.0, "length_km": 0.14091661433834346 }, "geometry": { "type": "LineString", "coordinates": [ [ 138.6088653, -34.9607595 ], [ 138.610395399999987, -34.9606904 ] ] } },
{ "type": "Feature", "properties": { "osm_id": "123535717", "road_name": "Orchard Avenue", "highway": "residential", "maxspeed_kmh": 40.0, "length_km": 0.067936159614867764 }, "geometry": { "type": "LineString", "coordinates": [ [ 138.571945699999986, -34.9533601 ], [ 138.572147199999989, -34.953893399999984 ] ] } },
{ "type": "Feature", "properties": { "osm_id": "124055309", "road_name": "Salisbury Street", "highway": "residential", "maxspeed_kmh": 40.0, "length_km": 0.3745320521284935 }, "geometry": { "type": "LineString", "coordinates": [ [ 138.605454900000012, -34.9444428 ], [ 138.605200200000041, -34.9410965 ] ] } },
{ "type": "Feature", "properties": { "osm_id": "124055311", "road_name": "Young Street", "highway": "residential", "maxspeed_kmh": 40.0, "length_km": 0.19390986268352473 }, "geometry": { "type": "LineString", "coordinates": [ [ 138.602509, -34.9448255 ], [ 138.60040570000001, -34.9449442 ] ] } },
{ "type": "Feature", "properties": { "osm_id": "124055313", "road_name": "Young Street", "highway": "residential", "maxspeed_kmh": 40.0, "length_km": 0.065355762140943907 }, "geometry": { "type": "LineString", "coordinates": [ [ 138.6037705, -34.94476 ], [ 138.603061200000013, -34.9447949 ] ] } },
{ "type": "Feature", "properties": { "osm_id": "124055317", "road_name": "Young Street", "highway": "residential", "maxspeed_kmh": 40.0, "length_km": 0.082890678634577317 }, "geometry": { "type": "LineString", "coordinates": [ [ 138.6051977, -34.9446854 ], [ 138.604298199999988, -34.944731099999984 ] ] } },
{ "type": "Feature", "properties": { "osm_id": "124055318", "road_name": "Palmerston Road", "highway": "residential", "maxspeed_kmh": 40.0, "length_km": 0.18546976906503107 }, "geometry": { "type": "LineString", "coordinates": [ [ 138.604060299999986, -34.9449275 ], [ 138.6041774, -34.9465851 ] ] } },
{ "type": "Feature", "properties": { "osm_id": "124055319", "road_name": "Roberts Street", "highway": "residential", "maxspeed_kmh": 40.0, "length_km": 0.3791696539972611 }, "geometry": { "type": "LineString", "coordinates": [ [ 138.6027411, -34.9445896 ], [ 138.602601, -34.9428949 ], [ 138.6021653, -34.9412528 ] ] } },
{ "type": "Feature", "properties": { "osm_id": "124066063", "road_name": "Cambridge Street", "highway": "residential", "maxspeed_kmh": 40.0, "length_km": 0.16427818300704941 }, "geometry": { "type": "LineString", "coordinates": [ [ 138.6152179, -34.91161790000001 ], [ 138.6134774, -34.91194560000001 ] ] } },
{ "type": "Feature", "properties": { "osm_id": "124151378", "road_name": "Aragon Street", "highway": "residential", "maxspeed_kmh": 40.0, "length_km": 0.17361873093557612 }, "geometry": { "type": "LineString", "coordinates": [ [ 138.635020700000013, -34.9525108 ], [ 138.6331382, -34.9526219 ] ] } },
{ "type": "Feature", "properties": { "osm_id": "124151379", "road_name": "Beaconsfield Street", "highway": "residential", "maxspeed_kmh": 40.0, "length_km": 0.17477314710468322 }, "geometry": { "type": "LineString", "coordinates": [ [ 138.636517700000013, -34.9547566 ], [ 138.636635899999987, -34.9563183 ] ] } },
{ "type": "Feature", "properties": { "osm_id": "124191923", "road_name": "Willow Bend", "highway": "residential", "maxspeed_kmh": 40.0, "length_km": 0.25559808422549618 }, "geometry": { "type": "LineString", "coordinates": [ [ 138.6331762, -34.8929944 ], [ 138.633330699999988, -34.8925771 ], [ 138.6315033, -34.891530499999988 ] ] } },
{ "type": "Feature", "properties": { "osm_id": "124191924", "road_name": "Willow Bend", "highway": "residential", "maxspeed_kmh": 40.0, "length_km": 0.15157561296329589 }, "geometry": { "type": "LineString", "coordinates": [ [ 138.6306916, -34.8921885 ], [ 138.6309028, -34.8918213 ], [ 138.6318977, -34.891346 ] ] } },
{ "type": "Feature", "properties": { "osm_id": "125571870", "road_name": "Myola Avenue", "highway": "residential", "maxspeed_kmh": 40.0, "length_km": 0.19084870740353607 }, "geometry": { "type": "LineString", "coordinates": [ [ 138.640185800000012, -34.9532002 ], [ 138.640073699999988, -34.9514942 ] ] } },
{ "type": "Feature", "properties": { "osm_id": "126186780", "road_name": "Almond Street", "highway": "residential", "maxspeed_kmh": 40.0, "length_km": 0.14423511102063505 }, "geometry": { "type": "LineString", "coordinates": [ [ 138.593767, -34.9490541 ], [ 138.593592300000012, -34.9478109 ] ] } },
{ "type": "Feature", "properties": { "osm_id": "126189064", "road_name": "Ningana Avenue", "highway": "residential", "maxspeed_kmh": 40.0, "length_km": 0.012793094586008641 }, "geometry": { "type": "LineString", "coordinates": [ [ 138.5901984, -34.9596901 ], [ 138.59033070000001, -34.9597255 ] ] } },
{ "type": "Feature", "properties": { "osm_id": "126189066", "road_name": "Goodwood Road", "highway": "residential", "maxspeed_kmh": 40.0, "length_km": 0.115941366058415 }, "geometry": { "type": "LineString", "coordinates": [ [ 138.59033070000001, -34.9597255 ], [ 138.590241, -34.9586902 ] ] } },
{ "type": "Feature", "properties": { "osm_id": "126193948", "road_name": "Rugby Street", "highway": "residential", "maxspeed_kmh": 40.0, "length_km": 0.23321042515921819 }, "geometry": { "type": "LineString", "coordinates": [ [ 138.6095324, -34.9494327 ], [ 138.6096866, -34.9515165 ] ] } },
{ "type": "Feature", "properties": { "osm_id": "127520007", "road_name": "Kingsley Avenue", "highway": "residential", "maxspeed_kmh": 40.0, "length_km": 0.079197065697056312 }, "geometry": { "type": "LineString", "coordinates": [ [ 138.639541799999989, -34.9461413 ], [ 138.639091900000011, -34.9455558 ] ] } },
{ "type": "Feature", "properties": { "osm_id": "127711600", "road_name": "Fourth Avenue", "highway": "residential", "maxspeed_kmh": 40.0, "length_km": 0.15286144914594318 }, "geometry": { "type": "LineString", "coordinates": [ [ 138.6513335, -34.9110086 ], [ 138.6496752, -34.9110921 ] ] } },
{ "type": "Feature", "properties": { "osm_id": "127711601", "road_name": "Fifth Avenue", "highway": "residential", "maxspeed_kmh": 40.0, "length_km": 0.31208934372533292 }, "geometry": { "type": "LineString", "coordinates": [ [ 138.6518757, -34.9101251 ], [ 138.648486600000012, -34.910239 ] ] } },
{ "type": "Feature", "properties": { "osm_id": "131213056", "road_name": "Flinders Parade", "highway": "residential", "maxspeed_kmh": 40.0, "length_km": 0.21448969797387704 }, "geometry": { "type": "LineString", "coordinates": [ [ 138.544158900000014, -34.9095555 ], [ 138.546485100000012, -34.9094357 ] ] } },
{ "type": "Feature", "properties": { "osm_id": "131213058", "road_name": null, "highway": "residential", "maxspeed_kmh": 40.0, "length_km": 0.050875403081357788 }, "geometry": { "type": "LineString", "coordinates": [ [ 138.544158900000014, -34.9095555 ], [ 138.544070799999986, -34.9096314 ], [ 138.5439821, -34.9095647 ], [ 138.544060699999989, -34.9094866 ], [ 138.544158900000014, -34.9095555 ] ] } },
{ "type": "Feature", "properties": { "osm_id": "131213063", "road_name": "Hume Court", "highway": "residential", "maxspeed_kmh": 40.0, "length_km": 0.065104138344560039 }, "geometry": { "type": "LineString", "coordinates": [ [ 138.5487937, -34.9093091 ], [ 138.549498, -34.9093051 ] ] } },
{ "type": "Feature", "properties": { "osm_id": "131213069", "road_name": "Greville Avenue", "highway": "residential", "maxspeed_kmh": 40.0, "length_km": 0.079265143127931523 }, "geometry": { "type": "LineString", "coordinates": [ [ 138.544060699999989, -34.9094866 ], [ 138.5440098, -34.9087783 ] ] } },
{ "type": "Feature", "properties": { "osm_id": "131597361", "road_name": "Cleo Street", "highway": "residential", "maxspeed_kmh": 40.0, "length_km": 0.16487314433815697 }, "geometry": { "type": "LineString", "coordinates": [ [ 138.6504396, -34.9029262 ], [ 138.6486509, -34.9030125 ] ] } },
{ "type": "Feature", "properties": { "osm_id": "131597362", "road_name": "Howard Court", "highway": "residential", "maxspeed_kmh": 40.0, "length_km": 0.053677966031939625 }, "geometry": { "type": "LineString", "coordinates": [ [ 138.6472178, -34.9019188 ], [ 138.647107200000022, -34.9014576 ] ] } },
{ "type": "Feature", "properties": { "osm_id": "131599676", "road_name": "Second Lane", "highway": "service", "maxspeed_kmh": 40.0, "length_km": 0.82144307784347026 }, "geometry": { "type": "LineString", "coordinates": [ [ 138.630211, -34.9036647 ], [ 138.6250841, -34.9096851 ] ] } },
{ "type": "Feature", "properties": { "osm_id": "131650090", "road_name": "Oxenbould Street", "highway": "residential", "maxspeed_kmh": 40.0, "length_km": 0.16917557958841062 }, "geometry": { "type": "LineString", "coordinates": [ [ 138.6165334, -34.9425386 ], [ 138.6166503, -34.9440501 ] ] } },
{ "type": "Feature", "properties": { "osm_id": "132708265", "road_name": "University Boulevard", "highway": "service", "maxspeed_kmh": 40.0, "length_km": 0.28095584089839348 }, "geometry": { "type": "LineString", "coordinates": [ [ 138.617452500000013, -34.8069199 ], [ 138.620501100000013, -34.8069813 ] ] } },
{ "type": "Feature", "properties": { "osm_id": "135000373", "road_name": "Richards Terrace", "highway": "residential", "maxspeed_kmh": 40.0, "length_km": 0.084354565961767505 }, "geometry": { "type": "LineString", "coordinates": [ [ 138.585726200000011, -34.9505869 ], [ 138.5848109, -34.950635 ] ] } },
{ "type": "Feature", "properties": { "osm_id": "141057696", "road_name": "Curtis Street", "highway": "residential", "maxspeed_kmh": 40.0, "length_km": 0.15803415409211674 }, "geometry": { "type": "LineString", "coordinates": [ [ 138.5356434, -34.8831695 ], [ 138.536675699999989, -34.88205 ] ] } },
{ "type": "Feature", "properties": { "osm_id": "144062050", "road_name": "Dixon Street", "highway": "residential", "maxspeed_kmh": 40.0, "length_km": 0.49185342896617795 }, "geometry": { "type": "LineString", "coordinates": [ [ 138.589154799999989, -34.965183499999988 ], [ 138.588814900000017, -34.960789300000016 ] ] } },
{ "type": "Feature", "properties": { "osm_id": "144068669", "road_name": "Pickering Avenue", "highway": "residential", "maxspeed_kmh": 40.0, "length_km": 0.074427504457043797 }, "geometry": { "type": "LineString", "coordinates": [ [ 138.6304356, -34.9545923 ], [ 138.629628200000013, -34.9546383 ] ] } },
{ "type": "Feature", "properties": { "osm_id": "144070217", "road_name": "Culvert Street", "highway": "residential", "maxspeed_kmh": 40.0, "length_km": 0.27787846289462109 }, "geometry": { "type": "LineString", "coordinates": [ [ 138.607205599999986, -34.9471022 ], [ 138.6102219, -34.9469595 ] ] } },
{ "type": "Feature", "properties": { "osm_id": "144070793", "road_name": "Sheffield Street", "highway": "residential", "maxspeed_kmh": 40.0, "length_km": 0.19510762586112426 }, "geometry": { "type": "LineString", "coordinates": [ [ 138.6153093, -34.9622708 ], [ 138.6174263, -34.9621538 ] ] } },
{ "type": "Feature", "properties": { "osm_id": "144070794", "road_name": "Malvern Avenue", "highway": "residential", "maxspeed_kmh": 40.0, "length_km": 0.42930365180832775 }, "geometry": { "type": "LineString", "coordinates": [ [ 138.615329800000012, -34.9641697 ], [ 138.6106706, -34.9644148 ] ] } },
{ "type": "Feature", "properties": { "osm_id": "144070796", "road_name": "Winchester Street", "highway": "residential", "maxspeed_kmh": 40.0, "length_km": 0.42889020398254457 }, "geometry": { "type": "LineString", "coordinates": [ [ 138.6150474, -34.9604154 ], [ 138.610395399999987, -34.9606904 ] ] } },
{ "type": "Feature", "properties": { "osm_id": "145692466", "road_name": "Harriet Lucy Drive", "highway": "residential", "maxspeed_kmh": 40.0, "length_km": 0.05668099451875129 }, "geometry": { "type": "LineString", "coordinates": [ [ 138.6263036, -34.9432167 ], [ 138.6265515, -34.9427539 ] ] } },
{ "type": "Feature", "properties": { "osm_id": "145692467", "road_name": "Mulberry Road", "highway": "residential", "maxspeed_kmh": 40.0, "length_km": 0.19826794890425983 }, "geometry": { "type": "LineString", "coordinates": [ [ 138.6288696, -34.944152 ], [ 138.6287768, -34.9423832 ] ] } },
{ "type": "Feature", "properties": { "osm_id": "146168426", "road_name": "O'Connell Street", "highway": "residential", "maxspeed_kmh": 40.0, "length_km": 0.090528154941665134 }, "geometry": { "type": "LineString", "coordinates": [ [ 138.5977695, -34.9493527 ], [ 138.597705100000013, -34.948544 ] ] } },
{ "type": "Feature", "properties": { "osm_id": "150609613", "road_name": "The Glen", "highway": "residential", "maxspeed_kmh": 40.0, "length_km": 0.053925681950606909 }, "geometry": { "type": "LineString", "coordinates": [ [ 138.6437684, -34.964838 ], [ 138.6432043, -34.9649701 ] ] } },
{ "type": "Feature", "properties": { "osm_id": "161161195", "road_name": "Richmond Road", "highway": "residential", "maxspeed_kmh": 40.0, "length_km": 0.018318437850477664 }, "geometry": { "type": "LineString", "coordinates": [ [ 138.5913223, -34.9710571 ], [ 138.5911255, -34.9710826 ] ] } },
{ "type": "Feature", "properties": { "osm_id": "165165624", "road_name": "Anderson Drive", "highway": "unclassified", "maxspeed_kmh": 40.0, "length_km": 0.4078261576143129 }, "geometry": { "type": "LineString", "coordinates": [ [ 138.638791200000014, -34.7873961 ], [ 138.636246, -34.7903619 ] ] } },
{ "type": "Feature", "properties": { "osm_id": "165294322", "road_name": "Thorngate Street", "highway": "residential", "maxspeed_kmh": 40.0, "length_km": 0.27488530539212996 }, "geometry": { "type": "LineString", "coordinates": [ [ 138.5980293, -34.8978768 ], [ 138.5973864, -34.8973401 ], [ 138.5972668, -34.8956403 ] ] } },
{ "type": "Feature", "properties": { "osm_id": "166351195", "road_name": "Albermarle Avenue", "highway": "residential", "maxspeed_kmh": 40.0, "length_km": 0.52014424014054983 }, "geometry": { "type": "LineString", "coordinates": [ [ 138.6403636, -34.9122184 ], [ 138.6460074, -34.9119574 ] ] } },
{ "type": "Feature", "properties": { "osm_id": "166351197", "road_name": "Albert Street", "highway": "residential", "maxspeed_kmh": 40.0, "length_km": 0.44318676500720933 }, "geometry": { "type": "LineString", "coordinates": [ [ 138.6394661, -34.9011354 ], [ 138.636813600000011, -34.9012609 ], [ 138.6363795, -34.9016405 ], [ 138.635131199999989, -34.900957 ] ] } },
{ "type": "Feature", "properties": { "osm_id": "166351221", "road_name": "Bakewell Road", "highway": "residential", "maxspeed_kmh": 40.0, "length_km": 0.7635058110595786 }, "geometry": { "type": "LineString", "coordinates": [ [ 138.6396302, -34.9050758 ], [ 138.6313733, -34.9053815 ] ] } },
{ "type": "Feature", "properties": { "osm_id": "166351223", "road_name": "Barker Grove", "highway": "residential", "maxspeed_kmh": 40.0, "length_km": 0.32953072338435307 }, "geometry": { "type": "LineString", "coordinates": [ [ 138.6419613, -34.9342742 ], [ 138.6383861, -34.9344624 ] ] } },
{ "type": "Feature", "properties": { "osm_id": "166351227", "road_name": "Beasley Street", "highway": "residential", "maxspeed_kmh": 40.0, "length_km": 0.090874566174654628 }, "geometry": { "type": "LineString", "coordinates": [ [ 138.634059, -34.892438499999983 ], [ 138.6336853, -34.89318930000001 ] ] } },
{ "type": "Feature", "properties": { "osm_id": "166351240", "road_name": "Brook Avenue", "highway": "residential", "maxspeed_kmh": 40.0, "length_km": 0.32342438926463729 }, "geometry": { "type": "LineString", "coordinates": [ [ 138.6427641, -34.9595637 ], [ 138.642603400000013, -34.957648 ], [ 138.6437482, -34.9575352 ] ] } },
{ "type": "Feature", "properties": { "osm_id": "166351248", "road_name": "Clifton Street", "highway": "residential", "maxspeed_kmh": 40.0, "length_km": 0.25952451936283422 }, "geometry": { "type": "LineString", "coordinates": [ [ 138.640193900000014, -34.9098497 ], [ 138.6373797, -34.9100059 ] ] } },
{ "type": "Feature", "properties": { "osm_id": "166351259", "road_name": "Coorara Avenue", "highway": "residential", "maxspeed_kmh": 40.0, "length_km": 0.54212036492412385 }, "geometry": { "type": "LineString", "coordinates": [ [ 138.6398336, -34.9062574 ], [ 138.645715700000011, -34.9059886 ] ] } },
{ "type": "Feature", "properties": { "osm_id": "166351269", "road_name": "Cypress Street", "highway": "residential", "maxspeed_kmh": 40.0, "length_km": 0.07565479551009327 }, "geometry": { "type": "LineString", "coordinates": [ [ 138.641285, -34.9254164 ], [ 138.6404647, -34.9254647 ] ] } },
{ "type": "Feature", "properties": { "osm_id": "166351273", "road_name": "Devitt Avenue", "highway": "residential", "maxspeed_kmh": 40.0, "length_km": 0.98773922446932727 }, "geometry": { "type": "LineString", "coordinates": [ [ 138.640019099999989, -34.907410199999987 ], [ 138.6507363, -34.9069148 ] ] } },
{ "type": "Feature", "properties": { "osm_id": "166351274", "road_name": "Dover Street", "highway": "residential", "maxspeed_kmh": 40.0, "length_km": 0.22945296416236677 }, "geometry": { "type": "LineString", "coordinates": [ [ 138.6400644, -34.912223100000013 ], [ 138.6375756, -34.9123533 ] ] } },
{ "type": "Feature", "properties": { "osm_id": "166351278", "road_name": "Edward Street", "highway": "residential", "maxspeed_kmh": 40.0, "length_km": 0.21713114495137364 }, "geometry": { "type": "LineString", "coordinates": [ [ 138.639938699999988, -34.9062883 ], [ 138.6375831, -34.9064027 ] ] } },
{ "type": "Feature", "properties": { "osm_id": "166351316", "road_name": "Harcourt Road", "highway": "residential", "maxspeed_kmh": 40.0, "length_km": 0.32980696077224736 }, "geometry": { "type": "LineString", "coordinates": [ [ 138.639516500000013, -34.902027599999982 ], [ 138.635956599999986, -34.9021354 ] ] } },
{ "type": "Feature", "properties": { "osm_id": "166351322", "road_name": "Henry Street", "highway": "residential", "maxspeed_kmh": 40.0, "length_km": 0.53959194055389259 }, "geometry": { "type": "LineString", "coordinates": [ [ 138.639252699999986, -34.897235 ], [ 138.6451073, -34.89697120000001 ] ] } },
{ "type": "Feature", "properties": { "osm_id": "166351323", "road_name": "Henry Street", "highway": "residential", "maxspeed_kmh": 40.0, "length_km": 0.19749637998780203 }, "geometry": { "type": "LineString", "coordinates": [ [ 138.640839199999988, -34.9198139 ], [ 138.6386975, -34.9199325 ] ] } },
{ "type": "Feature", "properties": { "osm_id": "166351324", "road_name": "Hewitt Avenue", "highway": "residential", "maxspeed_kmh": 40.0, "length_km": 0.80768191762630925 }, "geometry": { "type": "LineString", "coordinates": [ [ 138.6414926, -34.928025 ], [ 138.6327298, -34.9284727 ] ] } },
{ "type": "Feature", "properties": { "osm_id": "166351338", "road_name": "Janet Street", "highway": "residential", "maxspeed_kmh": 40.0, "length_km": 0.3788800161137294 }, "geometry": { "type": "LineString", "coordinates": [ [ 138.6397414, -34.9073625 ], [ 138.635630600000013, -34.907556 ] ] } },
{ "type": "Feature", "properties": { "osm_id": "166351342", "road_name": "Jones Avenue", "highway": "residential", "maxspeed_kmh": 40.0, "length_km": 0.12340997368401528 }, "geometry": { "type": "LineString", "coordinates": [ [ 138.640064200000012, -34.9094668 ], [ 138.641404, -34.9094181 ] ] } },
{ "type": "Feature", "properties": { "osm_id": "166351349", "road_name": "Leader Avenue", "highway": "residential", "maxspeed_kmh": 40.0, "length_km": 0.32965344593070872 }, "geometry": { "type": "LineString", "coordinates": [ [ 138.6421349, -34.9366098 ], [ 138.6385578, -34.9367914 ] ] } },
{ "type": "Feature", "properties": { "osm_id": "166351361", "road_name": "Luhrs Road", "highway": "residential", "maxspeed_kmh": 40.0, "length_km": 0.533416822842254 }, "geometry": { "type": "LineString", "coordinates": [ [ 138.6398476, -34.9049246 ], [ 138.6456354, -34.9046595 ] ] } },
{ "type": "Feature", "properties": { "osm_id": "166351373", "road_name": "Marian Road", "highway": "residential", "maxspeed_kmh": 40.0, "length_km": 0.53376683504727096 }, "geometry": { "type": "LineString", "coordinates": [ [ 138.6454051, -34.9015443 ], [ 138.6396128, -34.901796 ] ] } },
{ "type": "Feature", "properties": { "osm_id": "166351376", "road_name": "Martindale Avenue", "highway": "residential", "maxspeed_kmh": 40.0, "length_km": 0.32879177727233527 }, "geometry": { "type": "LineString", "coordinates": [ [ 138.642047600000012, -34.9354407 ], [ 138.6384806, -34.9356304 ] ] } },
{ "type": "Feature", "properties": { "osm_id": "166351382", "road_name": "Myrona Avenue", "highway": "residential", "maxspeed_kmh": 40.0, "length_km": 0.34482728107322164 }, "geometry": { "type": "LineString", "coordinates": [ [ 138.6437028, -34.9568639 ], [ 138.640010600000011, -34.9571813 ] ] } },
{ "type": "Feature", "properties": { "osm_id": "166351384", "road_name": "Nelson Street", "highway": "residential", "maxspeed_kmh": 40.0, "length_km": 0.13126049749516588 }, "geometry": { "type": "LineString", "coordinates": [ [ 138.6392286, -34.8980975 ], [ 138.6388671, -34.8981136 ], [ 138.6379911, -34.8976173 ] ] } },
{ "type": "Feature", "properties": { "osm_id": "166351390", "road_name": "Oban Street", "highway": "residential", "maxspeed_kmh": 40.0, "length_km": 0.15839284929907763 }, "geometry": { "type": "LineString", "coordinates": [ [ 138.64062210000003, -34.9157659 ], [ 138.64234110000001, -34.9156882 ] ] } },
{ "type": "Feature", "properties": { "osm_id": "166351396", "road_name": "Percival Street", "highway": "residential", "maxspeed_kmh": 40.0, "length_km": 0.1962942627049114 }, "geometry": { "type": "LineString", "coordinates": [ [ 138.6407323, -34.9184175 ], [ 138.638601599999987, -34.9184982 ] ] } },
{ "type": "Feature", "properties": { "osm_id": "166351403", "road_name": "Beulah Road", "highway": "residential", "maxspeed_kmh": 40.0, "length_km": 0.035111731141920829 }, "geometry": { "type": "LineString", "coordinates": [ [ 138.6411256, -34.9178215 ], [ 138.6408018, -34.9179564 ] ] } },
{ "type": "Feature", "properties": { "osm_id": "166351409", "road_name": "Beulah Road", "highway": "residential", "maxspeed_kmh": 40.0, "length_km": 0.046309225410839226 }, "geometry": { "type": "LineString", "coordinates": [ [ 138.640260899999987, -34.917866600000011 ], [ 138.6406716, -34.9176532 ] ] } },
{ "type": "Feature", "properties": { "osm_id": "166351426", "road_name": "River Street", "highway": "residential", "maxspeed_kmh": 40.0, "length_km": 0.54096809539058266 }, "geometry": { "type": "LineString", "coordinates": [ [ 138.631664, -34.8909184 ], [ 138.6302546, -34.8917305 ], [ 138.6287618, -34.894903600000013 ] ] } },
{ "type": "Feature", "properties": { "osm_id": "166351441", "road_name": "Sprod Avenue", "highway": "residential", "maxspeed_kmh": 40.0, "length_km": 0.33044429201285369 }, "geometry": { "type": "LineString", "coordinates": [ [ 138.6418697, -34.933034 ], [ 138.638283199999989, -34.9332028 ] ] } },
{ "type": "Feature", "properties": { "osm_id": "166351460", "road_name": "Thornbury Street", "highway": "residential", "maxspeed_kmh": 40.0, "length_km": 0.14721403856290852 }, "geometry": { "type": "LineString", "coordinates": [ [ 138.6408299, -34.9168515 ], [ 138.642427199999986, -34.9167735 ] ] } },
{ "type": "Feature", "properties": { "osm_id": "166351463", "road_name": "Victoria Street", "highway": "residential", "maxspeed_kmh": 40.0, "length_km": 0.29399862971547602 }, "geometry": { "type": "LineString", "coordinates": [ [ 138.639211100000011, -34.9002414 ], [ 138.63752740000001, -34.900307 ], [ 138.6362777, -34.899613 ] ] } },
{ "type": "Feature", "properties": { "osm_id": "166351469", "road_name": "Watson Avenue", "highway": "residential", "maxspeed_kmh": 40.0, "length_km": 0.39455510233470603 }, "geometry": { "type": "LineString", "coordinates": [ [ 138.641570800000011, -34.929082699999981 ], [ 138.637292699999989, -34.9293345 ] ] } },
{ "type": "Feature", "properties": { "osm_id": "166351481", "road_name": "Windsor Road", "highway": "residential", "maxspeed_kmh": 40.0, "length_km": 0.15274719042903379 }, "geometry": { "type": "LineString", "coordinates": [ [ 138.6428329, -34.945355 ], [ 138.6411764, -34.9454537 ] ] } },
{ "type": "Feature", "properties": { "osm_id": "166355196", "road_name": "Albert Street", "highway": "residential", "maxspeed_kmh": 40.0, "length_km": 0.18356055385855541 }, "geometry": { "type": "LineString", "coordinates": [ [ 138.587297299999989, -34.8785561 ], [ 138.5892876, -34.8784555 ] ] } },
{ "type": "Feature", "properties": { "osm_id": "166355197", "road_name": "Albert Street", "highway": "residential", "maxspeed_kmh": 40.0, "length_km": 0.01766550210722766 }, "geometry": { "type": "LineString", "coordinates": [ [ 138.593405600000011, -34.8783482 ], [ 138.5932278, -34.8782887 ] ] } },
{ "type": "Feature", "properties": { "osm_id": "166355198", "road_name": "Albert Street", "highway": "residential", "maxspeed_kmh": 40.0, "length_km": 0.018135758980324511 }, "geometry": { "type": "LineString", "coordinates": [ [ 138.5932278, -34.8782887 ], [ 138.5934023, -34.8782136 ] ] } },
{ "type": "Feature", "properties": { "osm_id": "166355203", "road_name": "Azalea Street", "highway": "residential", "maxspeed_kmh": 40.0, "length_km": 0.41295897806717496 }, "geometry": { "type": "LineString", "coordinates": [ [ 138.5941281, -34.8892059 ], [ 138.589647899999989, -34.889404 ] ] } },
{ "type": "Feature", "properties": { "osm_id": "166355211", "road_name": "Buller Street", "highway": "residential", "maxspeed_kmh": 40.0, "length_km": 0.0065555418397967224 }, "geometry": { "type": "LineString", "coordinates": [ [ 138.5944304, -34.8926619 ], [ 138.5943593, -34.8926654 ] ] } },
{ "type": "Feature", "properties": { "osm_id": "166355215", "road_name": "Clifton Street", "highway": "residential", "maxspeed_kmh": 40.0, "length_km": 0.77111161624389091 }, "geometry": { "type": "LineString", "coordinates": [ [ 138.5944585, -34.8933793 ], [ 138.586093, -34.8937577 ] ] } },
{ "type": "Feature", "properties": { "osm_id": "166355217", "road_name": "Daphne Street", "highway": "residential", "maxspeed_kmh": 40.0, "length_km": 0.41385039100326598 }, "geometry": { "type": "LineString", "coordinates": [ [ 138.594215100000042, -34.8903094 ], [ 138.5897248, -34.8905022 ] ] } },
{ "type": "Feature", "properties": { "osm_id": "166355222", "road_name": "Gladstone Road", "highway": "residential", "maxspeed_kmh": 40.0, "length_km": 0.018503423836677784 }, "geometry": { "type": "LineString", "coordinates": [ [ 138.593494, -34.8838322 ], [ 138.5932934, -34.883842900000012 ] ] } },
{ "type": "Feature", "properties": { "osm_id": "166355223", "road_name": "Gladstone Road", "highway": "residential", "maxspeed_kmh": 40.0, "length_km": 0.029117165999079802 }, "geometry": { "type": "LineString", "coordinates": [ [ 138.5937877, -34.8838919 ], [ 138.593494, -34.8838322 ] ] } },
{ "type": "Feature", "properties": { "osm_id": "166355224", "road_name": "Gladstone Road", "highway": "residential", "maxspeed_kmh": 40.0, "length_km": 0.028546401502512343 }, "geometry": { "type": "LineString", "coordinates": [ [ 138.593494, -34.8838322 ], [ 138.5937702, -34.883742699999985 ] ] } },
{ "type": "Feature", "properties": { "osm_id": "166355233", "road_name": "Harrington Street", "highway": "residential", "maxspeed_kmh": 40.0, "length_km": 0.052581596650955756 }, "geometry": { "type": "LineString", "coordinates": [ [ 138.5943125, -34.89195 ], [ 138.5937419, -34.891973299999989 ] ] } },
{ "type": "Feature", "properties": { "osm_id": "166355282", "road_name": "Marian Place", "highway": "residential", "maxspeed_kmh": 40.0, "length_km": 0.70690590847358348 }, "geometry": { "type": "LineString", "coordinates": [ [ 138.5943542, -34.8911971 ], [ 138.5866911, -34.8916163 ] ] } },
{ "type": "Feature", "properties": { "osm_id": "166355295", "road_name": "Myrtle Street", "highway": "residential", "maxspeed_kmh": 40.0, "length_km": 0.064519897724535147 }, "geometry": { "type": "LineString", "coordinates": [ [ 138.5940833, -34.887306 ], [ 138.5933834, -34.8873379 ] ] } },
{ "type": "Feature", "properties": { "osm_id": "167189600", "road_name": "Barr Smith Avenue", "highway": "residential", "maxspeed_kmh": 40.0, "length_km": 0.4253540674934338 }, "geometry": { "type": "LineString", "coordinates": [ [ 138.640960799999988, -34.9596557 ], [ 138.639764500000013, -34.960311 ], [ 138.6365849, -34.9604998 ] ] } },
{ "type": "Feature", "properties": { "osm_id": "167189601", "road_name": "Benacre Close", "highway": "residential", "maxspeed_kmh": 40.0, "length_km": 0.10907934884610553 }, "geometry": { "type": "LineString", "coordinates": [ [ 138.639585899999986, -34.9580031 ], [ 138.640701299999989, -34.9579367 ] ] } },
{ "type": "Feature", "properties": { "osm_id": "167189602", "road_name": "Bevington Road", "highway": "residential", "maxspeed_kmh": 40.0, "length_km": 0.26867663943625897 }, "geometry": { "type": "LineString", "coordinates": [ [ 138.6350697, -34.9517588 ], [ 138.637977799999987, -34.9515877 ] ] } },
{ "type": "Feature", "properties": { "osm_id": "167189606", "road_name": "Conyngham Street", "highway": "tertiary", "maxspeed_kmh": 40.0, "length_km": 0.6094357889790335 }, "geometry": { "type": "LineString", "coordinates": [ [ 138.6345023, -34.9514723 ], [ 138.6340806, -34.9460272 ] ] } },
{ "type": "Feature", "properties": { "osm_id": "167189611", "road_name": "Fowlers Road", "highway": "residential", "maxspeed_kmh": 40.0, "length_km": 0.49229123761258448 }, "geometry": { "type": "LineString", "coordinates": [ [ 138.6436481, -34.956193399999989 ], [ 138.63830440000001, -34.956459 ] ] } },
{ "type": "Feature", "properties": { "osm_id": "167189628", "road_name": "Glenunga Avenue", "highway": "residential", "maxspeed_kmh": 40.0, "length_km": 0.7012724448222698 }, "geometry": { "type": "LineString", "coordinates": [ [ 138.635792, -34.953439 ], [ 138.6433979, -34.9530382 ] ] } },
{ "type": "Feature", "properties": { "osm_id": "167189637", "road_name": "Katherine Street", "highway": "residential", "maxspeed_kmh": 40.0, "length_km": 0.2412566713342176 }, "geometry": { "type": "LineString", "coordinates": [ [ 138.6342702, -34.9519184 ], [ 138.63165140000001, -34.9520434 ] ] } },
{ "type": "Feature", "properties": { "osm_id": "167189642", "road_name": "Mulberry Road", "highway": "residential", "maxspeed_kmh": 40.0, "length_km": 0.010431366002230361 }, "geometry": { "type": "LineString", "coordinates": [ [ 138.6247634, -34.943247100000015 ], [ 138.62487680000001, -34.9432456 ] ] } },
{ "type": "Feature", "properties": { "osm_id": "167189646", "road_name": "Osmond Terrace", "highway": "residential", "maxspeed_kmh": 40.0, "length_km": 0.40473500899200193 }, "geometry": { "type": "LineString", "coordinates": [ [ 138.636869499999989, -34.9547357 ], [ 138.6324746, -34.954924 ] ] } },
{ "type": "Feature", "properties": { "osm_id": "167189650", "road_name": "Vine Lane", "highway": "residential", "maxspeed_kmh": 40.0, "length_km": 0.26904717713416865 }, "geometry": { "type": "LineString", "coordinates": [ [ 138.6409976, -34.9596999 ], [ 138.643910799999986, -34.959502 ] ] } },
{ "type": "Feature", "properties": { "osm_id": "167313104", "road_name": "Clifton Street", "highway": "residential", "maxspeed_kmh": 40.0, "length_km": 0.6775597629317015 }, "geometry": { "type": "LineString", "coordinates": [ [ 138.6055373, -34.9656296 ], [ 138.605992500000013, -34.9716838 ] ] } },
{ "type": "Feature", "properties": { "osm_id": "167313151", "road_name": "Deepdene Avenue", "highway": "trunk_link", "maxspeed_kmh": 40.0, "length_km": 0.0094759056704836146 }, "geometry": { "type": "LineString", "coordinates": [ [ 138.5957271, -34.9660509 ], [ 138.5957347, -34.9661355 ] ] } },
{ "type": "Feature", "properties": { "osm_id": "167313154", "road_name": "Deepdene Avenue", "highway": "residential", "maxspeed_kmh": 40.0, "length_km": 0.28553446193533977 }, "geometry": { "type": "LineString", "coordinates": [ [ 138.5957347, -34.9661355 ], [ 138.5959305, -34.9686866 ] ] } },
{ "type": "Feature", "properties": { "osm_id": "167313162", "road_name": "George Street", "highway": "residential", "maxspeed_kmh": 40.0, "length_km": 0.59698002386949256 }, "geometry": { "type": "LineString", "coordinates": [ [ 138.6055373, -34.9656296 ], [ 138.6051754, -34.9602935 ] ] } },
{ "type": "Feature", "properties": { "osm_id": "167313163", "road_name": "Glenford Avenue", "highway": "residential", "maxspeed_kmh": 40.0, "length_km": 0.44784548631957927 }, "geometry": { "type": "LineString", "coordinates": [ [ 138.6323791, -34.9642631 ], [ 138.6320053, -34.96027680000001 ] ] } },
{ "type": "Feature", "properties": { "osm_id": "167313169", "road_name": "Gordon Road", "highway": "residential", "maxspeed_kmh": 40.0, "length_km": 0.22687300085200524 }, "geometry": { "type": "LineString", "coordinates": [ [ 138.576240899999988, -34.9670485 ], [ 138.5760888, -34.9650214 ] ] } },
{ "type": "Feature", "properties": { "osm_id": "167313174", "road_name": "Hexham Avenue", "highway": "residential", "maxspeed_kmh": 40.0, "length_km": 0.28173924135477513 }, "geometry": { "type": "LineString", "coordinates": [ [ 138.628388699999988, -34.9644165 ], [ 138.6281626, -34.9619019 ] ] } },
{ "type": "Feature", "properties": { "osm_id": "167313179", "road_name": "Highgate Street", "highway": "residential", "maxspeed_kmh": 40.0, "length_km": 0.25735439015574729 }, "geometry": { "type": "LineString", "coordinates": [ [ 138.6218512, -34.9647946 ], [ 138.621662600000036, -34.9624962 ] ] } },
{ "type": "Feature", "properties": { "osm_id": "167313181", "road_name": "Jellicoe Avenue", "highway": "residential", "maxspeed_kmh": 40.0, "length_km": 0.37249529371984791 }, "geometry": { "type": "LineString", "coordinates": [ [ 138.5966699, -34.966002 ], [ 138.5944285, -34.9632843 ] ] } },
{ "type": "Feature", "properties": { "osm_id": "167313183", "road_name": "Jenkins Avenue", "highway": "residential", "maxspeed_kmh": 40.0, "length_km": 0.29040096714120889 }, "geometry": { "type": "LineString", "coordinates": [ [ 138.6294571, -34.9644041 ], [ 138.629675600000041, -34.9634475 ], [ 138.629514699999987, -34.9618415 ] ] } },
{ "type": "Feature", "properties": { "osm_id": "167313184", "road_name": "Jervois Street", "highway": "residential", "maxspeed_kmh": 40.0, "length_km": 0.20906700647691642 }, "geometry": { "type": "LineString", "coordinates": [ [ 138.6024979, -34.9657141 ], [ 138.602627399999989, -34.9675827 ] ] } },
{ "type": "Feature", "properties": { "osm_id": "167313190", "road_name": "Kent Street", "highway": "residential", "maxspeed_kmh": 40.0, "length_km": 0.0083013767802963805 }, "geometry": { "type": "LineString", "coordinates": [ [ 138.604193, -34.9656273 ], [ 138.6041999, -34.9657014 ] ] } },
{ "type": "Feature", "properties": { "osm_id": "167313199", "road_name": "Myrtle Avenue", "highway": "residential", "maxspeed_kmh": 40.0, "length_km": 0.46198239251390494 }, "geometry": { "type": "LineString", "coordinates": [ [ 138.6311258, -34.9643235 ], [ 138.6310172, -34.962546 ], [ 138.6306859, -34.9623725 ], [ 138.63050530000001, -34.9603496 ] ] } },
{ "type": "Feature", "properties": { "osm_id": "167313205", "road_name": "Ningana Avenue", "highway": "trunk_link", "maxspeed_kmh": 40.0, "length_km": 0.010176735207070086 }, "geometry": { "type": "LineString", "coordinates": [ [ 138.5924585, -34.9662084 ], [ 138.5924638, -34.966299399999983 ] ] } },
{ "type": "Feature", "properties": { "osm_id": "167313219", "road_name": "Ridge Avenue", "highway": "residential", "maxspeed_kmh": 40.0, "length_km": 0.24287842569071136 }, "geometry": { "type": "LineString", "coordinates": [ [ 138.6386679, -34.963930800000014 ], [ 138.6384966, -34.9617609 ] ] } },
{ "type": "Feature", "properties": { "osm_id": "167313221", "road_name": "Ripon Road", "highway": "residential", "maxspeed_kmh": 40.0, "length_km": 0.34198438565350553 }, "geometry": { "type": "LineString", "coordinates": [ [ 138.578388600000011, -34.9669376 ], [ 138.5782652, -34.9639246 ] ] } },
{ "type": "Feature", "properties": { "osm_id": "167313227", "road_name": "Rosevier Street", "highway": "residential", "maxspeed_kmh": 40.0, "length_km": 0.0091834477679412236 }, "geometry": { "type": "LineString", "coordinates": [ [ 138.603328, -34.9656743 ], [ 138.6033352, -34.96575630000001 ] ] } },
{ "type": "Feature", "properties": { "osm_id": "167313235", "road_name": "Seymour Avenue", "highway": "residential", "maxspeed_kmh": 40.0, "length_km": 0.16054645266191597 }, "geometry": { "type": "LineString", "coordinates": [ [ 138.59399160000001, -34.9661364 ], [ 138.593934100000013, -34.9647 ] ] } },
{ "type": "Feature", "properties": { "osm_id": "167313276", "road_name": "William Street", "highway": "residential", "maxspeed_kmh": 40.0, "length_km": 0.67603711338459505 }, "geometry": { "type": "LineString", "coordinates": [ [ 138.60706540000001, -34.9655591 ], [ 138.60752260000001, -34.9715995 ] ] } },
{ "type": "Feature", "properties": { "osm_id": "167313285", "road_name": "Wurilba Avenue", "highway": "residential", "maxspeed_kmh": 40.0, "length_km": 0.23924689140638991 }, "geometry": { "type": "LineString", "coordinates": [ [ 138.5976459, -34.9660364 ], [ 138.5984909, -34.9669868 ], [ 138.599650700000012, -34.9669246 ] ] } },
{ "type": "Feature", "properties": { "osm_id": "168146621", "road_name": "St Vincent Street", "highway": "secondary", "maxspeed_kmh": 40.0, "length_km": 0.13673885619103318 }, "geometry": { "type": "LineString", "coordinates": [ [ 138.5031107, -34.8447189 ], [ 138.5045536, -34.8444324 ] ] } },
{ "type": "Feature", "properties": { "osm_id": "168700414", "road_name": "Abbotsbury Place", "highway": "residential", "maxspeed_kmh": 40.0, "length_km": 0.19155824151903142 }, "geometry": { "type": "LineString", "coordinates": [ [ 138.632906, -34.9035847 ], [ 138.634145499999988, -34.9042837 ], [ 138.6347223, -34.90428 ] ] } },
{ "type": "Feature", "properties": { "osm_id": "168700416", "road_name": "Ann Street", "highway": "residential", "maxspeed_kmh": 40.0, "length_km": 0.42129509482627531 }, "geometry": { "type": "LineString", "coordinates": [ [ 138.628622799999988, -34.9086173 ], [ 138.630743700000011, -34.9119475 ] ] } },
{ "type": "Feature", "properties": { "osm_id": "168700418", "road_name": "Battams Road", "highway": "residential", "maxspeed_kmh": 40.0, "length_km": 0.26706956304531843 }, "geometry": { "type": "LineString", "coordinates": [ [ 138.6376943, -34.8979444 ], [ 138.6350032, -34.89705 ] ] } },
{ "type": "Feature", "properties": { "osm_id": "168700419", "road_name": "Broad Street", "highway": "residential", "maxspeed_kmh": 40.0, "length_km": 0.054454352724713551 }, "geometry": { "type": "LineString", "coordinates": [ [ 138.63841930000001, -34.8970994 ], [ 138.6379809, -34.8967738 ] ] } },
{ "type": "Feature", "properties": { "osm_id": "168700420", "road_name": "George Street", "highway": "residential", "maxspeed_kmh": 40.0, "length_km": 0.17858697086561487 }, "geometry": { "type": "LineString", "coordinates": [ [ 138.6262318, -34.914044 ], [ 138.6271246, -34.9154534 ] ] } },
{ "type": "Feature", "properties": { "osm_id": "168700421", "road_name": "Harrow Road", "highway": "tertiary", "maxspeed_kmh": 40.0, "length_km": 0.045159004442951969 }, "geometry": { "type": "LineString", "coordinates": [ [ 138.624535400000013, -34.9130101 ], [ 138.624167300000011, -34.9127427 ] ] } },
{ "type": "Feature", "properties": { "osm_id": "168700427", "road_name": "Lambert Road", "highway": "residential", "maxspeed_kmh": 40.0, "length_km": 0.11440015866144498 }, "geometry": { "type": "LineString", "coordinates": [ [ 138.6341361, -34.9021132 ], [ 138.6331262, -34.9015159 ] ] } },
{ "type": "Feature", "properties": { "osm_id": "168700428", "road_name": "Llandower Avenue", "highway": "residential", "maxspeed_kmh": 40.0, "length_km": 0.14082293547766719 }, "geometry": { "type": "LineString", "coordinates": [ [ 138.633968900000013, -34.902321899999983 ], [ 138.6352382, -34.9030198 ] ] } },
{ "type": "Feature", "properties": { "osm_id": "168700429", "road_name": "Loch Street", "highway": "residential", "maxspeed_kmh": 40.0, "length_km": 0.2028555525068009 }, "geometry": { "type": "LineString", "coordinates": [ [ 138.6292044, -34.907941399999984 ], [ 138.630980800000032, -34.9090147 ] ] } },
{ "type": "Feature", "properties": { "osm_id": "168700437", "road_name": "Sewell Avenue", "highway": "residential", "maxspeed_kmh": 40.0, "length_km": 0.22642065127282962 }, "geometry": { "type": "LineString", "coordinates": [ [ 138.6369848, -34.8987793 ], [ 138.6381781, -34.8994594 ], [ 138.6382621, -34.9002823 ] ] } },
{ "type": "Feature", "properties": { "osm_id": "168700438", "road_name": "St Peters Street", "highway": "residential", "maxspeed_kmh": 40.0, "length_km": 0.056417340885335281 }, "geometry": { "type": "LineString", "coordinates": [ [ 138.625708300000014, -34.9100471 ], [ 138.6262132, -34.9103335 ] ] } },
{ "type": "Feature", "properties": { "osm_id": "168700439", "road_name": "St Peters Street", "highway": "residential", "maxspeed_kmh": 40.0, "length_km": 0.074571240272287384 }, "geometry": { "type": "LineString", "coordinates": [ [ 138.6268449, -34.9107273 ], [ 138.6261518, -34.9104059 ] ] } },
{ "type": "Feature", "properties": { "osm_id": "168700449", "road_name": "Stepney Street", "highway": "residential", "maxspeed_kmh": 40.0, "length_km": 0.10021521394112984 }, "geometry": { "type": "LineString", "coordinates": [ [ 138.6261062, -34.9116081 ], [ 138.6266429, -34.9123888 ] ] } },
{ "type": "Feature", "properties": { "osm_id": "168700450", "road_name": "Wheaton Road", "highway": "residential", "maxspeed_kmh": 40.0, "length_km": 0.36854422653322488 }, "geometry": { "type": "LineString", "coordinates": [ [ 138.629838, -34.907205 ], [ 138.631864799999988, -34.9083617 ], [ 138.632551799999987, -34.9094941 ] ] } },
{ "type": "Feature", "properties": { "osm_id": "168726298", "road_name": "Alford Road", "highway": "residential", "maxspeed_kmh": 40.0, "length_km": 0.12129029935333624 }, "geometry": { "type": "LineString", "coordinates": [ [ 138.6549393, -34.8900047 ], [ 138.6555257, -34.8909668 ] ] } },
{ "type": "Feature", "properties": { "osm_id": "168726303", "road_name": "Ashbrook Avenue", "highway": "residential", "maxspeed_kmh": 40.0, "length_km": 0.31418283083788234 }, "geometry": { "type": "LineString", "coordinates": [ [ 138.644873100000012, -34.8941327 ], [ 138.645132, -34.8969305 ] ] } },
{ "type": "Feature", "properties": { "osm_id": "168726320", "road_name": "Barnett Avenue", "highway": "residential", "maxspeed_kmh": 40.0, "length_km": 0.21646451125910202 }, "geometry": { "type": "LineString", "coordinates": [ [ 138.653279700000013, -34.8907912 ], [ 138.654293700000011, -34.89253990000001 ] ] } },
{ "type": "Feature", "properties": { "osm_id": "168726371", "road_name": "Martin Street", "highway": "residential", "maxspeed_kmh": 40.0, "length_km": 0.21371036466859739 }, "geometry": { "type": "LineString", "coordinates": [ [ 138.6490837, -34.8924663 ], [ 138.6500864, -34.8941921 ] ] } },
{ "type": "Feature", "properties": { "osm_id": "168726394", "road_name": "Sunbeam Road", "highway": "residential", "maxspeed_kmh": 40.0, "length_km": 0.40731243331571848 }, "geometry": { "type": "LineString", "coordinates": [ [ 138.6523119, -34.891179899999983 ], [ 138.653340500000013, -34.8928938 ], [ 138.653406600000011, -34.8946253 ] ] } },
{ "type": "Feature", "properties": { "osm_id": "168726395", "road_name": "Thelma Street", "highway": "residential", "maxspeed_kmh": 40.0, "length_km": 0.24277340950077558 }, "geometry": { "type": "LineString", "coordinates": [ [ 138.6429794, -34.894897199999988 ], [ 138.6432016, -34.8970565 ] ] } },
{ "type": "Feature", "properties": { "osm_id": "168726398", "road_name": "Wakelin Street", "highway": "residential", "maxspeed_kmh": 40.0, "length_km": 0.018876785531793273 }, "geometry": { "type": "LineString", "coordinates": [ [ 138.6516868, -34.891755900000014 ], [ 138.6515954, -34.8916046 ] ] } },
{ "type": "Feature", "properties": { "osm_id": "168726399", "road_name": "Wakelin Street", "highway": "residential", "maxspeed_kmh": 40.0, "length_km": 0.015949769877429628 }, "geometry": { "type": "LineString", "coordinates": [ [ 138.6515954, -34.8916046 ], [ 138.6514636, -34.8915207 ] ] } },
{ "type": "Feature", "properties": { "osm_id": "168726402", "road_name": "Zelda Avenue", "highway": "residential", "maxspeed_kmh": 40.0, "length_km": 0.15424267039055337 }, "geometry": { "type": "LineString", "coordinates": [ [ 138.650393799999989, -34.8926051 ], [ 138.6519623, -34.8922292 ] ] } },
{ "type": "Feature", "properties": { "osm_id": "169331892", "road_name": "Bedford Street", "highway": "residential", "maxspeed_kmh": 40.0, "length_km": 0.21746753493485135 }, "geometry": { "type": "LineString", "coordinates": [ [ 138.565315200000015, -34.8887531 ], [ 138.567040800000029, -34.8900827 ] ] } },
{ "type": "Feature", "properties": { "osm_id": "169331897", "road_name": "Dartmouth Street", "highway": "residential", "maxspeed_kmh": 40.0, "length_km": 0.36230213581081744 }, "geometry": { "type": "LineString", "coordinates": [ [ 138.569057300000026, -34.889939 ], [ 138.568548099999987, -34.889829 ], [ 138.565925099999987, -34.8880419 ] ] } },
{ "type": "Feature", "properties": { "osm_id": "169331898", "road_name": "Day Terrace", "highway": "residential", "maxspeed_kmh": 40.0, "length_km": 0.23440141447023094 }, "geometry": { "type": "LineString", "coordinates": [ [ 138.564657, -34.897425 ], [ 138.56613, -34.898550299999989 ], [ 138.5666323, -34.8986887 ] ] } },
{ "type": "Feature", "properties": { "osm_id": "169331902", "road_name": "Euston Terrace", "highway": "residential", "maxspeed_kmh": 40.0, "length_km": 1.2428709031926841 }, "geometry": { "type": "LineString", "coordinates": [ [ 138.55649, -34.8917633 ], [ 138.566437400000012, -34.8992192 ] ] } },
{ "type": "Feature", "properties": { "osm_id": "169331903", "road_name": "Forster Street", "highway": "residential", "maxspeed_kmh": 40.0, "length_km": 0.23050333456633307 }, "geometry": { "type": "LineString", "coordinates": [ [ 138.5672951, -34.897959299999989 ], [ 138.5692818, -34.8991774 ] ] } },
{ "type": "Feature", "properties": { "osm_id": "169331904", "road_name": "Henry Street", "highway": "residential", "maxspeed_kmh": 40.0, "length_km": 0.098607797989940599 }, "geometry": { "type": "LineString", "coordinates": [ [ 138.56626030000001, -34.8960399 ], [ 138.5670654, -34.8966117 ] ] } },
{ "type": "Feature", "properties": { "osm_id": "169331906", "road_name": "Hindmarsh Avenue", "highway": "residential", "maxspeed_kmh": 40.0, "length_km": 0.025591094599258027 }, "geometry": { "type": "LineString", "coordinates": [ [ 138.563826799999987, -34.909287 ], [ 138.564102, -34.9093199 ] ] } },
{ "type": "Feature", "properties": { "osm_id": "169331909", "road_name": "Hurtle Street", "highway": "residential", "maxspeed_kmh": 40.0, "length_km": 0.45682938633015308 }, "geometry": { "type": "LineString", "coordinates": [ [ 138.568193900000011, -34.892313799999989 ], [ 138.5645705, -34.8895258 ] ] } },
{ "type": "Feature", "properties": { "osm_id": "169331914", "road_name": "McInnes Street", "highway": "residential", "maxspeed_kmh": 40.0, "length_km": 0.12554322899290957 }, "geometry": { "type": "LineString", "coordinates": [ [ 138.568632400000013, -34.8998356 ], [ 138.5675966, -34.8991065 ] ] } },
{ "type": "Feature", "properties": { "osm_id": "169331916", "road_name": "Monmouth Street", "highway": "residential", "maxspeed_kmh": 40.0, "length_km": 0.27128852725822095 }, "geometry": { "type": "LineString", "coordinates": [ [ 138.567592499999989, -34.8969965 ], [ 138.569826500000033, -34.8985501 ] ] } },
{ "type": "Feature", "properties": { "osm_id": "169331921", "road_name": "Paget Street", "highway": "residential", "maxspeed_kmh": 40.0, "length_km": 0.36451160385529735 }, "geometry": { "type": "LineString", "coordinates": [ [ 138.568131, -34.89515990000001 ], [ 138.571226, -34.8971899 ] ] } },
{ "type": "Feature", "properties": { "osm_id": "169331922", "road_name": "Princes Street", "highway": "residential", "maxspeed_kmh": 40.0, "length_km": 0.5987784615160191 }, "geometry": { "type": "LineString", "coordinates": [ [ 138.5663007, -34.9002727 ], [ 138.5612494, -34.8968947 ] ] } },
{ "type": "Feature", "properties": { "osm_id": "169331925", "road_name": "Ridley Street", "highway": "residential", "maxspeed_kmh": 40.0, "length_km": 0.29906179051342374 }, "geometry": { "type": "LineString", "coordinates": [ [ 138.567074100000013, -34.9006622 ], [ 138.5696341, -34.9022944 ] ] } },
{ "type": "Feature", "properties": { "osm_id": "169331926", "road_name": "Robert Forest Court", "highway": "residential", "maxspeed_kmh": 40.0, "length_km": 0.04897247417232041 }, "geometry": { "type": "LineString", "coordinates": [ [ 138.5679223, -34.8982561 ], [ 138.56821930000001, -34.897895899999988 ] ] } },
{ "type": "Feature", "properties": { "osm_id": "169331927", "road_name": "Robert Street", "highway": "residential", "maxspeed_kmh": 40.0, "length_km": 0.73549854320191332 }, "geometry": { "type": "LineString", "coordinates": [ [ 138.566779200000013, -34.8976891 ], [ 138.560902199999987, -34.8932401 ] ] } },
{ "type": "Feature", "properties": { "osm_id": "169331930", "road_name": "Scotia Street", "highway": "residential", "maxspeed_kmh": 40.0, "length_km": 0.090814207733766181 }, "geometry": { "type": "LineString", "coordinates": [ [ 138.5684807, -34.8886193 ], [ 138.5693369, -34.8889709 ] ] } },
{ "type": "Feature", "properties": { "osm_id": "169331959", "road_name": "Tait Street", "highway": "residential", "maxspeed_kmh": 40.0, "length_km": 0.23534921852706717 }, "geometry": { "type": "LineString", "coordinates": [ [ 138.5733595, -34.8889911 ], [ 138.5754019, -34.8902584 ] ] } },
{ "type": "Feature", "properties": { "osm_id": "169331966", "road_name": "William Street", "highway": "residential", "maxspeed_kmh": 40.0, "length_km": 0.15140473945658187 }, "geometry": { "type": "LineString", "coordinates": [ [ 138.5672629, -34.8955166 ], [ 138.5660762, -34.8945781 ] ] } },
{ "type": "Feature", "properties": { "osm_id": "169673134", "road_name": "West Thebarton Road", "highway": "tertiary", "maxspeed_kmh": 40.0, "length_km": 0.02746257712642362 }, "geometry": { "type": "LineString", "coordinates": [ [ 138.566216700000012, -34.9145737 ], [ 138.566515, -34.9145659 ] ] } },
{ "type": "Feature", "properties": { "osm_id": "169699782", "road_name": "Addison Road", "highway": "residential", "maxspeed_kmh": 40.0, "length_km": 0.024492299262309104 }, "geometry": { "type": "LineString", "coordinates": [ [ 138.5726181, -34.9616722 ], [ 138.5728839, -34.9616584 ] ] } },
{ "type": "Feature", "properties": { "osm_id": "169699808", "road_name": "Forest Avenue", "highway": "residential", "maxspeed_kmh": 40.0, "length_km": 0.012118939359513182 }, "geometry": { "type": "LineString", "coordinates": [ [ 138.5724473, -34.9593697 ], [ 138.5723159, -34.9593779 ] ] } },
{ "type": "Feature", "properties": { "osm_id": "169699840", "road_name": "Orchard Avenue", "highway": "residential", "maxspeed_kmh": 40.0, "length_km": 0.023334711777366044 }, "geometry": { "type": "LineString", "coordinates": [ [ 138.572147199999989, -34.953893399999984 ], [ 138.571931400000011, -34.9540014 ] ] } },
{ "type": "Feature", "properties": { "osm_id": "170331412", "road_name": "Alisa Avenue", "highway": "residential", "maxspeed_kmh": 40.0, "length_km": 0.11063672770376463 }, "geometry": { "type": "LineString", "coordinates": [ [ 138.5156542, -34.9037736 ], [ 138.5144534, -34.9038193 ] ] } },
{ "type": "Feature", "properties": { "osm_id": "170331417", "road_name": "Brenthorpe Road", "highway": "residential", "maxspeed_kmh": 40.0, "length_km": 0.49316935098728926 }, "geometry": { "type": "LineString", "coordinates": [ [ 138.5186124, -34.885197099999985 ], [ 138.513263599999988, -34.8854406 ] ] } },
{ "type": "Feature", "properties": { "osm_id": "170331426", "road_name": "Dumfires Avenue", "highway": "residential", "maxspeed_kmh": 40.0, "length_km": 0.097057057841913097 }, "geometry": { "type": "LineString", "coordinates": [ [ 138.5155067, -34.9018268 ], [ 138.5144535, -34.901870099999989 ] ] } },
{ "type": "Feature", "properties": { "osm_id": "170331431", "road_name": "First Avenue", "highway": "residential", "maxspeed_kmh": 40.0, "length_km": 0.31509482539547945 }, "geometry": { "type": "LineString", "coordinates": [ [ 138.5165649, -34.8833607 ], [ 138.513148, -34.883523 ] ] } },
{ "type": "Feature", "properties": { "osm_id": "170331436", "road_name": "Kauper Street", "highway": "residential", "maxspeed_kmh": 40.0, "length_km": 0.12931233946878468 }, "geometry": { "type": "LineString", "coordinates": [ [ 138.510255300000011, -34.8668782 ], [ 138.5113512, -34.867602 ] ] } },
{ "type": "Feature", "properties": { "osm_id": "170331438", "road_name": "Leven Avenue", "highway": "residential", "maxspeed_kmh": 40.0, "length_km": 0.20370881143859518 }, "geometry": { "type": "LineString", "coordinates": [ [ 138.5155954, -34.9018954 ], [ 138.5157179, -34.903716 ] ] } },
{ "type": "Feature", "properties": { "osm_id": "170331444", "road_name": "Minns Street West", "highway": "residential", "maxspeed_kmh": 40.0, "length_km": 0.31718811236514238 }, "geometry": { "type": "LineString", "coordinates": [ [ 138.516899, -34.8881789 ], [ 138.5134823, -34.8882697 ] ] } },
{ "type": "Feature", "properties": { "osm_id": "170331445", "road_name": "Morley Road", "highway": "residential", "maxspeed_kmh": 40.0, "length_km": 0.16650833937055176 }, "geometry": { "type": "LineString", "coordinates": [ [ 138.514771700000011, -34.882673599999983 ], [ 138.5129669, -34.8827705 ] ] } },
{ "type": "Feature", "properties": { "osm_id": "170331457", "road_name": "Pudney Street", "highway": "residential", "maxspeed_kmh": 40.0, "length_km": 0.36558388595386304 }, "geometry": { "type": "LineString", "coordinates": [ [ 138.516156, -34.8816355 ], [ 138.5141415, -34.880162 ], [ 138.5129061, -34.88021650000001 ] ] } },
{ "type": "Feature", "properties": { "osm_id": "170331458", "road_name": "Reedbeds Court", "highway": "residential", "maxspeed_kmh": 40.0, "length_km": 0.086519726544482631 }, "geometry": { "type": "LineString", "coordinates": [ [ 138.5140791, -34.8979771 ], [ 138.5150174, -34.8979309 ] ] } },
{ "type": "Feature", "properties": { "osm_id": "170331471", "road_name": null, "highway": "residential", "maxspeed_kmh": 40.0, "length_km": 0.051691997533508692 }, "geometry": { "type": "LineString", "coordinates": [ [ 138.5156804, -34.901795 ], [ 138.5156242, -34.901891799999987 ], [ 138.5155125, -34.9018482 ], [ 138.5155615, -34.9017536 ], [ 138.5156804, -34.901795 ] ] } },
{ "type": "Feature", "properties": { "osm_id": "170331472", "road_name": "McMahon Place", "highway": "residential", "maxspeed_kmh": 40.0, "length_km": 0.25325355896925472 }, "geometry": { "type": "LineString", "coordinates": [ [ 138.513255, -34.8866835 ], [ 138.515136, -34.8865915 ], [ 138.5151215, -34.8862722 ], [ 138.51505, -34.8865262 ] ] } },
{ "type": "Feature", "properties": { "osm_id": "170424664", "road_name": "Jetty Road", "highway": "tertiary", "maxspeed_kmh": 40.0, "length_km": 0.066698783480199753 }, "geometry": { "type": "LineString", "coordinates": [ [ 138.519412, -34.9800575 ], [ 138.5201276, -34.979978 ] ] } },
{ "type": "Feature", "properties": { "osm_id": "170678608", "road_name": "Pacesetter Place", "highway": "residential", "maxspeed_kmh": 40.0, "length_km": 0.087280134474772758 }, "geometry": { "type": "LineString", "coordinates": [ [ 138.5351943, -34.8700814 ], [ 138.536129300000027, -34.8702101 ] ] } },
{ "type": "Feature", "properties": { "osm_id": "170678609", "road_name": "Guineas Place", "highway": "residential", "maxspeed_kmh": 40.0, "length_km": 0.099678962777401653 }, "geometry": { "type": "LineString", "coordinates": [ [ 138.5350831, -34.8707614 ], [ 138.5360157, -34.8708581 ], [ 138.5360383, -34.870742 ] ] } },
{ "type": "Feature", "properties": { "osm_id": "170678610", "road_name": "John Letts Place", "highway": "residential", "maxspeed_kmh": 40.0, "length_km": 0.093213037175609081 }, "geometry": { "type": "LineString", "coordinates": [ [ 138.5349463, -34.8713456 ], [ 138.5359336, -34.8715276 ] ] } },
{ "type": "Feature", "properties": { "osm_id": "170678612", "road_name": "Chestnut Lane", "highway": "residential", "maxspeed_kmh": 40.0, "length_km": 0.15094033702446219 }, "geometry": { "type": "LineString", "coordinates": [ [ 138.5337154, -34.872798 ], [ 138.533857899999987, -34.871452 ] ] } },
{ "type": "Feature", "properties": { "osm_id": "170679296", "road_name": "St Clair Avenue", "highway": "residential", "maxspeed_kmh": 40.0, "length_km": 0.1351920431308358 }, "geometry": { "type": "LineString", "coordinates": [ [ 138.5343447, -34.8715739 ], [ 138.534206, -34.8727786 ] ] } },
{ "type": "Feature", "properties": { "osm_id": "170679297", "road_name": "St Clair Avenue", "highway": "residential", "maxspeed_kmh": 40.0, "length_km": 0.37251579268938873 }, "geometry": { "type": "LineString", "coordinates": [ [ 138.532190300000025, -34.8689069 ], [ 138.534300699999989, -34.870355 ], [ 138.5343593, -34.8714001 ] ] } },
{ "type": "Feature", "properties": { "osm_id": "170679298", "road_name": "Brocas Avenue", "highway": "residential", "maxspeed_kmh": 40.0, "length_km": 0.39199832266049717 }, "geometry": { "type": "LineString", "coordinates": [ [ 138.534241400000013, -34.8714752 ], [ 138.530807900000013, -34.8712238 ], [ 138.5308077, -34.8705692 ] ] } },
{ "type": "Feature", "properties": { "osm_id": "171877919", "road_name": "Avenue Road", "highway": "residential", "maxspeed_kmh": 40.0, "length_km": 0.099579130795562645 }, "geometry": { "type": "LineString", "coordinates": [ [ 138.5855674, -34.895237 ], [ 138.584488, -34.8952977 ] ] } },
{ "type": "Feature", "properties": { "osm_id": "171877921", "road_name": "Avenue Road", "highway": "residential", "maxspeed_kmh": 40.0, "length_km": 0.11833383577260753 }, "geometry": { "type": "LineString", "coordinates": [ [ 138.586851700000011, -34.895187 ], [ 138.5855674, -34.895237 ] ] } },
{ "type": "Feature", "properties": { "osm_id": "171877960", "road_name": "Castle Avenue", "highway": "residential", "maxspeed_kmh": 40.0, "length_km": 0.41652125516114769 }, "geometry": { "type": "LineString", "coordinates": [ [ 138.589716399999986, -34.8903828 ], [ 138.5851992, -34.8906069 ] ] } },
{ "type": "Feature", "properties": { "osm_id": "171878000", "road_name": "Clifton Street", "highway": "residential", "maxspeed_kmh": 40.0, "length_km": 0.12303339047303648 }, "geometry": { "type": "LineString", "coordinates": [ [ 138.5854793, -34.893786 ], [ 138.5841552, -34.893885 ] ] } },
{ "type": "Feature", "properties": { "osm_id": "171878001", "road_name": "Clifton Street", "highway": "residential", "maxspeed_kmh": 40.0, "length_km": 0.056572752269937104 }, "geometry": { "type": "LineString", "coordinates": [ [ 138.586093, -34.8937577 ], [ 138.5854793, -34.893786 ] ] } },
{ "type": "Feature", "properties": { "osm_id": "171878002", "road_name": "Cochrane Terrace", "highway": "residential", "maxspeed_kmh": 40.0, "length_km": 0.42303676052331995 }, "geometry": { "type": "LineString", "coordinates": [ [ 138.585460500000011, -34.894533699999982 ], [ 138.5900476, -34.894293 ] ] } },
{ "type": "Feature", "properties": { "osm_id": "171878012", "road_name": "Dudley Avenue", "highway": "residential", "maxspeed_kmh": 40.0, "length_km": 0.41704849261004118 }, "geometry": { "type": "LineString", "coordinates": [ [ 138.5898628, -34.8925219 ], [ 138.5853406, -34.8927572 ] ] } },
{ "type": "Feature", "properties": { "osm_id": "171878015", "road_name": "Elizabeth Street", "highway": "residential", "maxspeed_kmh": 40.0, "length_km": 0.12056714417814036 }, "geometry": { "type": "LineString", "coordinates": [ [ 138.5838149, -34.8895239 ], [ 138.5851219, -34.8894546 ] ] } },
{ "type": "Feature", "properties": { "osm_id": "171878071", "road_name": "Olive Street", "highway": "residential", "maxspeed_kmh": 40.0, "length_km": 0.83622273678506043 }, "geometry": { "type": "LineString", "coordinates": [ [ 138.593958500000014, -34.885484 ], [ 138.5848882, -34.8859027 ] ] } },
{ "type": "Feature", "properties": { "osm_id": "171878077", "road_name": "Redin Street", "highway": "residential", "maxspeed_kmh": 40.0, "length_km": 0.42661806895051618 }, "geometry": { "type": "LineString", "coordinates": [ [ 138.584292799999986, -34.8763397 ], [ 138.5889191, -34.876116 ] ] } },
{ "type": "Feature", "properties": { "osm_id": "171878079", "road_name": "Rose Street", "highway": "residential", "maxspeed_kmh": 40.0, "length_km": 0.057021402137827679 }, "geometry": { "type": "LineString", "coordinates": [ [ 138.5856832, -34.8885994 ], [ 138.585064499999987, -34.8886254 ] ] } },
{ "type": "Feature", "properties": { "osm_id": "172373209", "road_name": "Angas Road", "highway": "residential", "maxspeed_kmh": 40.0, "length_km": 0.71361689196100198 }, "geometry": { "type": "LineString", "coordinates": [ [ 138.599718, -34.974078 ], [ 138.6074652, -34.973698199999987 ] ] } },
{ "type": "Feature", "properties": { "osm_id": "172373213", "road_name": "Angas Road", "highway": "residential", "maxspeed_kmh": 40.0, "length_km": 0.054534332454509636 }, "geometry": { "type": "LineString", "coordinates": [ [ 138.6086286, -34.9736376 ], [ 138.609219500000023, -34.9735954 ] ] } },
{ "type": "Feature", "properties": { "osm_id": "172373220", "road_name": "Angas Road", "highway": "residential", "maxspeed_kmh": 40.0, "length_km": 0.015243678586980737 }, "geometry": { "type": "LineString", "coordinates": [ [ 138.608463200000017, -34.973647 ], [ 138.6086286, -34.9736376 ] ] } },
{ "type": "Feature", "properties": { "osm_id": "172605842", "road_name": "Sommers Avenue", "highway": "residential", "maxspeed_kmh": 40.0, "length_km": 0.14636616477167091 }, "geometry": { "type": "LineString", "coordinates": [ [ 138.651643, -34.90345 ], [ 138.6515463, -34.902142 ] ] } },
{ "type": "Feature", "properties": { "osm_id": "172605843", "road_name": "Margaret Street", "highway": "residential", "maxspeed_kmh": 40.0, "length_km": 0.11584057248386093 }, "geometry": { "type": "LineString", "coordinates": [ [ 138.6540025, -34.9037604 ], [ 138.6545719, -34.904003 ], [ 138.655189, -34.9039781 ] ] } },
{ "type": "Feature", "properties": { "osm_id": "172605844", "road_name": "Luhrs Road", "highway": "residential", "maxspeed_kmh": 40.0, "length_km": 0.43652658658236909 }, "geometry": { "type": "LineString", "coordinates": [ [ 138.6457933, -34.9046444 ], [ 138.650531199999989, -34.9044589 ] ] } },
{ "type": "Feature", "properties": { "osm_id": "172615346", "road_name": "Carlisle Road", "highway": "residential", "maxspeed_kmh": 40.0, "length_km": 0.75912325948070802 }, "geometry": { "type": "LineString", "coordinates": [ [ 138.599283, -34.9695683 ], [ 138.5910432, -34.9699914 ] ] } },
{ "type": "Feature", "properties": { "osm_id": "172617164", "road_name": "Harvey Avenue", "highway": "residential", "maxspeed_kmh": 40.0, "length_km": 0.28916607127650718 }, "geometry": { "type": "LineString", "coordinates": [ [ 138.5912729, -34.9730354 ], [ 138.5934962, -34.9727696 ], [ 138.5936371, -34.9734303 ] ] } },
{ "type": "Feature", "properties": { "osm_id": "172643208", "road_name": "Joslin Street", "highway": "residential", "maxspeed_kmh": 40.0, "length_km": 0.12361632013924344 }, "geometry": { "type": "LineString", "coordinates": [ [ 138.5925131, -34.941757 ], [ 138.5925897, -34.94286180000001 ] ] } },
{ "type": "Feature", "properties": { "osm_id": "172797030", "road_name": "Ashbrook Avenue", "highway": "residential", "maxspeed_kmh": 40.0, "length_km": 0.33488218821736604 }, "geometry": { "type": "LineString", "coordinates": [ [ 138.645692200000013, -34.9045913 ], [ 138.6454824, -34.9015984 ] ] } },
{ "type": "Feature", "properties": { "osm_id": "172797031", "road_name": "Lewis Road", "highway": "residential", "maxspeed_kmh": 40.0, "length_km": 1.3394275206119355 }, "geometry": { "type": "LineString", "coordinates": [ [ 138.643077299999987, -34.8954788 ], [ 138.647449599999987, -34.8952363 ], [ 138.656613099999987, -34.8916211 ] ] } },
{ "type": "Feature", "properties": { "osm_id": "172798618", "road_name": "Railway Terrace North", "highway": "residential", "maxspeed_kmh": 40.0, "length_km": 0.16648043096729775 }, "geometry": { "type": "LineString", "coordinates": [ [ 138.589556, -34.9495517 ], [ 138.5911035, -34.9487786 ] ] } },
{ "type": "Feature", "properties": { "osm_id": "172798620", "road_name": "Young Street", "highway": "residential", "maxspeed_kmh": 40.0, "length_km": 0.072249350917149249 }, "geometry": { "type": "LineString", "coordinates": [ [ 138.597417400000012, -34.9450811 ], [ 138.5966328, -34.9451122 ] ] } },
{ "type": "Feature", "properties": { "osm_id": "172798622", "road_name": "Young Street", "highway": "residential", "maxspeed_kmh": 40.0, "length_km": 0.31274002285406993 }, "geometry": { "type": "LineString", "coordinates": [ [ 138.589202, -34.9455129 ], [ 138.5925945, -34.9453276 ] ] } },
{ "type": "Feature", "properties": { "osm_id": "172798624", "road_name": null, "highway": "residential", "maxspeed_kmh": 40.0, "length_km": 0.041585332770301089 }, "geometry": { "type": "LineString", "coordinates": [ [ 138.5928458, -34.9453613 ], [ 138.5927452, -34.9453571 ], [ 138.5927438, -34.9452774 ], [ 138.592846900000012, -34.9452727 ], [ 138.5928458, -34.9453613 ] ] } },
{ "type": "Feature", "properties": { "osm_id": "172800213", "road_name": "Addison Avenue", "highway": "residential", "maxspeed_kmh": 40.0, "length_km": 0.097403746506287234 }, "geometry": { "type": "LineString", "coordinates": [ [ 138.631645, -34.8924686 ], [ 138.6312317, -34.893271399999989 ] ] } },
{ "type": "Feature", "properties": { "osm_id": "172800509", "road_name": "Battams Road", "highway": "residential", "maxspeed_kmh": 40.0, "length_km": 0.41167542186827027 }, "geometry": { "type": "LineString", "coordinates": [ [ 138.634599900000012, -34.8969179 ], [ 138.6304638, -34.8955145 ] ] } },
{ "type": "Feature", "properties": { "osm_id": "172800510", "road_name": "Ninth Avenue", "highway": "residential", "maxspeed_kmh": 40.0, "length_km": 0.28142452192633161 }, "geometry": { "type": "LineString", "coordinates": [ [ 138.626700699999986, -34.8942361 ], [ 138.624911, -34.8962716 ] ] } },
{ "type": "Feature", "properties": { "osm_id": "172801768", "road_name": "Clark Street", "highway": "residential", "maxspeed_kmh": 40.0, "length_km": 0.077944824057901152 }, "geometry": { "type": "LineString", "coordinates": [ [ 138.5964151, -34.9452055 ], [ 138.5964679, -34.9459018 ] ] } },
{ "type": "Feature", "properties": { "osm_id": "172801771", "road_name": "Cotham Street", "highway": "residential", "maxspeed_kmh": 40.0, "length_km": 0.12891924173675601 }, "geometry": { "type": "LineString", "coordinates": [ [ 138.5899671, -34.9436424 ], [ 138.5900538, -34.9447943 ] ] } },
{ "type": "Feature", "properties": { "osm_id": "172801776", "road_name": "Davenport Lane", "highway": "service", "maxspeed_kmh": 40.0, "length_km": 0.69361398968566657 }, "geometry": { "type": "LineString", "coordinates": [ [ 138.590687800000012, -34.9447602 ], [ 138.598216, -34.9444019 ] ] } },
{ "type": "Feature", "properties": { "osm_id": "172801777", "road_name": "Joslin Street", "highway": "residential", "maxspeed_kmh": 40.0, "length_km": 0.12582029205240597 }, "geometry": { "type": "LineString", "coordinates": [ [ 138.5929051, -34.946682 ], [ 138.592942099999988, -34.9478 ] ] } },
{ "type": "Feature", "properties": { "osm_id": "172801778", "road_name": "Le Hunte Street", "highway": "residential", "maxspeed_kmh": 40.0, "length_km": 0.3417205326833378 }, "geometry": { "type": "LineString", "coordinates": [ [ 138.5929877, -34.9466083 ], [ 138.595554, -34.946462099999984 ], [ 138.5964679, -34.9459018 ] ] } },
{ "type": "Feature", "properties": { "osm_id": "172801779", "road_name": "Young Street", "highway": "residential", "maxspeed_kmh": 40.0, "length_km": 0.30749634959687649 }, "geometry": { "type": "LineString", "coordinates": [ [ 138.5962068, -34.945137399999986 ], [ 138.5928706, -34.9453148 ] ] } },
{ "type": "Feature", "properties": { "osm_id": "172895239", "road_name": "Richmond Road", "highway": "residential", "maxspeed_kmh": 40.0, "length_km": 0.19350439168100395 }, "geometry": { "type": "LineString", "coordinates": [ [ 138.5993723, -34.9707602 ], [ 138.6014635, -34.9706223 ] ] } },
{ "type": "Feature", "properties": { "osm_id": "172917864", "road_name": "Slape Grove", "highway": "residential", "maxspeed_kmh": 40.0, "length_km": 0.15032864012396993 }, "geometry": { "type": "LineString", "coordinates": [ [ 138.642434900000012, -34.9048166 ], [ 138.6426917, -34.9061305 ] ] } },
{ "type": "Feature", "properties": { "osm_id": "172918454", "road_name": "Albermarle Avenue", "highway": "residential", "maxspeed_kmh": 40.0, "length_km": 0.21813897919347464 }, "geometry": { "type": "LineString", "coordinates": [ [ 138.6485415, -34.9118297 ], [ 138.6461754, -34.9119537 ] ] } },
{ "type": "Feature", "properties": { "osm_id": "172918456", "road_name": "Ashbrook Avenue", "highway": "residential", "maxspeed_kmh": 40.0, "length_km": 0.65346279228626436 }, "geometry": { "type": "LineString", "coordinates": [ [ 138.64608530000001, -34.911885099999985 ], [ 138.645812299999989, -34.9060501 ] ] } },
{ "type": "Feature", "properties": { "osm_id": "172918457", "road_name": "Ashbrook Avenue", "highway": "residential", "maxspeed_kmh": 40.0, "length_km": 0.13300805749091391 }, "geometry": { "type": "LineString", "coordinates": [ [ 138.645714400000031, -34.904719 ], [ 138.6458016, -34.9059076 ] ] } },
{ "type": "Feature", "properties": { "osm_id": "172918458", "road_name": "Ashbrook Avenue", "highway": "residential", "maxspeed_kmh": 40.0, "length_km": 0.27870070754751575 }, "geometry": { "type": "LineString", "coordinates": [ [ 138.646095800000012, -34.9120228 ], [ 138.646286, -34.9145131 ] ] } },
{ "type": "Feature", "properties": { "osm_id": "173049674", "road_name": "Whistler Avenue", "highway": "residential", "maxspeed_kmh": 40.0, "length_km": 0.0093992085856126444 }, "geometry": { "type": "LineString", "coordinates": [ [ 138.600448300000011, -34.9658994 ], [ 138.6004423, -34.965815400000011 ] ] } },
{ "type": "Feature", "properties": { "osm_id": "173113913", "road_name": "Nelson Street", "highway": "secondary", "maxspeed_kmh": 40.0, "length_km": 0.25541077371211096 }, "geometry": { "type": "LineString", "coordinates": [ [ 138.5012643, -34.8410366 ], [ 138.5019785, -34.84324560000001 ] ] } },
{ "type": "Feature", "properties": { "osm_id": "173394255", "road_name": "Churcher Street", "highway": "residential", "maxspeed_kmh": 40.0, "length_km": 0.24489744414140752 }, "geometry": { "type": "LineString", "coordinates": [ [ 138.5973864, -34.8973401 ], [ 138.5947356, -34.897524900000015 ] ] } },
{ "type": "Feature", "properties": { "osm_id": "173394256", "road_name": "Carter Street", "highway": "residential", "maxspeed_kmh": 40.0, "length_km": 0.46815698232796704 }, "geometry": { "type": "LineString", "coordinates": [ [ 138.5946588, -34.8964304 ], [ 138.5997376, -34.8961949 ] ] } },
{ "type": "Feature", "properties": { "osm_id": "173394800", "road_name": "Braund Road", "highway": "residential", "maxspeed_kmh": 40.0, "length_km": 0.092998656892985948 }, "geometry": { "type": "LineString", "coordinates": [ [ 138.591182800000013, -34.898991 ], [ 138.5904615, -34.8989352 ], [ 138.59038480000001, -34.8987996 ] ] } },
{ "type": "Feature", "properties": { "osm_id": "173394801", "road_name": "Braund Road", "highway": "residential", "maxspeed_kmh": 40.0, "length_km": 0.013485838020580645 }, "geometry": { "type": "LineString", "coordinates": [ [ 138.590261, -34.8968868 ], [ 138.5902017, -34.8967764 ] ] } },
{ "type": "Feature", "properties": { "osm_id": "173394802", "road_name": "Braund Road", "highway": "residential", "maxspeed_kmh": 40.0, "length_km": 0.013648246741466662 }, "geometry": { "type": "LineString", "coordinates": [ [ 138.5902313, -34.8965438 ], [ 138.590283699999986, -34.896658100000018 ] ] } },
{ "type": "Feature", "properties": { "osm_id": "173394805", "road_name": "Braund Road", "highway": "residential", "maxspeed_kmh": 40.0, "length_km": 0.25199637420216348 }, "geometry": { "type": "LineString", "coordinates": [ [ 138.5900476, -34.894293 ], [ 138.5902313, -34.8965438 ] ] } },
{ "type": "Feature", "properties": { "osm_id": "173773999", "road_name": "Frome Street", "highway": "tertiary", "maxspeed_kmh": 40.0, "length_km": 0.056517600791894954 }, "geometry": { "type": "LineString", "coordinates": [ [ 138.607866300000012, -34.9212007 ], [ 138.6079042, -34.921705 ] ] } },
{ "type": "Feature", "properties": { "osm_id": "173774000", "road_name": "Le Hunte Lane", "highway": "service", "maxspeed_kmh": 40.0, "length_km": 0.12755719995964593 }, "geometry": { "type": "LineString", "coordinates": [ [ 138.596460799999988, -34.9457124 ], [ 138.5950765, -34.9457814 ] ] } },
{ "type": "Feature", "properties": { "osm_id": "173774338", "road_name": "Hughes Place", "highway": "service", "maxspeed_kmh": 40.0, "length_km": 0.14186713131817574 }, "geometry": { "type": "LineString", "coordinates": [ [ 138.6035427, -34.9466176 ], [ 138.6034376, -34.945350500000011 ] ] } },
{ "type": "Feature", "properties": { "osm_id": "174123601", "road_name": "Lawson Avenue", "highway": "residential", "maxspeed_kmh": 40.0, "length_km": 0.091512854768943178 }, "geometry": { "type": "LineString", "coordinates": [ [ 138.5916872, -34.9653459 ], [ 138.590694, -34.96539760000001 ] ] } },
{ "type": "Feature", "properties": { "osm_id": "174287058", "road_name": "Tait Street", "highway": "residential", "maxspeed_kmh": 40.0, "length_km": 0.076907683661751561 }, "geometry": { "type": "LineString", "coordinates": [ [ 138.575560599999989, -34.8903523 ], [ 138.5762685, -34.8906981 ] ] } },
{ "type": "Feature", "properties": { "osm_id": "174287059", "road_name": "Blight Street", "highway": "residential", "maxspeed_kmh": 40.0, "length_km": 0.11312511051058469 }, "geometry": { "type": "LineString", "coordinates": [ [ 138.5754341, -34.890373500000024 ], [ 138.574681700000014, -34.8911742 ] ] } },
{ "type": "Feature", "properties": { "osm_id": "174287061", "road_name": "Blight Street", "highway": "residential", "maxspeed_kmh": 40.0, "length_km": 0.094540698264080569 }, "geometry": { "type": "LineString", "coordinates": [ [ 138.575541500000014, -34.8902398 ], [ 138.576213700000011, -34.8896328 ] ] } },
{ "type": "Feature", "properties": { "osm_id": "174287064", "road_name": "Wright Street", "highway": "residential", "maxspeed_kmh": 40.0, "length_km": 0.19569042338391135 }, "geometry": { "type": "LineString", "coordinates": [ [ 138.575512300000014, -34.8859871 ], [ 138.5754528, -34.886382099999985 ], [ 138.57447, -34.8874476 ] ] } },
{ "type": "Feature", "properties": { "osm_id": "174295022", "road_name": "Alexandra Street", "highway": "residential", "maxspeed_kmh": 40.0, "length_km": 0.05401546784479775 }, "geometry": { "type": "LineString", "coordinates": [ [ 138.5910935, -34.8793971 ], [ 138.590507800000012, -34.8794265 ] ] } },
{ "type": "Feature", "properties": { "osm_id": "174295023", "road_name": "Alexandra Street", "highway": "residential", "maxspeed_kmh": 40.0, "length_km": 0.47798391970976206 }, "geometry": { "type": "LineString", "coordinates": [ [ 138.590507800000012, -34.8794265 ], [ 138.5853225, -34.8796503 ] ] } },
{ "type": "Feature", "properties": { "osm_id": "174295026", "road_name": "Belford Avenue", "highway": "residential", "maxspeed_kmh": 40.0, "length_km": 0.61803684223589439 }, "geometry": { "type": "LineString", "coordinates": [ [ 138.5828971, -34.8881701 ], [ 138.5762172, -34.8885351 ] ] } },
{ "type": "Feature", "properties": { "osm_id": "174394020", "road_name": "Downer Street", "highway": "residential", "maxspeed_kmh": 40.0, "length_km": 0.46836683284876252 }, "geometry": { "type": "LineString", "coordinates": [ [ 138.5546253, -34.8800497 ], [ 138.550622600000025, -34.8774732 ] ] } },
{ "type": "Feature", "properties": { "osm_id": "174394370", "road_name": "Reynell Street", "highway": "residential", "maxspeed_kmh": 40.0, "length_km": 0.39648028336807972 }, "geometry": { "type": "LineString", "coordinates": [ [ 138.5537305, -34.8810532 ], [ 138.550339900000012, -34.878891200000012 ] ] } },
{ "type": "Feature", "properties": { "osm_id": "174395456", "road_name": "Leslie Street East", "highway": "residential", "maxspeed_kmh": 40.0, "length_km": 0.73513941660984305 }, "geometry": { "type": "LineString", "coordinates": [ [ 138.550519900000012, -34.8779799 ], [ 138.544210600000014, -34.8739742 ] ] } },
{ "type": "Feature", "properties": { "osm_id": "174405612", "road_name": "Highbury Street", "highway": "residential", "maxspeed_kmh": 40.0, "length_km": 0.69021248994769158 }, "geometry": { "type": "LineString", "coordinates": [ [ 138.594613, -34.8957594 ], [ 138.5998036, -34.8955072 ], [ 138.6014093, -34.8941507 ] ] } },
{ "type": "Feature", "properties": { "osm_id": "174467659", "road_name": "Queen Street", "highway": "residential", "maxspeed_kmh": 40.0, "length_km": 0.32932864892322389 }, "geometry": { "type": "LineString", "coordinates": [ [ 138.639019, -34.924136 ], [ 138.6392672, -34.9270773 ] ] } },
{ "type": "Feature", "properties": { "osm_id": "174467779", "road_name": "George Street", "highway": "residential", "maxspeed_kmh": 40.0, "length_km": 0.27429138957528937 }, "geometry": { "type": "LineString", "coordinates": [ [ 138.636816399999987, -34.9239546 ], [ 138.636628800000011, -34.9215038 ] ] } },
{ "type": "Feature", "properties": { "osm_id": "174467781", "road_name": "George Street", "highway": "residential", "maxspeed_kmh": 40.0, "length_km": 0.315451498964401 }, "geometry": { "type": "LineString", "coordinates": [ [ 138.637055800000013, -34.9271847 ], [ 138.636845599999987, -34.9243658 ] ] } },
{ "type": "Feature", "properties": { "osm_id": "174469095", "road_name": "Edward Street", "highway": "residential", "maxspeed_kmh": 40.0, "length_km": 0.29298067398996336 }, "geometry": { "type": "LineString", "coordinates": [ [ 138.6341988, -34.9183483 ], [ 138.6343904, -34.9209664 ] ] } },
{ "type": "Feature", "properties": { "osm_id": "174474352", "road_name": null, "highway": "residential", "maxspeed_kmh": 40.0, "length_km": 0.049271364557241078 }, "geometry": { "type": "LineString", "coordinates": [ [ 138.6367438, -34.9241926 ], [ 138.636803500000013, -34.9241041 ], [ 138.6369096, -34.9241569 ], [ 138.6368429, -34.9242409 ], [ 138.6367438, -34.9241926 ] ] } },
{ "type": "Feature", "properties": { "osm_id": "174479939", "road_name": "Wakefield Street", "highway": "residential", "maxspeed_kmh": 40.0, "length_km": 0.38846941699163312 }, "geometry": { "type": "LineString", "coordinates": [ [ 138.6233015, -34.923389899999989 ], [ 138.6230208, -34.9234489 ], [ 138.6204443, -34.925888499999985 ] ] } },
{ "type": "Feature", "properties": { "osm_id": "174479941", "road_name": "Gloucester Terrace", "highway": "residential", "maxspeed_kmh": 40.0, "length_km": 0.20590322123993918 }, "geometry": { "type": "LineString", "coordinates": [ [ 138.62996050000001, -34.9238146 ], [ 138.63219380000001, -34.9236938 ] ] } },
{ "type": "Feature", "properties": { "osm_id": "174479943", "road_name": "Angas Street", "highway": "residential", "maxspeed_kmh": 40.0, "length_km": 0.2457435219815865 }, "geometry": { "type": "LineString", "coordinates": [ [ 138.623199, -34.9249401 ], [ 138.621466, -34.9266139 ] ] } },
{ "type": "Feature", "properties": { "osm_id": "174572398", "road_name": "Grant Avenue", "highway": "residential", "maxspeed_kmh": 40.0, "length_km": 0.3628473554925864 }, "geometry": { "type": "LineString", "coordinates": [ [ 138.6333525, -34.931916 ], [ 138.637282699999986, -34.9316851 ] ] } },
{ "type": "Feature", "properties": { "osm_id": "174574570", "road_name": "Swaine Avenue", "highway": "residential", "maxspeed_kmh": 40.0, "length_km": 0.26759936921557237 }, "geometry": { "type": "LineString", "coordinates": [ [ 138.6285569, -34.9332389 ], [ 138.6314586, -34.9330686 ] ] } },
{ "type": "Feature", "properties": { "osm_id": "174574574", "road_name": "Watson Avenue", "highway": "residential", "maxspeed_kmh": 40.0, "length_km": 0.39739759332727159 }, "geometry": { "type": "LineString", "coordinates": [ [ 138.637126599999988, -34.929337699999984 ], [ 138.632813200000015, -34.9295342 ] ] } },
{ "type": "Feature", "properties": { "osm_id": "174574832", "road_name": "Grandview Grove", "highway": "residential", "maxspeed_kmh": 40.0, "length_km": 0.17543248563447991 }, "geometry": { "type": "LineString", "coordinates": [ [ 138.633630399999987, -34.9349179 ], [ 138.63172560000001, -34.9349969 ] ] } },
{ "type": "Feature", "properties": { "osm_id": "174574834", "road_name": "Warwick Avenue", "highway": "residential", "maxspeed_kmh": 40.0, "length_km": 0.51339261913734702 }, "geometry": { "type": "LineString", "coordinates": [ [ 138.633718, -34.9349973 ], [ 138.634057500000011, -34.9395848 ] ] } },
{ "type": "Feature", "properties": { "osm_id": "174574835", "road_name": "Grandview Grove", "highway": "residential", "maxspeed_kmh": 40.0, "length_km": 0.42510124343738465 }, "geometry": { "type": "LineString", "coordinates": [ [ 138.6337877, -34.934908299999989 ], [ 138.6383974, -34.9346365 ] ] } },
{ "type": "Feature", "properties": { "osm_id": "174574836", "road_name": "Warwick Avenue", "highway": "residential", "maxspeed_kmh": 40.0, "length_km": 0.10436692169429565 }, "geometry": { "type": "LineString", "coordinates": [ [ 138.633630900000014, -34.9339314 ], [ 138.6337029, -34.934863899999989 ] ] } },
{ "type": "Feature", "properties": { "osm_id": "174574881", "road_name": "The Grove", "highway": "residential", "maxspeed_kmh": 40.0, "length_km": 0.14268080920876944 }, "geometry": { "type": "LineString", "coordinates": [ [ 138.630819200000019, -34.9384855 ], [ 138.630923599999988, -34.93976 ] ] } },
{ "type": "Feature", "properties": { "osm_id": "174593283", "road_name": "L'Estrange Street", "highway": "residential", "maxspeed_kmh": 40.0, "length_km": 0.66318705124712418 }, "geometry": { "type": "LineString", "coordinates": [ [ 138.6358244, -34.945764 ], [ 138.6362921, -34.9516889 ] ] } },
{ "type": "Feature", "properties": { "osm_id": "174593284", "road_name": "L'Estrange Street", "highway": "residential", "maxspeed_kmh": 40.0, "length_km": 0.34211817701904873 }, "geometry": { "type": "LineString", "coordinates": [ [ 138.6353848, -34.9396125 ], [ 138.6355852, -34.942671 ] ] } },
{ "type": "Feature", "properties": { "osm_id": "174593285", "road_name": "L'Estrange Street", "highway": "residential", "maxspeed_kmh": 40.0, "length_km": 0.3185144764763716 }, "geometry": { "type": "LineString", "coordinates": [ [ 138.635603800000013, -34.9428091 ], [ 138.635815400000013, -34.9456554 ] ] } },
{ "type": "Feature", "properties": { "osm_id": "174605450", "road_name": "Marian Road", "highway": "tertiary", "maxspeed_kmh": 40.0, "length_km": 0.47452649127574809 }, "geometry": { "type": "LineString", "coordinates": [ [ 138.6485605, -34.9013835 ], [ 138.653708099999989, -34.9011293 ] ] } },
{ "type": "Feature", "properties": { "osm_id": "174605452", "road_name": "Marian Road", "highway": "tertiary", "maxspeed_kmh": 40.0, "length_km": 0.32328817058901621 }, "geometry": { "type": "LineString", "coordinates": [ [ 138.6538873, -34.9011229 ], [ 138.65739210000001, -34.9009217 ] ] } },
{ "type": "Feature", "properties": { "osm_id": "174607956", "road_name": "Pam Court", "highway": "residential", "maxspeed_kmh": 40.0, "length_km": 0.09969669428276641 }, "geometry": { "type": "LineString", "coordinates": [ [ 138.6490272, -34.9019379 ], [ 138.6485256, -34.9019445 ], [ 138.648468700000024, -34.901467500000017 ] ] } },
{ "type": "Feature", "properties": { "osm_id": "174614139", "road_name": "Windsor Road", "highway": "residential", "maxspeed_kmh": 40.0, "length_km": 0.30934008742246139 }, "geometry": { "type": "LineString", "coordinates": [ [ 138.641008, -34.9454666 ], [ 138.637649900000014, -34.945623 ] ] } },
{ "type": "Feature", "properties": { "osm_id": "174614141", "road_name": "Flemington Street", "highway": "residential", "maxspeed_kmh": 40.0, "length_km": 0.41348423973925957 }, "geometry": { "type": "LineString", "coordinates": [ [ 138.6293129, -34.9461177 ], [ 138.633793700000012, -34.9458388 ] ] } },
{ "type": "Feature", "properties": { "osm_id": "174614142", "road_name": "Windsor Road", "highway": "residential", "maxspeed_kmh": 40.0, "length_km": 0.14814136100783995 }, "geometry": { "type": "LineString", "coordinates": [ [ 138.635890499999988, -34.945705 ], [ 138.6374989, -34.9456335 ] ] } },
{ "type": "Feature", "properties": { "osm_id": "174614145", "road_name": "Allinga Avenue", "highway": "residential", "maxspeed_kmh": 40.0, "length_km": 0.20926765627073224 }, "geometry": { "type": "LineString", "coordinates": [ [ 138.637484699999987, -34.9445741 ], [ 138.637350700000013, -34.942704 ] ] } },
{ "type": "Feature", "properties": { "osm_id": "174614148", "road_name": "Conyngham Street", "highway": "tertiary", "maxspeed_kmh": 40.0, "length_km": 0.56409451943899591 }, "geometry": { "type": "LineString", "coordinates": [ [ 138.6340443, -34.9456148 ], [ 138.6336734, -34.9405738 ] ] } },
{ "type": "Feature", "properties": { "osm_id": "174614149", "road_name": "Allinga Avenue", "highway": "residential", "maxspeed_kmh": 40.0, "length_km": 0.18464028140078401 }, "geometry": { "type": "LineString", "coordinates": [ [ 138.6381678, -34.9532947 ], [ 138.6380399, -34.9516465 ] ] } },
{ "type": "Feature", "properties": { "osm_id": "174614150", "road_name": "Allinga Avenue", "highway": "residential", "maxspeed_kmh": 40.0, "length_km": 0.31922836418709227 }, "geometry": { "type": "LineString", "coordinates": [ [ 138.6380438, -34.9515469 ], [ 138.637809, -34.9486955 ] ] } },
{ "type": "Feature", "properties": { "osm_id": "174614546", "road_name": "Cator Street", "highway": "residential", "maxspeed_kmh": 40.0, "length_km": 0.14774029537344655 }, "geometry": { "type": "LineString", "coordinates": [ [ 138.6372835, -34.9426473 ], [ 138.6356807, -34.9427348 ] ] } },
{ "type": "Feature", "properties": { "osm_id": "174614548", "road_name": "Cator Street", "highway": "residential", "maxspeed_kmh": 40.0, "length_km": 0.14863318024214048 }, "geometry": { "type": "LineString", "coordinates": [ [ 138.639027, -34.942552 ], [ 138.6374155, -34.9426516 ] ] } },
{ "type": "Feature", "properties": { "osm_id": "174614550", "road_name": "Cator Street", "highway": "residential", "maxspeed_kmh": 40.0, "length_km": 0.146138079530922 }, "geometry": { "type": "LineString", "coordinates": [ [ 138.640768400000042, -34.9424725 ], [ 138.639181900000011, -34.9425445 ] ] } },
{ "type": "Feature", "properties": { "osm_id": "174617957", "road_name": "Queen Street", "highway": "residential", "maxspeed_kmh": 40.0, "length_km": 0.30684487843744807 }, "geometry": { "type": "LineString", "coordinates": [ [ 138.6412123, -34.9484407 ], [ 138.6378844, -34.9486281 ] ] } },
{ "type": "Feature", "properties": { "osm_id": "174617958", "road_name": "Sydney Street", "highway": "residential", "maxspeed_kmh": 40.0, "length_km": 0.32861534402071291 }, "geometry": { "type": "LineString", "coordinates": [ [ 138.6411024, -34.9455163 ], [ 138.6414259, -34.9463503 ], [ 138.641501, -34.9474671 ], [ 138.6412949, -34.9483734 ] ] } },
{ "type": "Feature", "properties": { "osm_id": "174617959", "road_name": "Sydney Street", "highway": "residential", "maxspeed_kmh": 40.0, "length_km": 0.31757088819565943 }, "geometry": { "type": "LineString", "coordinates": [ [ 138.6408577, -34.9425389 ], [ 138.6410893, -34.9453755 ] ] } },
{ "type": "Feature", "properties": { "osm_id": "174617960", "road_name": "Sydney Street", "highway": "residential", "maxspeed_kmh": 40.0, "length_km": 0.3254300535662864 }, "geometry": { "type": "LineString", "coordinates": [ [ 138.6413106, -34.9485133 ], [ 138.6415408, -34.9514207 ] ] } },
{ "type": "Feature", "properties": { "osm_id": "174617970", "road_name": "Queen Street", "highway": "residential", "maxspeed_kmh": 40.0, "length_km": 0.15405415377364032 }, "geometry": { "type": "LineString", "coordinates": [ [ 138.6377272, -34.9486333 ], [ 138.636055199999987, -34.9487171 ] ] } },
{ "type": "Feature", "properties": { "osm_id": "174617971", "road_name": "Kyle Street", "highway": "residential", "maxspeed_kmh": 40.0, "length_km": 0.32734152814656958 }, "geometry": { "type": "LineString", "coordinates": [ [ 138.6393315, -34.9455447 ], [ 138.6390969, -34.9426204 ] ] } },
{ "type": "Feature", "properties": { "osm_id": "174718404", "road_name": "Arthur Street", "highway": "residential", "maxspeed_kmh": 40.0, "length_km": 0.17460987923277535 }, "geometry": { "type": "LineString", "coordinates": [ [ 138.6267761, -34.9553592 ], [ 138.6266558, -34.9537991 ] ] } },
{ "type": "Feature", "properties": { "osm_id": "174719256", "road_name": "Bridge Street", "highway": "residential", "maxspeed_kmh": 40.0, "length_km": 0.11338862116708776 }, "geometry": { "type": "LineString", "coordinates": [ [ 138.628336100000013, -34.9577673 ], [ 138.628256, -34.9567543 ] ] } },
{ "type": "Feature", "properties": { "osm_id": "174719257", "road_name": "Malvern Avenue", "highway": "residential", "maxspeed_kmh": 40.0, "length_km": 0.19112026967536574 }, "geometry": { "type": "LineString", "coordinates": [ [ 138.617563, -34.9640696 ], [ 138.6154876, -34.9641623 ] ] } },
{ "type": "Feature", "properties": { "osm_id": "174719265", "road_name": "Austral Terrace", "highway": "residential", "maxspeed_kmh": 40.0, "length_km": 0.20667940651326705 }, "geometry": { "type": "LineString", "coordinates": [ [ 138.617503199999987, -34.9631251 ], [ 138.6152598, -34.9632386 ] ] } },
{ "type": "Feature", "properties": { "osm_id": "174719266", "road_name": "Winchester Street", "highway": "residential", "maxspeed_kmh": 40.0, "length_km": 0.049411369576195505 }, "geometry": { "type": "LineString", "coordinates": [ [ 138.6088015, -34.960763 ], [ 138.6082653, -34.9607916 ] ] } },
{ "type": "Feature", "properties": { "osm_id": "174719268", "road_name": "Marlborough Street", "highway": "residential", "maxspeed_kmh": 40.0, "length_km": 0.90449402528659828 }, "geometry": { "type": "LineString", "coordinates": [ [ 138.61793, -34.9583118 ], [ 138.6081116, -34.9587923 ] ] } },
{ "type": "Feature", "properties": { "osm_id": "174719269", "road_name": "Eton Street", "highway": "residential", "maxspeed_kmh": 40.0, "length_km": 0.1783156488727114 }, "geometry": { "type": "LineString", "coordinates": [ [ 138.6167763, -34.956370799999988 ], [ 138.61484150000004, -34.956476 ] ] } },
{ "type": "Feature", "properties": { "osm_id": "175979319", "road_name": "Forest Avenue", "highway": "residential", "maxspeed_kmh": 40.0, "length_km": 0.80964853005419268 }, "geometry": { "type": "LineString", "coordinates": [ [ 138.581232, -34.9589083 ], [ 138.5724473, -34.9593697 ] ] } },
{ "type": "Feature", "properties": { "osm_id": "175994824", "road_name": "Victoria Street", "highway": "tertiary", "maxspeed_kmh": 40.0, "length_km": 0.0124872122301135 }, "geometry": { "type": "LineString", "coordinates": [ [ 138.581483100000014, -34.9538888 ], [ 138.5816182, -34.95389990000001 ] ] } },
{ "type": "Feature", "properties": { "osm_id": "175997375", "road_name": "Aroha Terrace", "highway": "tertiary", "maxspeed_kmh": 40.0, "length_km": 0.0085083935372371206 }, "geometry": { "type": "LineString", "coordinates": [ [ 138.581483100000014, -34.9538888 ], [ 138.581429500000013, -34.95395 ] ] } },
{ "type": "Feature", "properties": { "osm_id": "175998079", "road_name": "Everard Terrace", "highway": "residential", "maxspeed_kmh": 40.0, "length_km": 0.20466208066976685 }, "geometry": { "type": "LineString", "coordinates": [ [ 138.575509399999987, -34.9519906 ], [ 138.5763834, -34.9524593 ], [ 138.5775495, -34.9524371 ] ] } },
{ "type": "Feature", "properties": { "osm_id": "175998080", "road_name": "Fourth Avenue", "highway": "residential", "maxspeed_kmh": 40.0, "length_km": 0.13821174786653886 }, "geometry": { "type": "LineString", "coordinates": [ [ 138.5764802, -34.953694 ], [ 138.5763834, -34.9524593 ] ] } },
{ "type": "Feature", "properties": { "osm_id": "176324489", "road_name": "Albert Street", "highway": "residential", "maxspeed_kmh": 40.0, "length_km": 0.043797317822944964 }, "geometry": { "type": "LineString", "coordinates": [ [ 138.5899976, -34.9497249 ], [ 138.5895834, -34.9499055 ] ] } },
{ "type": "Feature", "properties": { "osm_id": "176324490", "road_name": "Albert Street", "highway": "residential", "maxspeed_kmh": 40.0, "length_km": 0.041349768033307373 }, "geometry": { "type": "LineString", "coordinates": [ [ 138.5895717, -34.9497516 ], [ 138.5899976, -34.9497249 ] ] } },
{ "type": "Feature", "properties": { "osm_id": "176324491", "road_name": "Arthur Street", "highway": "residential", "maxspeed_kmh": 40.0, "length_km": 0.46485347930874821 }, "geometry": { "type": "LineString", "coordinates": [ [ 138.6047925, -34.9503336 ], [ 138.5997476, -34.950588 ] ] } },
{ "type": "Feature", "properties": { "osm_id": "176324492", "road_name": "Charles Street", "highway": "residential", "maxspeed_kmh": 40.0, "length_km": 0.4812817322486409 }, "geometry": { "type": "LineString", "coordinates": [ [ 138.5820094, -34.9489462 ], [ 138.5823412, -34.953246 ] ] } },
{ "type": "Feature", "properties": { "osm_id": "176324496", "road_name": "Devon Street North", "highway": "residential", "maxspeed_kmh": 40.0, "length_km": 0.30345604820867073 }, "geometry": { "type": "LineString", "coordinates": [ [ 138.5857781, -34.9514742 ], [ 138.5855785, -34.948762699999989 ] ] } },
{ "type": "Feature", "properties": { "osm_id": "176324497", "road_name": "Devon Street South", "highway": "residential", "maxspeed_kmh": 40.0, "length_km": 0.22362128955584326 }, "geometry": { "type": "LineString", "coordinates": [ [ 138.586274300000014, -34.9537056 ], [ 138.5859647, -34.9532446 ], [ 138.5858335, -34.9517744 ] ] } },
{ "type": "Feature", "properties": { "osm_id": "176324498", "road_name": "Edmund Avenue", "highway": "residential", "maxspeed_kmh": 40.0, "length_km": 0.1880238179582214 }, "geometry": { "type": "LineString", "coordinates": [ [ 138.6075547, -34.9516743 ], [ 138.6095971, -34.9515992 ] ] } },
{ "type": "Feature", "properties": { "osm_id": "176324500", "road_name": "Edmund Avenue", "highway": "residential", "maxspeed_kmh": 40.0, "length_km": 0.16480488249975869 }, "geometry": { "type": "LineString", "coordinates": [ [ 138.614509, -34.9513246 ], [ 138.6162975, -34.9512339 ] ] } },
{ "type": "Feature", "properties": { "osm_id": "176324504", "road_name": "Essex Street North", "highway": "residential", "maxspeed_kmh": 40.0, "length_km": 0.24231266234284179 }, "geometry": { "type": "LineString", "coordinates": [ [ 138.5870016, -34.950863 ], [ 138.586847400000011, -34.9486975 ] ] } },
{ "type": "Feature", "properties": { "osm_id": "176324505", "road_name": "Essex Street South", "highway": "residential", "maxspeed_kmh": 40.0, "length_km": 0.28213986266527302 }, "geometry": { "type": "LineString", "coordinates": [ [ 138.5871962, -34.9536587 ], [ 138.5870445, -34.9511362 ] ] } },
{ "type": "Feature", "properties": { "osm_id": "176324506", "road_name": "Florence Street", "highway": "residential", "maxspeed_kmh": 40.0, "length_km": 0.30837906689017175 }, "geometry": { "type": "LineString", "coordinates": [ [ 138.589583299999987, -34.9504982 ], [ 138.5929314, -34.9503526 ] ] } },
{ "type": "Feature", "properties": { "osm_id": "176324507", "road_name": "Frederick Street", "highway": "residential", "maxspeed_kmh": 40.0, "length_km": 0.16324278847374102 }, "geometry": { "type": "LineString", "coordinates": [ [ 138.616127, -34.9489773 ], [ 138.6143553, -34.9490656 ] ] } },
{ "type": "Feature", "properties": { "osm_id": "176324511", "road_name": "Grace Street", "highway": "residential", "maxspeed_kmh": 40.0, "length_km": 0.25533148917352888 }, "geometry": { "type": "LineString", "coordinates": [ [ 138.599617599999988, -34.9484462 ], [ 138.5968466, -34.9485851 ] ] } },
{ "type": "Feature", "properties": { "osm_id": "176324512", "road_name": "Hampton Street North", "highway": "residential", "maxspeed_kmh": 40.0, "length_km": 0.17994442857452617 }, "geometry": { "type": "LineString", "coordinates": [ [ 138.58813090000001, -34.948631500000012 ], [ 138.58825010000001, -34.9502394 ] ] } },
{ "type": "Feature", "properties": { "osm_id": "176324513", "road_name": "Hampton Street South", "highway": "residential", "maxspeed_kmh": 40.0, "length_km": 0.34471948068437203 }, "geometry": { "type": "LineString", "coordinates": [ [ 138.588506, -34.9535883 ], [ 138.5882727, -34.9505083 ] ] } },
{ "type": "Feature", "properties": { "osm_id": "176324515", "road_name": "Maud Street", "highway": "residential", "maxspeed_kmh": 40.0, "length_km": 0.19976226372780523 }, "geometry": { "type": "LineString", "coordinates": [ [ 138.6072561, -34.9477727 ], [ 138.609423099999987, -34.9476824 ] ] } },
{ "type": "Feature", "properties": { "osm_id": "176324518", "road_name": "McGowan Avenue", "highway": "residential", "maxspeed_kmh": 40.0, "length_km": 0.20519578832239269 }, "geometry": { "type": "LineString", "coordinates": [ [ 138.602044799999987, -34.9514236 ], [ 138.5998184, -34.951543 ] ] } },
{ "type": "Feature", "properties": { "osm_id": "176324519", "road_name": "Nairne Terrace", "highway": "residential", "maxspeed_kmh": 40.0, "length_km": 0.20258395409780633 }, "geometry": { "type": "LineString", "coordinates": [ [ 138.5844119, -34.9506299 ], [ 138.58406690000001, -34.9488404 ] ] } },
{ "type": "Feature", "properties": { "osm_id": "176324520", "road_name": "Nichols Street", "highway": "residential", "maxspeed_kmh": 40.0, "length_km": 0.29879585566607747 }, "geometry": { "type": "LineString", "coordinates": [ [ 138.5811704, -34.9508056 ], [ 138.5844119, -34.9506299 ] ] } },
{ "type": "Feature", "properties": { "osm_id": "176324521", "road_name": "Ophir Street", "highway": "residential", "maxspeed_kmh": 40.0, "length_km": 0.25892639957532221 }, "geometry": { "type": "LineString", "coordinates": [ [ 138.594286600000032, -34.9518299 ], [ 138.597097100000013, -34.9516943 ] ] } },
{ "type": "Feature", "properties": { "osm_id": "176324522", "road_name": "Oxford Terrace", "highway": "residential", "maxspeed_kmh": 40.0, "length_km": 0.1784039228659752 }, "geometry": { "type": "LineString", "coordinates": [ [ 138.6162096, -34.950064 ], [ 138.614273, -34.950155499999987 ] ] } },
{ "type": "Feature", "properties": { "osm_id": "176324523", "road_name": "Railway Terrace South", "highway": "residential", "maxspeed_kmh": 40.0, "length_km": 0.21124666829150479 }, "geometry": { "type": "LineString", "coordinates": [ [ 138.5918979, -34.9486948 ], [ 138.5899976, -34.9497249 ] ] } },
{ "type": "Feature", "properties": { "osm_id": "176324524", "road_name": "Railway Terrace South", "highway": "residential", "maxspeed_kmh": 40.0, "length_km": 0.37616440379142402 }, "geometry": { "type": "LineString", "coordinates": [ [ 138.5858335, -34.9517744 ], [ 138.5892916, -34.9499855 ] ] } },
{ "type": "Feature", "properties": { "osm_id": "176324525", "road_name": "Rosa Street", "highway": "residential", "maxspeed_kmh": 40.0, "length_km": 0.30879638339189008 }, "geometry": { "type": "LineString", "coordinates": [ [ 138.5929887, -34.9511059 ], [ 138.58963510000001, -34.95123790000001 ] ] } },
{ "type": "Feature", "properties": { "osm_id": "176324526", "road_name": "Simpson Parade", "highway": "residential", "maxspeed_kmh": 40.0, "length_km": 0.25774346261890757 }, "geometry": { "type": "LineString", "coordinates": [ [ 138.59955, -34.9476094 ], [ 138.5967851, -34.9478214 ] ] } },
{ "type": "Feature", "properties": { "osm_id": "176324527", "road_name": "Surrey Street", "highway": "residential", "maxspeed_kmh": 40.0, "length_km": 0.2366519248505341 }, "geometry": { "type": "LineString", "coordinates": [ [ 138.5896989, -34.952150599999989 ], [ 138.5871321, -34.9522989 ] ] } },
{ "type": "Feature", "properties": { "osm_id": "176324529", "road_name": "Union Street", "highway": "residential", "maxspeed_kmh": 40.0, "length_km": 0.25322233091974705 }, "geometry": { "type": "LineString", "coordinates": [ [ 138.5997375, -34.950228 ], [ 138.596992699999987, -34.9503986 ] ] } },
{ "type": "Feature", "properties": { "osm_id": "176324537", "road_name": "Weller Street", "highway": "residential", "maxspeed_kmh": 40.0, "length_km": 0.84409972030713265 }, "geometry": { "type": "LineString", "coordinates": [ [ 138.5973917, -34.9553615 ], [ 138.5967851, -34.9478214 ] ] } },
{ "type": "Feature", "properties": { "osm_id": "176324539", "road_name": "Windsor Street", "highway": "residential", "maxspeed_kmh": 40.0, "length_km": 0.69551486450513589 }, "geometry": { "type": "LineString", "coordinates": [ [ 138.6160449, -34.9479778 ], [ 138.6165377, -34.9541908 ] ] } },
{ "type": "Feature", "properties": { "osm_id": "176635646", "road_name": "Veitch Road", "highway": "unclassified", "maxspeed_kmh": 40.0, "length_km": 0.32079852330769337 }, "geometry": { "type": "LineString", "coordinates": [ [ 138.5064988, -34.7900955 ], [ 138.5099124, -34.7906557 ] ] } },
{ "type": "Feature", "properties": { "osm_id": "176954966", "road_name": "University Boulevard", "highway": "residential", "maxspeed_kmh": 40.0, "length_km": 0.24791311556022017 }, "geometry": { "type": "LineString", "coordinates": [ [ 138.621249, -34.8113754 ], [ 138.6211585, -34.8132284 ], [ 138.6209351, -34.8135318 ] ] } },
{ "type": "Feature", "properties": { "osm_id": "176954967", "road_name": "University Boulevard", "highway": "residential", "maxspeed_kmh": 40.0, "length_km": 0.022269855387030312 }, "geometry": { "type": "LineString", "coordinates": [ [ 138.6209351, -34.8135318 ], [ 138.621043, -34.8133599 ] ] } },
{ "type": "Feature", "properties": { "osm_id": "177071714", "road_name": "Leonard Street", "highway": "residential", "maxspeed_kmh": 40.0, "length_km": 0.077981722474891643 }, "geometry": { "type": "LineString", "coordinates": [ [ 138.6465762, -34.9006659 ], [ 138.6465125, -34.8999697 ] ] } },
{ "type": "Feature", "properties": { "osm_id": "177138349", "road_name": "Dotterel Place", "highway": "residential", "maxspeed_kmh": 40.0, "length_km": 0.16185623487426171 }, "geometry": { "type": "LineString", "coordinates": [ [ 138.6040607, -34.8165042 ], [ 138.6031525, -34.816425 ], [ 138.6031384, -34.8159457 ], [ 138.6033238, -34.8158251 ] ] } },
{ "type": "Feature", "properties": { "osm_id": "177161178", "road_name": "Apprentice Street", "highway": "residential", "maxspeed_kmh": 40.0, "length_km": 0.20587918470748132 }, "geometry": { "type": "LineString", "coordinates": [ [ 138.5333699, -34.8720433 ], [ 138.5319132, -34.8719332 ], [ 138.531958, -34.8713047 ] ] } },
{ "type": "Feature", "properties": { "osm_id": "177161181", "road_name": "Actil Avenue", "highway": "residential", "maxspeed_kmh": 40.0, "length_km": 0.31180496211941361 }, "geometry": { "type": "LineString", "coordinates": [ [ 138.540782799999988, -34.8706532 ], [ 138.538638, -34.872813 ] ] } },
{ "type": "Feature", "properties": { "osm_id": "177161182", "road_name": "Brocas Avenue", "highway": "residential", "maxspeed_kmh": 40.0, "length_km": 0.42175712178785751 }, "geometry": { "type": "LineString", "coordinates": [ [ 138.534453, -34.8714876 ], [ 138.5357673, -34.872139100000012 ], [ 138.5372209, -34.8721667 ], [ 138.5385019, -34.8728289 ] ] } },
{ "type": "Feature", "properties": { "osm_id": "177506144", "road_name": "Adelaide Street", "highway": "residential", "maxspeed_kmh": 40.0, "length_km": 0.55178031748544398 }, "geometry": { "type": "LineString", "coordinates": [ [ 138.6386048, -34.9099379 ], [ 138.6389673, -34.9148689 ] ] } },
{ "type": "Feature", "properties": { "osm_id": "177506145", "road_name": "Albert Place", "highway": "residential", "maxspeed_kmh": 40.0, "length_km": 0.047882167570853056 }, "geometry": { "type": "LineString", "coordinates": [ [ 138.6367874, -34.9012688 ], [ 138.636581800000016, -34.900875 ] ] } },
{ "type": "Feature", "properties": { "osm_id": "177506146", "road_name": "Alexander Street", "highway": "residential", "maxspeed_kmh": 40.0, "length_km": 0.21884247579198232 }, "geometry": { "type": "LineString", "coordinates": [ [ 138.6376728, -34.9074518 ], [ 138.6375181, -34.9054967 ] ] } },
{ "type": "Feature", "properties": { "osm_id": "177506150", "road_name": "Augusta Street", "highway": "residential", "maxspeed_kmh": 40.0, "length_km": 0.55311757475093548 }, "geometry": { "type": "LineString", "coordinates": [ [ 138.635537699999986, -34.9100773 ], [ 138.635902, -34.9150202 ] ] } },
{ "type": "Feature", "properties": { "osm_id": "177506151", "road_name": "Battams Road", "highway": "residential", "maxspeed_kmh": 40.0, "length_km": 0.012045927425970264 }, "geometry": { "type": "LineString", "coordinates": [ [ 138.6347006, -34.8969868 ], [ 138.634599900000012, -34.8969179 ] ] } },
{ "type": "Feature", "properties": { "osm_id": "177506152", "road_name": "Battams Road", "highway": "residential", "maxspeed_kmh": 40.0, "length_km": 0.016552375163973156 }, "geometry": { "type": "LineString", "coordinates": [ [ 138.6348511, -34.8969709 ], [ 138.6350032, -34.89705 ] ] } },
{ "type": "Feature", "properties": { "osm_id": "177506153", "road_name": "Battams Street", "highway": "residential", "maxspeed_kmh": 40.0, "length_km": 0.2982917191241985 }, "geometry": { "type": "LineString", "coordinates": [ [ 138.6296769, -34.9082386 ], [ 138.631012, -34.9106184 ] ] } },
{ "type": "Feature", "properties": { "osm_id": "177506154", "road_name": "Belinda Street", "highway": "residential", "maxspeed_kmh": 40.0, "length_km": 0.25630552854209987 }, "geometry": { "type": "LineString", "coordinates": [ [ 138.6345349, -34.9053146 ], [ 138.6347054, -34.9076049 ] ] } },
{ "type": "Feature", "properties": { "osm_id": "177506155", "road_name": "Bennett Street", "highway": "residential", "maxspeed_kmh": 40.0, "length_km": 0.21759122294679087 }, "geometry": { "type": "LineString", "coordinates": [ [ 138.6332453, -34.9144708 ], [ 138.6331921, -34.9125715 ] ] } },
{ "type": "Feature", "properties": { "osm_id": "177506156", "road_name": "Beulah Road", "highway": "residential", "maxspeed_kmh": 40.0, "length_km": 0.01823643412229849 }, "geometry": { "type": "LineString", "coordinates": [ [ 138.6388332, -34.9179342 ], [ 138.6386379, -34.9179612 ] ] } },
{ "type": "Feature", "properties": { "osm_id": "177506157", "road_name": "Beulah Road", "highway": "residential", "maxspeed_kmh": 40.0, "length_km": 0.018164545064854071 }, "geometry": { "type": "LineString", "coordinates": [ [ 138.63643350000001, -34.9180176 ], [ 138.6366257, -34.918043 ] ] } },
{ "type": "Feature", "properties": { "osm_id": "177506158", "road_name": "Beulah Road", "highway": "residential", "maxspeed_kmh": 40.0, "length_km": 0.017507036705622335 }, "geometry": { "type": "LineString", "coordinates": [ [ 138.638478, -34.9179682 ], [ 138.6382883, -34.9179561 ] ] } },
{ "type": "Feature", "properties": { "osm_id": "177506159", "road_name": "Beulah Road", "highway": "residential", "maxspeed_kmh": 40.0, "length_km": 0.017830855633689781 }, "geometry": { "type": "LineString", "coordinates": [ [ 138.6382883, -34.9179561 ], [ 138.638477099999989, -34.9179201 ] ] } },
{ "type": "Feature", "properties": { "osm_id": "177506160", "road_name": "Beulah Road", "highway": "residential", "maxspeed_kmh": 40.0, "length_km": 0.019599239152532141 }, "geometry": { "type": "LineString", "coordinates": [ [ 138.6386243, -34.9179007 ], [ 138.6388332, -34.9179342 ] ] } },
{ "type": "Feature", "properties": { "osm_id": "177506161", "road_name": "Beulah Road", "highway": "residential", "maxspeed_kmh": 40.0, "length_km": 0.018736160787108793 }, "geometry": { "type": "LineString", "coordinates": [ [ 138.6362924, -34.9180962 ], [ 138.636090700000011, -34.918073899999989 ] ] } },
{ "type": "Feature", "properties": { "osm_id": "177506162", "road_name": "Beulah Road", "highway": "residential", "maxspeed_kmh": 40.0, "length_km": 0.018228865309046487 }, "geometry": { "type": "LineString", "coordinates": [ [ 138.634118199999989, -34.9181971 ], [ 138.6339235, -34.9181742 ] ] } },
{ "type": "Feature", "properties": { "osm_id": "177506163", "road_name": "Beulah Road", "highway": "residential", "maxspeed_kmh": 40.0, "length_km": 0.018878679623234005 }, "geometry": { "type": "LineString", "coordinates": [ [ 138.6342616, -34.9181234 ], [ 138.6344647, -34.9181466 ] ] } },
{ "type": "Feature", "properties": { "osm_id": "177506164", "road_name": "Beulah Road", "highway": "residential", "maxspeed_kmh": 40.0, "length_km": 0.016770307225947956 }, "geometry": { "type": "LineString", "coordinates": [ [ 138.6339235, -34.9181742 ], [ 138.634099600000013, -34.9181391 ] ] } },
{ "type": "Feature", "properties": { "osm_id": "177506165", "road_name": "Beulah Road", "highway": "residential", "maxspeed_kmh": 40.0, "length_km": 0.019344285922877381 }, "geometry": { "type": "LineString", "coordinates": [ [ 138.6344647, -34.9181466 ], [ 138.6342597, -34.9181837 ] ] } },
{ "type": "Feature", "properties": { "osm_id": "177506166", "road_name": "Beulah Road", "highway": "residential", "maxspeed_kmh": 40.0, "length_km": 0.017747395341965046 }, "geometry": { "type": "LineString", "coordinates": [ [ 138.636090700000011, -34.918073899999989 ], [ 138.636279800000011, -34.9180426 ] ] } },
{ "type": "Feature", "properties": { "osm_id": "177506167", "road_name": "Beulah Road", "highway": "residential", "maxspeed_kmh": 40.0, "length_km": 0.017002417915865368 }, "geometry": { "type": "LineString", "coordinates": [ [ 138.6366257, -34.918043 ], [ 138.6364455, -34.918075699999989 ] ] } },
{ "type": "Feature", "properties": { "osm_id": "177506168", "road_name": "Beulah Road", "highway": "residential", "maxspeed_kmh": 40.0, "length_km": 0.17431503291008846 }, "geometry": { "type": "LineString", "coordinates": [ [ 138.6339235, -34.9181742 ], [ 138.6320322, -34.9182672 ] ] } },
{ "type": "Feature", "properties": { "osm_id": "177506169", "road_name": "Clifton Street", "highway": "residential", "maxspeed_kmh": 40.0, "length_km": 0.018397273941349952 }, "geometry": { "type": "LineString", "coordinates": [ [ 138.6340782, -34.9101092 ], [ 138.634275, -34.9101383 ] ] } },
{ "type": "Feature", "properties": { "osm_id": "177506170", "road_name": "Clifton Street", "highway": "residential", "maxspeed_kmh": 40.0, "length_km": 0.019338300110932707 }, "geometry": { "type": "LineString", "coordinates": [ [ 138.636996900000014, -34.9100502 ], [ 138.6367898, -34.9100207 ] ] } },
{ "type": "Feature", "properties": { "osm_id": "177506171", "road_name": "Clifton Street", "highway": "residential", "maxspeed_kmh": 40.0, "length_km": 0.018928663414368538 }, "geometry": { "type": "LineString", "coordinates": [ [ 138.6367898, -34.9100207 ], [ 138.6369937, -34.9099982 ] ] } },
{ "type": "Feature", "properties": { "osm_id": "177506172", "road_name": "Clifton Street", "highway": "residential", "maxspeed_kmh": 40.0, "length_km": 0.017147629548384509 }, "geometry": { "type": "LineString", "coordinates": [ [ 138.634275, -34.9101383 ], [ 138.6340931, -34.9101717 ] ] } },
{ "type": "Feature", "properties": { "osm_id": "177506173", "road_name": "Clifton Street", "highway": "residential", "maxspeed_kmh": 40.0, "length_km": 0.022045033989954582 }, "geometry": { "type": "LineString", "coordinates": [ [ 138.6371432, -34.909974299999988 ], [ 138.6373797, -34.9100059 ] ] } },
{ "type": "Feature", "properties": { "osm_id": "177506174", "road_name": "Clifton Street", "highway": "residential", "maxspeed_kmh": 40.0, "length_km": 0.02128781272636485 }, "geometry": { "type": "LineString", "coordinates": [ [ 138.6373797, -34.9100059 ], [ 138.637155299999989, -34.9100523 ] ] } },
{ "type": "Feature", "properties": { "osm_id": "177506175", "road_name": "Clifton Street", "highway": "residential", "maxspeed_kmh": 40.0, "length_km": 0.2317634022728938 }, "geometry": { "type": "LineString", "coordinates": [ [ 138.6367898, -34.9100207 ], [ 138.634275, -34.9101383 ] ] } },
{ "type": "Feature", "properties": { "osm_id": "177506177", "road_name": "Coorara Avenue", "highway": "residential", "maxspeed_kmh": 40.0, "length_km": 0.43883523849974643 }, "geometry": { "type": "LineString", "coordinates": [ [ 138.6458897, -34.90598 ], [ 138.650653299999988, -34.9057898 ] ] } },
{ "type": "Feature", "properties": { "osm_id": "177506180", "road_name": "Dover Street", "highway": "residential", "maxspeed_kmh": 40.0, "length_km": 0.022557970314225639 }, "geometry": { "type": "LineString", "coordinates": [ [ 138.6342565, -34.9124736 ], [ 138.6344996, -34.9124998 ] ] } },
{ "type": "Feature", "properties": { "osm_id": "177506181", "road_name": "Dover Street", "highway": "residential", "maxspeed_kmh": 40.0, "length_km": 0.022260832803431937 }, "geometry": { "type": "LineString", "coordinates": [ [ 138.6344996, -34.9124998 ], [ 138.6342636, -34.9125437 ] ] } },
{ "type": "Feature", "properties": { "osm_id": "177506183", "road_name": "Dover Street", "highway": "residential", "maxspeed_kmh": 40.0, "length_km": 0.021675764041746447 }, "geometry": { "type": "LineString", "coordinates": [ [ 138.6375756, -34.9123533 ], [ 138.6373467, -34.9123992 ] ] } },
{ "type": "Feature", "properties": { "osm_id": "177506185", "road_name": "Dover Street", "highway": "residential", "maxspeed_kmh": 40.0, "length_km": 0.022220450630323758 }, "geometry": { "type": "LineString", "coordinates": [ [ 138.6371858, -34.9123979 ], [ 138.636945200000014, -34.9123807 ] ] } },
{ "type": "Feature", "properties": { "osm_id": "177506187", "road_name": "Dover Street", "highway": "residential", "maxspeed_kmh": 40.0, "length_km": 0.02240214150869127 }, "geometry": { "type": "LineString", "coordinates": [ [ 138.636945200000014, -34.9123807 ], [ 138.637184499999989, -34.9123437 ] ] } },
{ "type": "Feature", "properties": { "osm_id": "177506189", "road_name": "Dover Street", "highway": "residential", "maxspeed_kmh": 40.0, "length_km": 0.22540943171675346 }, "geometry": { "type": "LineString", "coordinates": [ [ 138.6344996, -34.9124998 ], [ 138.636945200000014, -34.9123807 ] ] } },
{ "type": "Feature", "properties": { "osm_id": "177506190", "road_name": "Dover Street", "highway": "residential", "maxspeed_kmh": 40.0, "length_km": 0.10403733284000991 }, "geometry": { "type": "LineString", "coordinates": [ [ 138.634099600000013, -34.9125284 ], [ 138.6329723, -34.9125936 ] ] } },
{ "type": "Feature", "properties": { "osm_id": "177506192", "road_name": "Edward Street", "highway": "residential", "maxspeed_kmh": 40.0, "length_km": 0.018273612792468332 }, "geometry": { "type": "LineString", "coordinates": [ [ 138.634138799999988, -34.9180923 ], [ 138.6341697, -34.9179312 ] ] } },
{ "type": "Feature", "properties": { "osm_id": "177506194", "road_name": "Edward Street", "highway": "residential", "maxspeed_kmh": 40.0, "length_km": 0.01722185965714448 }, "geometry": { "type": "LineString", "coordinates": [ [ 138.6341697, -34.9179312 ], [ 138.634200099999987, -34.9180832 ] ] } },
{ "type": "Feature", "properties": { "osm_id": "177506196", "road_name": "Edward Street", "highway": "residential", "maxspeed_kmh": 40.0, "length_km": 0.015692759652519199 }, "geometry": { "type": "LineString", "coordinates": [ [ 138.634230800000012, -34.9182103 ], [ 138.6341988, -34.9183483 ] ] } },
{ "type": "Feature", "properties": { "osm_id": "177506198", "road_name": "Edward Street", "highway": "residential", "maxspeed_kmh": 40.0, "length_km": 0.015471360885711292 }, "geometry": { "type": "LineString", "coordinates": [ [ 138.6341988, -34.9183483 ], [ 138.634149, -34.918216 ] ] } },
{ "type": "Feature", "properties": { "osm_id": "177506200", "road_name": "Edward Street", "highway": "residential", "maxspeed_kmh": 40.0, "length_km": 0.3150309011741188 }, "geometry": { "type": "LineString", "coordinates": [ [ 138.633964100000014, -34.9151159 ], [ 138.6341697, -34.9179312 ] ] } },
{ "type": "Feature", "properties": { "osm_id": "177506202", "road_name": "Elizabeth Street", "highway": "residential", "maxspeed_kmh": 40.0, "length_km": 0.50875013029621818 }, "geometry": { "type": "LineString", "coordinates": [ [ 138.6362504, -34.9029647 ], [ 138.6365743, -34.9075116 ] ] } },
{ "type": "Feature", "properties": { "osm_id": "177506205", "road_name": "First Avenue", "highway": "residential", "maxspeed_kmh": 40.0, "length_km": 0.015541889489869697 }, "geometry": { "type": "LineString", "coordinates": [ [ 138.6329038, -34.901454200000011 ], [ 138.6327785, -34.9015475 ] ] } },
{ "type": "Feature", "properties": { "osm_id": "177506207", "road_name": "First Avenue", "highway": "residential", "maxspeed_kmh": 40.0, "length_km": 0.015911804613582919 }, "geometry": { "type": "LineString", "coordinates": [ [ 138.6330638, -34.9012484 ], [ 138.6329907, -34.9013775 ] ] } },
{ "type": "Feature", "properties": { "osm_id": "177506208", "road_name": "First Avenue", "highway": "residential", "maxspeed_kmh": 40.0, "length_km": 0.015139516840782744 }, "geometry": { "type": "LineString", "coordinates": [ [ 138.632934299999988, -34.901332 ], [ 138.6330638, -34.9012484 ] ] } },
{ "type": "Feature", "properties": { "osm_id": "177506210", "road_name": "First Avenue", "highway": "residential", "maxspeed_kmh": 40.0, "length_km": 0.016780269531817993 }, "geometry": { "type": "LineString", "coordinates": [ [ 138.6327785, -34.9015475 ], [ 138.6328437, -34.9014072 ] ] } },
{ "type": "Feature", "properties": { "osm_id": "177506213", "road_name": "First Avenue", "highway": "residential", "maxspeed_kmh": 40.0, "length_km": 0.01875835831654793 }, "geometry": { "type": "LineString", "coordinates": [ [ 138.6282211, -34.9069579 ], [ 138.628080899999986, -34.9070756 ] ] } },
{ "type": "Feature", "properties": { "osm_id": "177506214", "road_name": "First Avenue", "highway": "residential", "maxspeed_kmh": 40.0, "length_km": 0.15434677500332128 }, "geometry": { "type": "LineString", "coordinates": [ [ 138.6293691, -34.9055542 ], [ 138.628408, -34.9066867 ] ] } },
{ "type": "Feature", "properties": { "osm_id": "177506215", "road_name": "First Avenue", "highway": "residential", "maxspeed_kmh": 40.0, "length_km": 0.019160397232217932 }, "geometry": { "type": "LineString", "coordinates": [ [ 138.6282598, -34.9068072 ], [ 138.628408, -34.9066867 ] ] } },
{ "type": "Feature", "properties": { "osm_id": "177506216", "road_name": "First Avenue", "highway": "residential", "maxspeed_kmh": 40.0, "length_km": 0.018343838496218907 }, "geometry": { "type": "LineString", "coordinates": [ [ 138.628080899999986, -34.9070756 ], [ 138.6281693, -34.9069301 ] ] } },
{ "type": "Feature", "properties": { "osm_id": "177506217", "road_name": "First Avenue", "highway": "residential", "maxspeed_kmh": 40.0, "length_km": 0.37631195372797727 }, "geometry": { "type": "LineString", "coordinates": [ [ 138.628080899999986, -34.9070756 ], [ 138.6257489, -34.9098427 ] ] } },
{ "type": "Feature", "properties": { "osm_id": "177506218", "road_name": "First Avenue", "highway": "residential", "maxspeed_kmh": 40.0, "length_km": 0.50054346904464175 }, "geometry": { "type": "LineString", "coordinates": [ [ 138.6327785, -34.9015475 ], [ 138.6296563, -34.905217 ] ] } },
{ "type": "Feature", "properties": { "osm_id": "177506219", "road_name": "First Avenue", "highway": "residential", "maxspeed_kmh": 40.0, "length_km": 0.51471450099794436 }, "geometry": { "type": "LineString", "coordinates": [ [ 138.636102099999988, -34.897398 ], [ 138.6357653, -34.8980718 ], [ 138.6330638, -34.9012484 ] ] } },
{ "type": "Feature", "properties": { "osm_id": "177506220", "road_name": "Flora Street", "highway": "residential", "maxspeed_kmh": 40.0, "length_km": 0.30062837886660898 }, "geometry": { "type": "LineString", "coordinates": [ [ 138.6301631, -34.9109943 ], [ 138.6330184, -34.9096863 ] ] } },
{ "type": "Feature", "properties": { "osm_id": "177506221", "road_name": "Ford Street", "highway": "residential", "maxspeed_kmh": 40.0, "length_km": 0.18451689479744493 }, "geometry": { "type": "LineString", "coordinates": [ [ 138.6358421, -34.9084091 ], [ 138.6359661, -34.910057899999984 ] ] } },
{ "type": "Feature", "properties": { "osm_id": "177506222", "road_name": "Foster Street", "highway": "residential", "maxspeed_kmh": 40.0, "length_km": 0.25843990676559581 }, "geometry": { "type": "LineString", "coordinates": [ [ 138.6373103, -34.9149507 ], [ 138.637425900000011, -34.9164297 ], [ 138.638434100000012, -34.9163837 ] ] } },
{ "type": "Feature", "properties": { "osm_id": "177506223", "road_name": "Frederick Street", "highway": "residential", "maxspeed_kmh": 40.0, "length_km": 0.018095335856273039 }, "geometry": { "type": "LineString", "coordinates": [ [ 138.6341572, -34.9122929 ], [ 138.6342152, -34.9124477 ] ] } },
{ "type": "Feature", "properties": { "osm_id": "177506224", "road_name": "Frederick Street", "highway": "residential", "maxspeed_kmh": 40.0, "length_km": 0.016626233497458853 }, "geometry": { "type": "LineString", "coordinates": [ [ 138.6342218, -34.9125783 ], [ 138.6341898, -34.9127248 ] ] } },
{ "type": "Feature", "properties": { "osm_id": "177506225", "road_name": "Frederick Street", "highway": "residential", "maxspeed_kmh": 40.0, "length_km": 0.017274404068976377 }, "geometry": { "type": "LineString", "coordinates": [ [ 138.6341898, -34.9127248 ], [ 138.634143599999987, -34.9125749 ] ] } },
{ "type": "Feature", "properties": { "osm_id": "177506226", "road_name": "Frederick Street", "highway": "residential", "maxspeed_kmh": 40.0, "length_km": 0.019183865595941069 }, "geometry": { "type": "LineString", "coordinates": [ [ 138.6341214, -34.9124621 ], [ 138.6341572, -34.9122929 ] ] } },
{ "type": "Feature", "properties": { "osm_id": "177506227", "road_name": "Frederick Street", "highway": "residential", "maxspeed_kmh": 40.0, "length_km": 0.014477191067471494 }, "geometry": { "type": "LineString", "coordinates": [ [ 138.6340788, -34.9101888 ], [ 138.634025, -34.9103106 ] ] } },
{ "type": "Feature", "properties": { "osm_id": "177506228", "road_name": "Frederick Street", "highway": "residential", "maxspeed_kmh": 40.0, "length_km": 0.017818982700998416 }, "geometry": { "type": "LineString", "coordinates": [ [ 138.6338341, -34.9078892 ], [ 138.633753500000012, -34.9077443 ] ] } },
{ "type": "Feature", "properties": { "osm_id": "177506229", "road_name": "Frederick Street", "highway": "residential", "maxspeed_kmh": 40.0, "length_km": 0.014254395896410806 }, "geometry": { "type": "LineString", "coordinates": [ [ 138.634025, -34.9103106 ], [ 138.6339821, -34.9101881 ] ] } },
{ "type": "Feature", "properties": { "osm_id": "177506230", "road_name": "Frederick Street", "highway": "residential", "maxspeed_kmh": 40.0, "length_km": 0.017419870740152464 }, "geometry": { "type": "LineString", "coordinates": [ [ 138.633988, -34.9099515 ], [ 138.6340549, -34.9100971 ] ] } },
{ "type": "Feature", "properties": { "osm_id": "177506231", "road_name": "Frederick Street", "highway": "residential", "maxspeed_kmh": 40.0, "length_km": 0.017768159484083109 }, "geometry": { "type": "LineString", "coordinates": [ [ 138.633826699999986, -34.9077321 ], [ 138.6338341, -34.9078892 ] ] } },
{ "type": "Feature", "properties": { "osm_id": "177506232", "road_name": "Frederick Street", "highway": "residential", "maxspeed_kmh": 40.0, "length_km": 0.017796945839538995 }, "geometry": { "type": "LineString", "coordinates": [ [ 138.633982, -34.9101105 ], [ 138.633988, -34.9099515 ] ] } },
{ "type": "Feature", "properties": { "osm_id": "177506233", "road_name": "Frederick Street", "highway": "residential", "maxspeed_kmh": 40.0, "length_km": 0.01544263528009095 }, "geometry": { "type": "LineString", "coordinates": [ [ 138.6337172, -34.9076689 ], [ 138.633679, -34.907538099999989 ] ] } },
{ "type": "Feature", "properties": { "osm_id": "177506234", "road_name": "Frederick Street", "highway": "residential", "maxspeed_kmh": 40.0, "length_km": 0.013662495422608615 }, "geometry": { "type": "LineString", "coordinates": [ [ 138.633679, -34.907538099999989 ], [ 138.6337574, -34.9076411 ] ] } },
{ "type": "Feature", "properties": { "osm_id": "177506235", "road_name": "Frederick Street", "highway": "residential", "maxspeed_kmh": 40.0, "length_km": 0.26534889934160599 }, "geometry": { "type": "LineString", "coordinates": [ [ 138.6341898, -34.9127248 ], [ 138.634361899999988, -34.9150962 ] ] } },
{ "type": "Feature", "properties": { "osm_id": "177506236", "road_name": "Frederick Street", "highway": "residential", "maxspeed_kmh": 40.0, "length_km": 0.2431945735661537 }, "geometry": { "type": "LineString", "coordinates": [ [ 138.633679, -34.907538099999989 ], [ 138.6335085, -34.9053655 ] ] } },
{ "type": "Feature", "properties": { "osm_id": "177506237", "road_name": "Frederick Street", "highway": "residential", "maxspeed_kmh": 40.0, "length_km": 0.23078576183177288 }, "geometry": { "type": "LineString", "coordinates": [ [ 138.6338341, -34.9078892 ], [ 138.633988, -34.9099515 ] ] } },
{ "type": "Feature", "properties": { "osm_id": "177506238", "road_name": "Frederick Street", "highway": "residential", "maxspeed_kmh": 40.0, "length_km": 0.22175747990218206 }, "geometry": { "type": "LineString", "coordinates": [ [ 138.634025, -34.9103106 ], [ 138.6341572, -34.9122929 ] ] } },
{ "type": "Feature", "properties": { "osm_id": "177506239", "road_name": "George Street", "highway": "residential", "maxspeed_kmh": 40.0, "length_km": 0.017988447701216912 }, "geometry": { "type": "LineString", "coordinates": [ [ 138.6363169, -34.91799850000001 ], [ 138.636342500000012, -34.9178406 ] ] } },
{ "type": "Feature", "properties": { "osm_id": "177506240", "road_name": "George Street", "highway": "residential", "maxspeed_kmh": 40.0, "length_km": 0.015978102336412076 }, "geometry": { "type": "LineString", "coordinates": [ [ 138.6363811, -34.9182572 ], [ 138.6363289, -34.9181213 ] ] } },
{ "type": "Feature", "properties": { "osm_id": "177506241", "road_name": "George Street", "highway": "residential", "maxspeed_kmh": 40.0, "length_km": 0.01656132456227415 }, "geometry": { "type": "LineString", "coordinates": [ [ 138.6364155, -34.918112599999986 ], [ 138.6363811, -34.9182572 ] ] } },
{ "type": "Feature", "properties": { "osm_id": "177506242", "road_name": "George Street", "highway": "residential", "maxspeed_kmh": 40.0, "length_km": 0.01734706861519076 }, "geometry": { "type": "LineString", "coordinates": [ [ 138.636342500000012, -34.9178406 ], [ 138.6363892, -34.9179906 ] ] } },
{ "type": "Feature", "properties": { "osm_id": "177506243", "road_name": "George Street", "highway": "residential", "maxspeed_kmh": 40.0, "length_km": 0.31690159718970806 }, "geometry": { "type": "LineString", "coordinates": [ [ 138.636136599999986, -34.9150086 ], [ 138.636342500000012, -34.9178406 ] ] } },
{ "type": "Feature", "properties": { "osm_id": "177506244", "road_name": "Henry Street", "highway": "residential", "maxspeed_kmh": 40.0, "length_km": 0.33712967058077753 }, "geometry": { "type": "LineString", "coordinates": [ [ 138.6340534, -34.9107862 ], [ 138.6330958, -34.9108563 ], [ 138.630743700000011, -34.9119475 ] ] } },
{ "type": "Feature", "properties": { "osm_id": "177506245", "road_name": "Janet Street", "highway": "residential", "maxspeed_kmh": 40.0, "length_km": 0.017105594322009993 }, "geometry": { "type": "LineString", "coordinates": [ [ 138.634004300000015, -34.9076436 ], [ 138.633841, -34.907715 ] ] } },
{ "type": "Feature", "properties": { "osm_id": "177506246", "road_name": "Janet Street", "highway": "residential", "maxspeed_kmh": 40.0, "length_km": 0.018618620695362569 }, "geometry": { "type": "LineString", "coordinates": [ [ 138.6338027, -34.907640399999984 ], [ 138.634004300000015, -34.9076436 ] ] } },
{ "type": "Feature", "properties": { "osm_id": "177506247", "road_name": "Kapunda Terrace", "highway": "residential", "maxspeed_kmh": 40.0, "length_km": 0.066449020903053324 }, "geometry": { "type": "LineString", "coordinates": [ [ 138.636334299999987, -34.901632299999989 ], [ 138.635956599999986, -34.9021354 ] ] } },
{ "type": "Feature", "properties": { "osm_id": "177506248", "road_name": "Lambert Road", "highway": "residential", "maxspeed_kmh": 40.0, "length_km": 0.018106805034095202 }, "geometry": { "type": "LineString", "coordinates": [ [ 138.6331262, -34.9015159 ], [ 138.632944900000012, -34.9014529 ] ] } },
{ "type": "Feature", "properties": { "osm_id": "177506249", "road_name": "Lambert Road", "highway": "residential", "maxspeed_kmh": 40.0, "length_km": 0.017758921370840397 }, "geometry": { "type": "LineString", "coordinates": [ [ 138.6327097, -34.9012704 ], [ 138.6328862, -34.9013347 ] ] } },
{ "type": "Feature", "properties": { "osm_id": "177506250", "road_name": "Lambert Road", "highway": "residential", "maxspeed_kmh": 40.0, "length_km": 0.018261720113079354 }, "geometry": { "type": "LineString", "coordinates": [ [ 138.6328403, -34.901393499999983 ], [ 138.6327097, -34.9012704 ] ] } },
{ "type": "Feature", "properties": { "osm_id": "177506251", "road_name": "Lambert Road", "highway": "residential", "maxspeed_kmh": 40.0, "length_km": 0.020389483717293294 }, "geometry": { "type": "LineString", "coordinates": [ [ 138.631918500000012, -34.9007556 ], [ 138.6320687, -34.9008898 ] ] } },
{ "type": "Feature", "properties": { "osm_id": "177506252", "road_name": "Lambert Road", "highway": "residential", "maxspeed_kmh": 40.0, "length_km": 0.072709020602473917 }, "geometry": { "type": "LineString", "coordinates": [ [ 138.6327097, -34.9012704 ], [ 138.6320687, -34.9008898 ] ] } },
{ "type": "Feature", "properties": { "osm_id": "177506253", "road_name": "Lambert Road", "highway": "residential", "maxspeed_kmh": 40.0, "length_km": 0.021583569379786074 }, "geometry": { "type": "LineString", "coordinates": [ [ 138.6320687, -34.9008898 ], [ 138.6318508, -34.9008183 ] ] } },
{ "type": "Feature", "properties": { "osm_id": "177506255", "road_name": "Lambert Road", "highway": "residential", "maxspeed_kmh": 40.0, "length_km": 0.018178621247893757 }, "geometry": { "type": "LineString", "coordinates": [ [ 138.632996, -34.9013935 ], [ 138.6331262, -34.9015159 ] ] } },
{ "type": "Feature", "properties": { "osm_id": "177506256", "road_name": "Lambert Road", "highway": "residential", "maxspeed_kmh": 40.0, "length_km": 0.020839149755031119 }, "geometry": { "type": "LineString", "coordinates": [ [ 138.6316129, -34.9006201 ], [ 138.6318202, -34.9006952 ] ] } },
{ "type": "Feature", "properties": { "osm_id": "177506257", "road_name": "Lambert Road", "highway": "residential", "maxspeed_kmh": 40.0, "length_km": 0.022504038909439718 }, "geometry": { "type": "LineString", "coordinates": [ [ 138.6246095, -34.8965385 ], [ 138.624443, -34.8963937 ] ] } },
{ "type": "Feature", "properties": { "osm_id": "177506258", "road_name": "Lambert Road", "highway": "residential", "maxspeed_kmh": 40.0, "length_km": 0.016994172218093035 }, "geometry": { "type": "LineString", "coordinates": [ [ 138.6279549, -34.8984544 ], [ 138.6277828, -34.8984022 ] ] } },
{ "type": "Feature", "properties": { "osm_id": "177506259", "road_name": "Lambert Road", "highway": "residential", "maxspeed_kmh": 40.0, "length_km": 0.024273490719689029 }, "geometry": { "type": "LineString", "coordinates": [ [ 138.6247809, -34.8965384 ], [ 138.624969099999987, -34.8966906 ] ] } },
{ "type": "Feature", "properties": { "osm_id": "177506260", "road_name": "Lambert Road", "highway": "residential", "maxspeed_kmh": 40.0, "length_km": 0.16106231156982778 }, "geometry": { "type": "LineString", "coordinates": [ [ 138.624443, -34.8963937 ], [ 138.6230344, -34.895538 ] ] } },
{ "type": "Feature", "properties": { "osm_id": "177506261", "road_name": "Lambert Road", "highway": "residential", "maxspeed_kmh": 40.0, "length_km": 0.018038316606350451 }, "geometry": { "type": "LineString", "coordinates": [ [ 138.6278379, -34.8983251 ], [ 138.6279549, -34.8984544 ] ] } },
{ "type": "Feature", "properties": { "osm_id": "177506262", "road_name": "Lambert Road", "highway": "residential", "maxspeed_kmh": 40.0, "length_km": 0.018034230731835906 }, "geometry": { "type": "LineString", "coordinates": [ [ 138.6276852, -34.8983415 ], [ 138.6275566, -34.89822 ] ] } },
{ "type": "Feature", "properties": { "osm_id": "177506263", "road_name": "Lambert Road", "highway": "residential", "maxspeed_kmh": 40.0, "length_km": 0.021908464271738076 }, "geometry": { "type": "LineString", "coordinates": [ [ 138.624443, -34.8963937 ], [ 138.6246649, -34.8964647 ] ] } },
{ "type": "Feature", "properties": { "osm_id": "177506264", "road_name": "Lambert Road", "highway": "residential", "maxspeed_kmh": 40.0, "length_km": 0.024852972675451699 }, "geometry": { "type": "LineString", "coordinates": [ [ 138.624969099999987, -34.8966906 ], [ 138.6247238, -34.8965976 ] ] } },
{ "type": "Feature", "properties": { "osm_id": "177506265", "road_name": "Lambert Road", "highway": "residential", "maxspeed_kmh": 40.0, "length_km": 0.018519770666273007 }, "geometry": { "type": "LineString", "coordinates": [ [ 138.6275566, -34.89822 ], [ 138.6277438, -34.8982808 ] ] } },
{ "type": "Feature", "properties": { "osm_id": "177506266", "road_name": "Lambert Road", "highway": "residential", "maxspeed_kmh": 40.0, "length_km": 0.29312114948914519 }, "geometry": { "type": "LineString", "coordinates": [ [ 138.6275566, -34.89822 ], [ 138.624969099999987, -34.8966906 ] ] } },
{ "type": "Feature", "properties": { "osm_id": "177506267", "road_name": "Lambert Road", "highway": "residential", "maxspeed_kmh": 40.0, "length_km": 0.41453264742856627 }, "geometry": { "type": "LineString", "coordinates": [ [ 138.6316129, -34.9006201 ], [ 138.6279549, -34.8984544 ] ] } },
{ "type": "Feature", "properties": { "osm_id": "177506268", "road_name": "Laura Street", "highway": "residential", "maxspeed_kmh": 40.0, "length_km": 0.35535477791652975 }, "geometry": { "type": "LineString", "coordinates": [ [ 138.63052540000001, -34.9115885 ], [ 138.633056, -34.9104429 ], [ 138.6340262, -34.9103828 ] ] } },
{ "type": "Feature", "properties": { "osm_id": "177506270", "road_name": "Loch Street", "highway": "residential", "maxspeed_kmh": 40.0, "length_km": 0.15846288934920655 }, "geometry": { "type": "LineString", "coordinates": [ [ 138.6311694, -34.9089218 ], [ 138.6319502, -34.9101863 ] ] } },
{ "type": "Feature", "properties": { "osm_id": "177506271", "road_name": "Mary Street", "highway": "residential", "maxspeed_kmh": 40.0, "length_km": 0.076268502886198769 }, "geometry": { "type": "LineString", "coordinates": [ [ 138.6320622, -34.9101339 ], [ 138.6324319, -34.910745 ] ] } },
{ "type": "Feature", "properties": { "osm_id": "177506272", "road_name": "Mayfair Street", "highway": "residential", "maxspeed_kmh": 40.0, "length_km": 0.28017767708555091 }, "geometry": { "type": "LineString", "coordinates": [ [ 138.6348633, -34.9075962 ], [ 138.635039400000011, -34.9101004 ] ] } },
{ "type": "Feature", "properties": { "osm_id": "177506273", "road_name": "Morcomb Street", "highway": "residential", "maxspeed_kmh": 40.0, "length_km": 0.21537986550846674 }, "geometry": { "type": "LineString", "coordinates": [ [ 138.631967800000012, -34.9109503 ], [ 138.6329883, -34.912677399999986 ] ] } },
{ "type": "Feature", "properties": { "osm_id": "177506274", "road_name": "Morris Street", "highway": "residential", "maxspeed_kmh": 40.0, "length_km": 0.50744784160405387 }, "geometry": { "type": "LineString", "coordinates": [ [ 138.635317, -34.9030203 ], [ 138.635630600000013, -34.907556 ] ] } },
{ "type": "Feature", "properties": { "osm_id": "177506275", "road_name": "Moulden Street", "highway": "residential", "maxspeed_kmh": 40.0, "length_km": 0.27051487601272511 }, "geometry": { "type": "LineString", "coordinates": [ [ 138.6352855, -34.91736 ], [ 138.6349429, -34.9150676 ] ] } },
{ "type": "Feature", "properties": { "osm_id": "177506276", "road_name": "Olive Road", "highway": "residential", "maxspeed_kmh": 40.0, "length_km": 0.45886866895254935 }, "geometry": { "type": "LineString", "coordinates": [ [ 138.633847600000024, -34.9080672 ], [ 138.63282670000001, -34.9081125 ], [ 138.629397399999988, -34.9097449 ] ] } },
{ "type": "Feature", "properties": { "osm_id": "177506277", "road_name": "Parsons Street", "highway": "residential", "maxspeed_kmh": 40.0, "length_km": 0.14163214132686802 }, "geometry": { "type": "LineString", "coordinates": [ [ 138.637301799999989, -34.9131689 ], [ 138.63883770000001, -34.913084 ] ] } },
{ "type": "Feature", "properties": { "osm_id": "177506279", "road_name": "Phillis Street", "highway": "residential", "maxspeed_kmh": 40.0, "length_km": 0.014275663644452105 }, "geometry": { "type": "LineString", "coordinates": [ [ 138.6371055, -34.9100886 ], [ 138.637093099999987, -34.910216 ] ] } },
{ "type": "Feature", "properties": { "osm_id": "177506280", "road_name": "Phillis Street", "highway": "residential", "maxspeed_kmh": 40.0, "length_km": 0.020799159100302101 }, "geometry": { "type": "LineString", "coordinates": [ [ 138.6372969, -34.9126195 ], [ 138.6372423, -34.9124388 ] ] } },
{ "type": "Feature", "properties": { "osm_id": "177506281", "road_name": "Phillis Street", "highway": "residential", "maxspeed_kmh": 40.0, "length_km": 0.021452041294793896 }, "geometry": { "type": "LineString", "coordinates": [ [ 138.637317599999989, -34.912428199999987 ], [ 138.6372969, -34.9126195 ] ] } },
{ "type": "Feature", "properties": { "osm_id": "177506282", "road_name": "Phillis Street", "highway": "residential", "maxspeed_kmh": 40.0, "length_km": 0.018990137989206381 }, "geometry": { "type": "LineString", "coordinates": [ [ 138.637042, -34.909955 ], [ 138.6370546, -34.9097853 ] ] } },
{ "type": "Feature", "properties": { "osm_id": "177506283", "road_name": "Phillis Street", "highway": "residential", "maxspeed_kmh": 40.0, "length_km": 0.018819351223675826 }, "geometry": { "type": "LineString", "coordinates": [ [ 138.6370546, -34.9097853 ], [ 138.6370942, -34.9099506 ] ] } },
{ "type": "Feature", "properties": { "osm_id": "177506284", "road_name": "Phillis Street", "highway": "residential", "maxspeed_kmh": 40.0, "length_km": 0.022394417035594028 }, "geometry": { "type": "LineString", "coordinates": [ [ 138.6372342, -34.9123025 ], [ 138.6372513, -34.9121025 ] ] } },
{ "type": "Feature", "properties": { "osm_id": "177506285", "road_name": "Phillis Street", "highway": "residential", "maxspeed_kmh": 40.0, "length_km": 0.015643278157898635 }, "geometry": { "type": "LineString", "coordinates": [ [ 138.637093099999987, -34.910216 ], [ 138.6370356, -34.9100842 ] ] } },
{ "type": "Feature", "properties": { "osm_id": "177506286", "road_name": "Phillis Street", "highway": "residential", "maxspeed_kmh": 40.0, "length_km": 0.022780630817282554 }, "geometry": { "type": "LineString", "coordinates": [ [ 138.6372513, -34.9121025 ], [ 138.6372992, -34.9123026 ] ] } },
{ "type": "Feature", "properties": { "osm_id": "177506287", "road_name": "Phillis Street", "highway": "residential", "maxspeed_kmh": 40.0, "length_km": 0.21124588306967479 }, "geometry": { "type": "LineString", "coordinates": [ [ 138.637093099999987, -34.910216 ], [ 138.6372513, -34.9121025 ] ] } },
{ "type": "Feature", "properties": { "osm_id": "177506288", "road_name": "Phillis Street", "highway": "residential", "maxspeed_kmh": 40.0, "length_km": 0.25606094181629341 }, "geometry": { "type": "LineString", "coordinates": [ [ 138.6368884, -34.9074969 ], [ 138.6370546, -34.9097853 ] ] } },
{ "type": "Feature", "properties": { "osm_id": "177506289", "road_name": "Phillis Street", "highway": "residential", "maxspeed_kmh": 40.0, "length_km": 0.26008310971355603 }, "geometry": { "type": "LineString", "coordinates": [ [ 138.6372969, -34.9126195 ], [ 138.6374265, -34.914945 ] ] } },
{ "type": "Feature", "properties": { "osm_id": "177506290", "road_name": "Pollock Avenue", "highway": "residential", "maxspeed_kmh": 40.0, "length_km": 0.1832723684844576 }, "geometry": { "type": "LineString", "coordinates": [ [ 138.6369569, -34.895916699999987 ], [ 138.636185, -34.8974257 ] ] } },
{ "type": "Feature", "properties": { "osm_id": "177506291", "road_name": "Queen Street", "highway": "residential", "maxspeed_kmh": 40.0, "length_km": 0.015555553882780088 }, "geometry": { "type": "LineString", "coordinates": [ [ 138.6385956, -34.9180059 ], [ 138.6385703, -34.918143600000015 ] ] } },
{ "type": "Feature", "properties": { "osm_id": "177506292", "road_name": "Queen Street", "highway": "residential", "maxspeed_kmh": 40.0, "length_km": 0.015852745580208313 }, "geometry": { "type": "LineString", "coordinates": [ [ 138.6385703, -34.918143600000015 ], [ 138.638523099999986, -34.9180071 ] ] } },
{ "type": "Feature", "properties": { "osm_id": "177506293", "road_name": "Queen Street", "highway": "residential", "maxspeed_kmh": 40.0, "length_km": 0.018145910701707655 }, "geometry": { "type": "LineString", "coordinates": [ [ 138.638533700000011, -34.9177224 ], [ 138.63859, -34.9178781 ] ] } },
{ "type": "Feature", "properties": { "osm_id": "177506294", "road_name": "Queen Street", "highway": "residential", "maxspeed_kmh": 40.0, "length_km": 0.019379942199967633 }, "geometry": { "type": "LineString", "coordinates": [ [ 138.6384976, -34.9178933 ], [ 138.638533700000011, -34.9177224 ] ] } },
{ "type": "Feature", "properties": { "osm_id": "177506295", "road_name": "Queen Street", "highway": "residential", "maxspeed_kmh": 40.0, "length_km": 0.31576030543653311 }, "geometry": { "type": "LineString", "coordinates": [ [ 138.638533700000011, -34.9177224 ], [ 138.6383261, -34.9149006 ] ] } },
{ "type": "Feature", "properties": { "osm_id": "177506298", "road_name": "Second Avenue", "highway": "residential", "maxspeed_kmh": 40.0, "length_km": 0.45774473753508294 }, "geometry": { "type": "LineString", "coordinates": [ [ 138.6347039, -34.8971663 ], [ 138.6319523, -34.9005705 ] ] } },
{ "type": "Feature", "properties": { "osm_id": "177506299", "road_name": "Second Avenue", "highway": "residential", "maxspeed_kmh": 40.0, "length_km": 0.029228768759898407 }, "geometry": { "type": "LineString", "coordinates": [ [ 138.628284799999989, -34.905025799999983 ], [ 138.6283847, -34.9047774 ] ] } },
{ "type": "Feature", "properties": { "osm_id": "177506300", "road_name": "Second Avenue", "highway": "residential", "maxspeed_kmh": 40.0, "length_km": 0.027975643138838061 }, "geometry": { "type": "LineString", "coordinates": [ [ 138.6284999, -34.904848800000011 ], [ 138.628284799999989, -34.905025799999983 ] ] } },
{ "type": "Feature", "properties": { "osm_id": "177506301", "road_name": "Second Avenue", "highway": "residential", "maxspeed_kmh": 40.0, "length_km": 0.0152505924635821 }, "geometry": { "type": "LineString", "coordinates": [ [ 138.6347881, -34.8970487 ], [ 138.6347039, -34.8971663 ] ] } },
{ "type": "Feature", "properties": { "osm_id": "177506302", "road_name": "Second Avenue", "highway": "residential", "maxspeed_kmh": 40.0, "length_km": 0.015815906998908731 }, "geometry": { "type": "LineString", "coordinates": [ [ 138.6347039, -34.8971663 ], [ 138.6347183, -34.8970252 ] ] } },
{ "type": "Feature", "properties": { "osm_id": "177506303", "road_name": "Second Avenue", "highway": "residential", "maxspeed_kmh": 40.0, "length_km": 0.015112562948573192 }, "geometry": { "type": "LineString", "coordinates": [ [ 138.628513700000013, -34.9046982 ], [ 138.6286304, -34.904603 ] ] } },
{ "type": "Feature", "properties": { "osm_id": "177506304", "road_name": "Second Avenue", "highway": "residential", "maxspeed_kmh": 40.0, "length_km": 0.022375608748588662 }, "geometry": { "type": "LineString", "coordinates": [ [ 138.6317089, -34.9009858 ], [ 138.6317799, -34.9007945 ] ] } },
{ "type": "Feature", "properties": { "osm_id": "177506305", "road_name": "Second Avenue", "highway": "residential", "maxspeed_kmh": 40.0, "length_km": 0.017027679658658132 }, "geometry": { "type": "LineString", "coordinates": [ [ 138.6318406, -34.9006915 ], [ 138.6319523, -34.9005705 ] ] } },
{ "type": "Feature", "properties": { "osm_id": "177506306", "road_name": "Second Avenue", "highway": "residential", "maxspeed_kmh": 40.0, "length_km": 0.016036923682442208 }, "geometry": { "type": "LineString", "coordinates": [ [ 138.6286304, -34.904603 ], [ 138.628564800000021, -34.9047348 ] ] } },
{ "type": "Feature", "properties": { "osm_id": "177506307", "road_name": "Second Avenue", "highway": "residential", "maxspeed_kmh": 40.0, "length_km": 0.016456647037112186 }, "geometry": { "type": "LineString", "coordinates": [ [ 138.6319523, -34.9005705 ], [ 138.631895899999989, -34.9007103 ] ] } },
{ "type": "Feature", "properties": { "osm_id": "177506308", "road_name": "Second Avenue", "highway": "residential", "maxspeed_kmh": 40.0, "length_km": 0.023020495285002201 }, "geometry": { "type": "LineString", "coordinates": [ [ 138.6318406, -34.900818799999989 ], [ 138.6317089, -34.9009858 ] ] } },
{ "type": "Feature", "properties": { "osm_id": "177506309", "road_name": "Second Avenue", "highway": "residential", "maxspeed_kmh": 40.0, "length_km": 0.49346877106954262 }, "geometry": { "type": "LineString", "coordinates": [ [ 138.6317089, -34.9009858 ], [ 138.6286304, -34.904603 ] ] } },
{ "type": "Feature", "properties": { "osm_id": "177506310", "road_name": "Second Avenue", "highway": "residential", "maxspeed_kmh": 40.0, "length_km": 0.17110157206037876 }, "geometry": { "type": "LineString", "coordinates": [ [ 138.628284799999989, -34.905025799999983 ], [ 138.6272148, -34.9062786 ] ] } },
{ "type": "Feature", "properties": { "osm_id": "177506312", "road_name": "Victor Street", "highway": "residential", "maxspeed_kmh": 40.0, "length_km": 0.18690238867111106 }, "geometry": { "type": "LineString", "coordinates": [ [ 138.6349241, -34.9084629 ], [ 138.6369489, -34.908330199999988 ] ] } },
{ "type": "Feature", "properties": { "osm_id": "177506313", "road_name": "Wellesley Avenue", "highway": "residential", "maxspeed_kmh": 40.0, "length_km": 0.25359086601530212 }, "geometry": { "type": "LineString", "coordinates": [ [ 138.63718990000001, -34.9029113 ], [ 138.637358400000011, -34.9051774 ] ] } },
{ "type": "Feature", "properties": { "osm_id": "177506314", "road_name": "Wells Street", "highway": "residential", "maxspeed_kmh": 40.0, "length_km": 0.43686001453790585 }, "geometry": { "type": "LineString", "coordinates": [ [ 138.6314743, -34.9116128 ], [ 138.6333747, -34.914679 ], [ 138.6334235, -34.9151425 ] ] } },
{ "type": "Feature", "properties": { "osm_id": "177506315", "road_name": "West Street", "highway": "residential", "maxspeed_kmh": 40.0, "length_km": 0.24509543447202761 }, "geometry": { "type": "LineString", "coordinates": [ [ 138.6335554, -34.9058977 ], [ 138.631994, -34.9076728 ] ] } },
{ "type": "Feature", "properties": { "osm_id": "177506316", "road_name": "Winchester Street", "highway": "residential", "maxspeed_kmh": 40.0, "length_km": 0.016362376049910712 }, "geometry": { "type": "LineString", "coordinates": [ [ 138.626523100000014, -34.903565 ], [ 138.6266364, -34.9036779 ] ] } },
{ "type": "Feature", "properties": { "osm_id": "177506317", "road_name": "Winchester Street", "highway": "residential", "maxspeed_kmh": 40.0, "length_km": 0.020716994416374212 }, "geometry": { "type": "LineString", "coordinates": [ [ 138.625646500000016, -34.9030861 ], [ 138.6254437, -34.9030168 ] ] } },
{ "type": "Feature", "properties": { "osm_id": "177506318", "road_name": "Winchester Street", "highway": "residential", "maxspeed_kmh": 40.0, "length_km": 0.022533160957278225 }, "geometry": { "type": "LineString", "coordinates": [ [ 138.6263357, -34.9035384 ], [ 138.6261671, -34.9033921 ] ] } },
{ "type": "Feature", "properties": { "osm_id": "177506319", "road_name": "Winchester Street", "highway": "residential", "maxspeed_kmh": 40.0, "length_km": 0.033230164540517415 }, "geometry": { "type": "LineString", "coordinates": [ [ 138.6271049, -34.9039627 ], [ 138.6274267, -34.9040977 ] ] } },
{ "type": "Feature", "properties": { "osm_id": "177506321", "road_name": "Winchester Street", "highway": "residential", "maxspeed_kmh": 40.0, "length_km": 0.027154714970431711 }, "geometry": { "type": "LineString", "coordinates": [ [ 138.628384399999987, -34.9047707 ], [ 138.6281744, -34.904599899999987 ] ] } },
{ "type": "Feature", "properties": { "osm_id": "177506323", "road_name": "Winchester Street", "highway": "residential", "maxspeed_kmh": 40.0, "length_km": 0.045806357697993218 }, "geometry": { "type": "LineString", "coordinates": [ [ 138.6209692, -34.9003132 ], [ 138.620566200000013, -34.9000725 ] ] } },
{ "type": "Feature", "properties": { "osm_id": "177506325", "road_name": "Winchester Street", "highway": "residential", "maxspeed_kmh": 40.0, "length_km": 0.024650490513637897 }, "geometry": { "type": "LineString", "coordinates": [ [ 138.6222364, -34.9010935 ], [ 138.6220342, -34.9009535 ] ] } },
{ "type": "Feature", "properties": { "osm_id": "177506328", "road_name": "Winchester Street", "highway": "residential", "maxspeed_kmh": 40.0, "length_km": 0.029087354338097199 }, "geometry": { "type": "LineString", "coordinates": [ [ 138.6212057, -34.9004845 ], [ 138.6209692, -34.9003132 ] ] } },
{ "type": "Feature", "properties": { "osm_id": "177506331", "road_name": "Winchester Street", "highway": "residential", "maxspeed_kmh": 40.0, "length_km": 0.0164364734457439 }, "geometry": { "type": "LineString", "coordinates": [ [ 138.6266364, -34.9036779 ], [ 138.6264701, -34.9036242 ] ] } },
{ "type": "Feature", "properties": { "osm_id": "177506333", "road_name": "Winchester Street", "highway": "residential", "maxspeed_kmh": 40.0, "length_km": 0.026883806785524433 }, "geometry": { "type": "LineString", "coordinates": [ [ 138.6281744, -34.904599899999987 ], [ 138.6284397, -34.9047007 ] ] } },
{ "type": "Feature", "properties": { "osm_id": "177506334", "road_name": "Winchester Street", "highway": "residential", "maxspeed_kmh": 40.0, "length_km": 0.020773209505091601 }, "geometry": { "type": "LineString", "coordinates": [ [ 138.6254968, -34.9029469 ], [ 138.625646500000016, -34.9030861 ] ] } },
{ "type": "Feature", "properties": { "osm_id": "177506335", "road_name": "Winchester Street", "highway": "residential", "maxspeed_kmh": 40.0, "length_km": 0.024634506926937486 }, "geometry": { "type": "LineString", "coordinates": [ [ 138.6275512, -34.9041706 ], [ 138.6277287, -34.9043357 ] ] } },
{ "type": "Feature", "properties": { "osm_id": "177506341", "road_name": "Winchester Street", "highway": "residential", "maxspeed_kmh": 40.0, "length_km": 0.043617277671542595 }, "geometry": { "type": "LineString", "coordinates": [ [ 138.6220342, -34.9009535 ], [ 138.621649100000013, -34.9007264 ] ] } },
{ "type": "Feature", "properties": { "osm_id": "177506342", "road_name": "Winchester Street", "highway": "residential", "maxspeed_kmh": 40.0, "length_km": 0.032227112181320933 }, "geometry": { "type": "LineString", "coordinates": [ [ 138.627363800000012, -34.904157 ], [ 138.6271049, -34.9039627 ] ] } },
{ "type": "Feature", "properties": { "osm_id": "177506343", "road_name": "Winchester Street", "highway": "residential", "maxspeed_kmh": 40.0, "length_km": 0.025073704584966418 }, "geometry": { "type": "LineString", "coordinates": [ [ 138.6277287, -34.9043357 ], [ 138.627478599999989, -34.9042466 ] ] } },
{ "type": "Feature", "properties": { "osm_id": "177506344", "road_name": "Winchester Street", "highway": "residential", "maxspeed_kmh": 40.0, "length_km": 0.018093661041882758 }, "geometry": { "type": "LineString", "coordinates": [ [ 138.6232569, -34.9017068 ], [ 138.62312510000001, -34.901586599999987 ] ] } },
{ "type": "Feature", "properties": { "osm_id": "177506345", "road_name": "Winchester Street", "highway": "residential", "maxspeed_kmh": 40.0, "length_km": 0.028350236875305475 }, "geometry": { "type": "LineString", "coordinates": [ [ 138.620566200000013, -34.9000725 ], [ 138.620289, -34.8999621 ] ] } },
{ "type": "Feature", "properties": { "osm_id": "177506351", "road_name": "Winchester Street", "highway": "residential", "maxspeed_kmh": 40.0, "length_km": 0.027152965130215319 }, "geometry": { "type": "LineString", "coordinates": [ [ 138.6203635, -34.899896 ], [ 138.620566200000013, -34.9000725 ] ] } },
{ "type": "Feature", "properties": { "osm_id": "177506353", "road_name": "Winchester Street", "highway": "residential", "maxspeed_kmh": 40.0, "length_km": 0.034074647886830116 }, "geometry": { "type": "LineString", "coordinates": [ [ 138.621391100000011, -34.9005086 ], [ 138.621649100000013, -34.9007264 ] ] } },
{ "type": "Feature", "properties": { "osm_id": "177506354", "road_name": "Winchester Street", "highway": "residential", "maxspeed_kmh": 40.0, "length_km": 0.018917768361177912 }, "geometry": { "type": "LineString", "coordinates": [ [ 138.6287017, -34.9049 ], [ 138.6285062, -34.9048476 ] ] } },
{ "type": "Feature", "properties": { "osm_id": "177506357", "road_name": "Winchester Street", "highway": "residential", "maxspeed_kmh": 40.0, "length_km": 0.022581199936931761 }, "geometry": { "type": "LineString", "coordinates": [ [ 138.6261671, -34.9033921 ], [ 138.62638530000001, -34.9034846 ] ] } },
{ "type": "Feature", "properties": { "osm_id": "177506358", "road_name": "Winchester Street", "highway": "residential", "maxspeed_kmh": 40.0, "length_km": 0.01849756565947706 }, "geometry": { "type": "LineString", "coordinates": [ [ 138.628576100000032, -34.9047707 ], [ 138.6287017, -34.9049 ] ] } },
{ "type": "Feature", "properties": { "osm_id": "177506360", "road_name": "Winchester Street", "highway": "residential", "maxspeed_kmh": 40.0, "length_km": 0.034107261294896107 }, "geometry": { "type": "LineString", "coordinates": [ [ 138.621649100000013, -34.9007264 ], [ 138.6213319, -34.9005692 ] ] } },
{ "type": "Feature", "properties": { "osm_id": "177506361", "road_name": "Winchester Street", "highway": "residential", "maxspeed_kmh": 40.0, "length_km": 0.016727666138586009 }, "geometry": { "type": "LineString", "coordinates": [ [ 138.62530910000001, -34.90293040000001 ], [ 138.625192199999987, -34.9028196 ] ] } },
{ "type": "Feature", "properties": { "osm_id": "177506368", "road_name": "Winchester Street", "highway": "residential", "maxspeed_kmh": 40.0, "length_km": 0.057275558778181579 }, "geometry": { "type": "LineString", "coordinates": [ [ 138.6241852, -34.9022147 ], [ 138.623674, -34.9019226 ] ] } },
{ "type": "Feature", "properties": { "osm_id": "177506370", "road_name": "Winchester Street", "highway": "residential", "maxspeed_kmh": 40.0, "length_km": 0.027981016693165554 }, "geometry": { "type": "LineString", "coordinates": [ [ 138.620173300000033, -34.8998859 ], [ 138.619959200000011, -34.899711699999983 ] ] } },
{ "type": "Feature", "properties": { "osm_id": "177506371", "road_name": "Winchester Street", "highway": "residential", "maxspeed_kmh": 40.0, "length_km": 0.066280460598930044 }, "geometry": { "type": "LineString", "coordinates": [ [ 138.62312510000001, -34.901586599999987 ], [ 138.6225425, -34.9012377 ] ] } },
{ "type": "Feature", "properties": { "osm_id": "177506372", "road_name": "Winchester Street", "highway": "residential", "maxspeed_kmh": 40.0, "length_km": 0.016868534683593252 }, "geometry": { "type": "LineString", "coordinates": [ [ 138.62430040000001, -34.9023319 ], [ 138.6241852, -34.9022147 ] ] } },
{ "type": "Feature", "properties": { "osm_id": "177506373", "road_name": "Winchester Street", "highway": "residential", "maxspeed_kmh": 40.0, "length_km": 0.058849080965316179 }, "geometry": { "type": "LineString", "coordinates": [ [ 138.6261671, -34.9033921 ], [ 138.625646500000016, -34.9030861 ] ] } },
{ "type": "Feature", "properties": { "osm_id": "177506374", "road_name": "Winchester Street", "highway": "residential", "maxspeed_kmh": 40.0, "length_km": 0.017042866546648404 }, "geometry": { "type": "LineString", "coordinates": [ [ 138.6244567, -34.9023239 ], [ 138.6245701, -34.9024444 ] ] } },
{ "type": "Feature", "properties": { "osm_id": "177506375", "road_name": "Winchester Street", "highway": "residential", "maxspeed_kmh": 40.0, "length_km": 0.017194052823397123 }, "geometry": { "type": "LineString", "coordinates": [ [ 138.625192199999987, -34.9028196 ], [ 138.6253659, -34.9028748 ] ] } },
{ "type": "Feature", "properties": { "osm_id": "177506376", "road_name": "Winchester Street", "highway": "residential", "maxspeed_kmh": 40.0, "length_km": 0.030308588446588038 }, "geometry": { "type": "LineString", "coordinates": [ [ 138.6234456, -34.9017273 ], [ 138.623674, -34.9019226 ] ] } },
{ "type": "Feature", "properties": { "osm_id": "177506377", "road_name": "Winchester Street", "highway": "residential", "maxspeed_kmh": 40.0, "length_km": 0.11503271689626013 }, "geometry": { "type": "LineString", "coordinates": [ [ 138.6307424, -34.9061266 ], [ 138.62973740000001, -34.9055141 ] ] } },
{ "type": "Feature", "properties": { "osm_id": "177506378", "road_name": "Winchester Street", "highway": "residential", "maxspeed_kmh": 40.0, "length_km": 0.01860411399211381 }, "geometry": { "type": "LineString", "coordinates": [ [ 138.6225425, -34.9012377 ], [ 138.622354300000012, -34.90118180000001 ] ] } },
{ "type": "Feature", "properties": { "osm_id": "177506379", "road_name": "Winchester Street", "highway": "residential", "maxspeed_kmh": 40.0, "length_km": 0.06866511453165941 }, "geometry": { "type": "LineString", "coordinates": [ [ 138.6293078, -34.9052586 ], [ 138.6287017, -34.9049 ] ] } },
{ "type": "Feature", "properties": { "osm_id": "177506380", "road_name": "Winchester Street", "highway": "residential", "maxspeed_kmh": 40.0, "length_km": 0.02730794283857306 }, "geometry": { "type": "LineString", "coordinates": [ [ 138.619959200000011, -34.899711699999983 ], [ 138.6202265, -34.8998172 ] ] } },
{ "type": "Feature", "properties": { "osm_id": "177506381", "road_name": "Winchester Street", "highway": "residential", "maxspeed_kmh": 40.0, "length_km": 0.070947399775291783 }, "geometry": { "type": "LineString", "coordinates": [ [ 138.625192199999987, -34.9028196 ], [ 138.6245701, -34.9024444 ] ] } },
{ "type": "Feature", "properties": { "osm_id": "177506382", "road_name": "Winchester Street", "highway": "residential", "maxspeed_kmh": 40.0, "length_km": 0.030000603059629573 }, "geometry": { "type": "LineString", "coordinates": [ [ 138.623674, -34.9019226 ], [ 138.6233923, -34.9017883 ] ] } },
{ "type": "Feature", "properties": { "osm_id": "177506385", "road_name": "Winchester Street", "highway": "residential", "maxspeed_kmh": 40.0, "length_km": 0.016811087464560229 }, "geometry": { "type": "LineString", "coordinates": [ [ 138.6245701, -34.9024444 ], [ 138.624398, -34.9023943 ] ] } },
{ "type": "Feature", "properties": { "osm_id": "177506386", "road_name": "Winchester Street", "highway": "residential", "maxspeed_kmh": 40.0, "length_km": 0.016228694910848787 }, "geometry": { "type": "LineString", "coordinates": [ [ 138.6241852, -34.9022147 ], [ 138.6243465, -34.9022734 ] ] } },
{ "type": "Feature", "properties": { "osm_id": "177506388", "road_name": "Winchester Street", "highway": "residential", "maxspeed_kmh": 40.0, "length_km": 0.053581408049305466 }, "geometry": { "type": "LineString", "coordinates": [ [ 138.6271049, -34.9039627 ], [ 138.6266364, -34.9036779 ] ] } },
{ "type": "Feature", "properties": { "osm_id": "177506389", "road_name": "Winchester Street", "highway": "residential", "maxspeed_kmh": 40.0, "length_km": 0.016979377498228063 }, "geometry": { "type": "LineString", "coordinates": [ [ 138.62242280000001, -34.9011223 ], [ 138.6225425, -34.9012377 ] ] } },
{ "type": "Feature", "properties": { "osm_id": "177506390", "road_name": "Winchester Street", "highway": "residential", "maxspeed_kmh": 40.0, "length_km": 0.01815776795138677 }, "geometry": { "type": "LineString", "coordinates": [ [ 138.62312510000001, -34.901586599999987 ], [ 138.62330750000001, -34.9016486 ] ] } },
{ "type": "Feature", "properties": { "osm_id": "177506391", "road_name": "Winchester Street", "highway": "residential", "maxspeed_kmh": 40.0, "length_km": 0.028342523068997871 }, "geometry": { "type": "LineString", "coordinates": [ [ 138.6209692, -34.9003132 ], [ 138.6212373, -34.9004379 ] ] } },
{ "type": "Feature", "properties": { "osm_id": "177506392", "road_name": "Winchester Street", "highway": "residential", "maxspeed_kmh": 40.0, "length_km": 0.025082359524082661 }, "geometry": { "type": "LineString", "coordinates": [ [ 138.6220342, -34.9009535 ], [ 138.6222871, -34.9010372 ] ] } },
{ "type": "Feature", "properties": { "osm_id": "177506393", "road_name": "Winchester Street", "highway": "residential", "maxspeed_kmh": 40.0, "length_km": 0.050527082342197459 }, "geometry": { "type": "LineString", "coordinates": [ [ 138.6281744, -34.904599899999987 ], [ 138.6277287, -34.9043357 ] ] } },
{ "type": "Feature", "properties": { "osm_id": "177506394", "road_name": "Winchester Street", "highway": "residential", "maxspeed_kmh": 40.0, "length_km": 0.081273639493961672 }, "geometry": { "type": "LineString", "coordinates": [ [ 138.619959200000011, -34.899711699999983 ], [ 138.619305300000036, -34.8992438 ] ] } },
{ "type": "Feature", "properties": { "osm_id": "177506397", "road_name": null, "highway": "residential", "maxspeed_kmh": 40.0, "length_km": 0.038943887688260431 }, "geometry": { "type": "LineString", "coordinates": [ [ 138.633841, -34.907715 ], [ 138.633753500000012, -34.9077443 ], [ 138.6337172, -34.9076689 ], [ 138.6338027, -34.907640399999984 ], [ 138.633841, -34.907715 ] ] } },
{ "type": "Feature", "properties": { "osm_id": "177506401", "road_name": "Dover Street", "highway": "residential", "maxspeed_kmh": 40.0, "length_km": 0.021868350759544783 }, "geometry": { "type": "LineString", "coordinates": [ [ 138.637339700000012, -34.9123294 ], [ 138.6375756, -34.9123533 ] ] } },
{ "type": "Feature", "properties": { "osm_id": "177506422", "road_name": null, "highway": "residential", "maxspeed_kmh": 40.0, "length_km": 0.048986175680888644 }, "geometry": { "type": "LineString", "coordinates": [ [ 138.638618400000013, -34.91799240000001 ], [ 138.638497300000012, -34.9179925 ], [ 138.6384976, -34.9178933 ], [ 138.6386182, -34.9178935 ], [ 138.638618400000013, -34.91799240000001 ] ] } },
{ "type": "Feature", "properties": { "osm_id": "177506428", "road_name": null, "highway": "residential", "maxspeed_kmh": 40.0, "length_km": 0.050290111367288615 }, "geometry": { "type": "LineString", "coordinates": [ [ 138.637142800000021, -34.9100679 ], [ 138.6370128, -34.9100699 ], [ 138.637004600000012, -34.9099802 ], [ 138.6371292, -34.9099635 ], [ 138.637142800000021, -34.9100679 ] ] } },
{ "type": "Feature", "properties": { "osm_id": "177506437", "road_name": null, "highway": "residential", "maxspeed_kmh": 40.0, "length_km": 0.049032071278754398 }, "geometry": { "type": "LineString", "coordinates": [ [ 138.6364342, -34.9180961 ], [ 138.6363289, -34.9181213 ], [ 138.6362873, -34.9180254 ], [ 138.6364141, -34.9180011 ], [ 138.6364342, -34.9180961 ] ] } },
{ "type": "Feature", "properties": { "osm_id": "177506444", "road_name": null, "highway": "residential", "maxspeed_kmh": 40.0, "length_km": 0.050647541066123972 }, "geometry": { "type": "LineString", "coordinates": [ [ 138.6373266, -34.9124222 ], [ 138.637202800000011, -34.9124191 ], [ 138.637209399999989, -34.9123148 ], [ 138.637331499999988, -34.912320900000012 ], [ 138.6373266, -34.9124222 ] ] } },
{ "type": "Feature", "properties": { "osm_id": "177506445", "road_name": null, "highway": "residential", "maxspeed_kmh": 40.0, "length_km": 0.054496746568878783 }, "geometry": { "type": "LineString", "coordinates": [ [ 138.621366599999988, -34.9005517 ], [ 138.621231200000011, -34.900553 ], [ 138.6212373, -34.9004379 ], [ 138.6213659, -34.9004425 ], [ 138.621366599999988, -34.9005517 ] ] } },
{ "type": "Feature", "properties": { "osm_id": "177506448", "road_name": null, "highway": "residential", "maxspeed_kmh": 40.0, "length_km": 0.050481278754021169 }, "geometry": { "type": "LineString", "coordinates": [ [ 138.634246, -34.9125642 ], [ 138.634121599999986, -34.9125642 ], [ 138.6341214, -34.9124621 ], [ 138.6342462, -34.912462 ], [ 138.634246, -34.9125642 ] ] } },
{ "type": "Feature", "properties": { "osm_id": "177506451", "road_name": null, "highway": "residential", "maxspeed_kmh": 40.0, "length_km": 0.049456596648862823 }, "geometry": { "type": "LineString", "coordinates": [ [ 138.624781, -34.8965242 ], [ 138.624693400000041, -34.8966016 ], [ 138.6246095, -34.8965385 ], [ 138.624701, -34.8964604 ], [ 138.624781, -34.8965242 ] ] } },
{ "type": "Feature", "properties": { "osm_id": "177506458", "road_name": null, "highway": "residential", "maxspeed_kmh": 40.0, "length_km": 0.0491308313029594 }, "geometry": { "type": "LineString", "coordinates": [ [ 138.6342473, -34.9181985 ], [ 138.6341323, -34.918208 ], [ 138.6341205, -34.918104599999985 ], [ 138.6342368, -34.9180972 ], [ 138.6342473, -34.9181985 ] ] } },
{ "type": "Feature", "properties": { "osm_id": "177551604", "road_name": "Alford Road", "highway": "residential", "maxspeed_kmh": 40.0, "length_km": 0.11518414044082534 }, "geometry": { "type": "LineString", "coordinates": [ [ 138.6566161, -34.8905191 ], [ 138.6555257, -34.8909668 ] ] } },
{ "type": "Feature", "properties": { "osm_id": "177646135", "road_name": "Addison Avenue", "highway": "residential", "maxspeed_kmh": 40.0, "length_km": 0.017737296139253643 }, "geometry": { "type": "LineString", "coordinates": [ [ 138.63018790000001, -34.8953463 ], [ 138.630276400000014, -34.8952056 ] ] } },
{ "type": "Feature", "properties": { "osm_id": "177646136", "road_name": "Addison Avenue", "highway": "residential", "maxspeed_kmh": 40.0, "length_km": 0.11201058284976356 }, "geometry": { "type": "LineString", "coordinates": [ [ 138.630745600000012, -34.8942803 ], [ 138.630276400000014, -34.8952056 ] ] } },
{ "type": "Feature", "properties": { "osm_id": "177646137", "road_name": "Addison Avenue", "highway": "residential", "maxspeed_kmh": 40.0, "length_km": 0.12125374143587564 }, "geometry": { "type": "LineString", "coordinates": [ [ 138.6312317, -34.893271399999989 ], [ 138.630745600000012, -34.8942803 ] ] } },
{ "type": "Feature", "properties": { "osm_id": "177646138", "road_name": "Addison Avenue", "highway": "residential", "maxspeed_kmh": 40.0, "length_km": 0.017177537435797276 }, "geometry": { "type": "LineString", "coordinates": [ [ 138.630276400000014, -34.8952056 ], [ 138.630242399999986, -34.89535630000001 ] ] } },
{ "type": "Feature", "properties": { "osm_id": "177646140", "road_name": "Battams Road", "highway": "residential", "maxspeed_kmh": 40.0, "length_km": 0.021518688594468028 }, "geometry": { "type": "LineString", "coordinates": [ [ 138.630107, -34.8954371 ], [ 138.6299368, -34.895305 ] ] } },
{ "type": "Feature", "properties": { "osm_id": "177646141", "road_name": "Battams Road", "highway": "residential", "maxspeed_kmh": 40.0, "length_km": 0.020349278958510353 }, "geometry": { "type": "LineString", "coordinates": [ [ 138.6299368, -34.895305 ], [ 138.63014960000001, -34.8953545 ] ] } },
{ "type": "Feature", "properties": { "osm_id": "177646142", "road_name": "Battams Road", "highway": "residential", "maxspeed_kmh": 40.0, "length_km": 0.021340846599791376 }, "geometry": { "type": "LineString", "coordinates": [ [ 138.6304638, -34.8955145 ], [ 138.6302349, -34.8954839 ] ] } },
{ "type": "Feature", "properties": { "osm_id": "177646143", "road_name": "Battams Road", "highway": "residential", "maxspeed_kmh": 40.0, "length_km": 0.020690059426128372 }, "geometry": { "type": "LineString", "coordinates": [ [ 138.630282200000011, -34.8954053 ], [ 138.6304638, -34.8955145 ] ] } },
{ "type": "Feature", "properties": { "osm_id": "177646147", "road_name": "Eighth Avenue", "highway": "residential", "maxspeed_kmh": 40.0, "length_km": 0.020052274311820176 }, "geometry": { "type": "LineString", "coordinates": [ [ 138.6192127, -34.9048081 ], [ 138.619074500000011, -34.9049469 ] ] } },
{ "type": "Feature", "properties": { "osm_id": "177646149", "road_name": "Eighth Avenue", "highway": "residential", "maxspeed_kmh": 40.0, "length_km": 0.018304036986660284 }, "geometry": { "type": "LineString", "coordinates": [ [ 138.6224875, -34.9009207 ], [ 138.6224119, -34.9010674 ] ] } },
{ "type": "Feature", "properties": { "osm_id": "177646150", "road_name": "Eighth Avenue", "highway": "residential", "maxspeed_kmh": 40.0, "length_km": 0.014865139713306212 }, "geometry": { "type": "LineString", "coordinates": [ [ 138.619356700000026, -34.9045919 ], [ 138.619286100000011, -34.9047116 ] ] } },
{ "type": "Feature", "properties": { "osm_id": "177646151", "road_name": "Eighth Avenue", "highway": "residential", "maxspeed_kmh": 40.0, "length_km": 0.015122567233860825 }, "geometry": { "type": "LineString", "coordinates": [ [ 138.619234799999987, -34.9046827 ], [ 138.619356700000026, -34.9045919 ] ] } },
{ "type": "Feature", "properties": { "osm_id": "177646152", "road_name": "Eighth Avenue", "highway": "residential", "maxspeed_kmh": 40.0, "length_km": 0.021025918669230124 }, "geometry": { "type": "LineString", "coordinates": [ [ 138.619074500000011, -34.9049469 ], [ 138.6191474, -34.9047685 ] ] } },
{ "type": "Feature", "properties": { "osm_id": "177646153", "road_name": "Eighth Avenue", "highway": "residential", "maxspeed_kmh": 40.0, "length_km": 0.018033931757503334 }, "geometry": { "type": "LineString", "coordinates": [ [ 138.6223469, -34.9010301 ], [ 138.6224875, -34.9009207 ] ] } },
{ "type": "Feature", "properties": { "osm_id": "177646154", "road_name": "Eighth Avenue", "highway": "residential", "maxspeed_kmh": 40.0, "length_km": 0.019545433764977943 }, "geometry": { "type": "LineString", "coordinates": [ [ 138.6223041, -34.9011815 ], [ 138.6221603, -34.901309 ] ] } },
{ "type": "Feature", "properties": { "osm_id": "177646155", "road_name": "Eighth Avenue", "highway": "residential", "maxspeed_kmh": 40.0, "length_km": 0.020874429990352283 }, "geometry": { "type": "LineString", "coordinates": [ [ 138.6221603, -34.901309 ], [ 138.6222415, -34.9011348 ] ] } },
{ "type": "Feature", "properties": { "osm_id": "177646156", "road_name": "Eighth Avenue", "highway": "residential", "maxspeed_kmh": 40.0, "length_km": 0.44843214445365193 }, "geometry": { "type": "LineString", "coordinates": [ [ 138.6221603, -34.901309 ], [ 138.619356700000026, -34.9045919 ] ] } },
{ "type": "Feature", "properties": { "osm_id": "177646157", "road_name": "Eighth Avenue", "highway": "residential", "maxspeed_kmh": 40.0, "length_km": 0.51520340598977965 }, "geometry": { "type": "LineString", "coordinates": [ [ 138.625684799999988, -34.8971346 ], [ 138.6224875, -34.9009207 ] ] } },
{ "type": "Feature", "properties": { "osm_id": "177646158", "road_name": "Fifth Avenue", "highway": "residential", "maxspeed_kmh": 40.0, "length_km": 0.019373708151097881 }, "geometry": { "type": "LineString", "coordinates": [ [ 138.6255722, -34.9027485 ], [ 138.6254822, -34.9029053 ] ] } },
{ "type": "Feature", "properties": { "osm_id": "177646161", "road_name": "Fifth Avenue", "highway": "residential", "maxspeed_kmh": 40.0, "length_km": 0.018111718837341601 }, "geometry": { "type": "LineString", "coordinates": [ [ 138.625383199999987, -34.9030232 ], [ 138.625243, -34.903137 ] ] } },
{ "type": "Feature", "properties": { "osm_id": "177646162", "road_name": "Fifth Avenue", "highway": "residential", "maxspeed_kmh": 40.0, "length_km": 0.019489720361687123 }, "geometry": { "type": "LineString", "coordinates": [ [ 138.6254209, -34.9028706 ], [ 138.6255722, -34.9027485 ] ] } },
{ "type": "Feature", "properties": { "osm_id": "177646163", "road_name": "Fifth Avenue", "highway": "residential", "maxspeed_kmh": 40.0, "length_km": 0.018454898627210441 }, "geometry": { "type": "LineString", "coordinates": [ [ 138.625243, -34.903137 ], [ 138.6253184, -34.9029839 ] ] } },
{ "type": "Feature", "properties": { "osm_id": "177646166", "road_name": "Fifth Avenue", "highway": "residential", "maxspeed_kmh": 40.0, "length_km": 0.19238298702362161 }, "geometry": { "type": "LineString", "coordinates": [ [ 138.6267669, -34.9013351 ], [ 138.6255722, -34.9027485 ] ] } },
{ "type": "Feature", "properties": { "osm_id": "177646167", "road_name": "Fifth Avenue", "highway": "residential", "maxspeed_kmh": 40.0, "length_km": 0.22546498712334059 }, "geometry": { "type": "LineString", "coordinates": [ [ 138.6212453, -34.907862 ], [ 138.619826100000012, -34.9095074 ] ] } },
{ "type": "Feature", "properties": { "osm_id": "177646168", "road_name": "Fifth Avenue", "highway": "residential", "maxspeed_kmh": 40.0, "length_km": 0.58756016634055885 }, "geometry": { "type": "LineString", "coordinates": [ [ 138.625243, -34.903137 ], [ 138.6215865, -34.907449 ] ] } },
{ "type": "Feature", "properties": { "osm_id": "177646169", "road_name": "Koolaman Street", "highway": "residential", "maxspeed_kmh": 40.0, "length_km": 0.020925052503644015 }, "geometry": { "type": "LineString", "coordinates": [ [ 138.622366600000021, -34.8977408 ], [ 138.622169, -34.8976488 ] ] } },
{ "type": "Feature", "properties": { "osm_id": "177646170", "road_name": "Koolaman Street", "highway": "residential", "maxspeed_kmh": 40.0, "length_km": 0.026045451557507055 }, "geometry": { "type": "LineString", "coordinates": [ [ 138.6220633, -34.8975925 ], [ 138.6218541, -34.8974356 ] ] } },
{ "type": "Feature", "properties": { "osm_id": "177646171", "road_name": "Koolaman Street", "highway": "residential", "maxspeed_kmh": 40.0, "length_km": 0.020347821176815363 }, "geometry": { "type": "LineString", "coordinates": [ [ 138.6222081, -34.897615799999983 ], [ 138.622366600000021, -34.8977408 ] ] } },
{ "type": "Feature", "properties": { "osm_id": "177646172", "road_name": "Koolaman Street", "highway": "residential", "maxspeed_kmh": 40.0, "length_km": 0.025477233300264076 }, "geometry": { "type": "LineString", "coordinates": [ [ 138.6218541, -34.8974356 ], [ 138.6221008, -34.8975391 ] ] } },
{ "type": "Feature", "properties": { "osm_id": "177646174", "road_name": "Ninth Avenue", "highway": "residential", "maxspeed_kmh": 40.0, "length_km": 0.037017943022182247 }, "geometry": { "type": "LineString", "coordinates": [ [ 138.6215712, -34.9001741 ], [ 138.6213866, -34.9004684 ] ] } },
{ "type": "Feature", "properties": { "osm_id": "177646175", "road_name": "Ninth Avenue", "highway": "residential", "maxspeed_kmh": 40.0, "length_km": 0.0412545544737217 }, "geometry": { "type": "LineString", "coordinates": [ [ 138.6212988, -34.9005755 ], [ 138.621002800000014, -34.9008524 ] ] } },
{ "type": "Feature", "properties": { "osm_id": "177646176", "road_name": "Ninth Avenue", "highway": "residential", "maxspeed_kmh": 40.0, "length_km": 0.035945665263524489 }, "geometry": { "type": "LineString", "coordinates": [ [ 138.621325899999988, -34.9004236 ], [ 138.6215712, -34.9001741 ] ] } },
{ "type": "Feature", "properties": { "osm_id": "177646177", "road_name": "Ninth Avenue", "highway": "residential", "maxspeed_kmh": 40.0, "length_km": 0.041702369047103637 }, "geometry": { "type": "LineString", "coordinates": [ [ 138.621002800000014, -34.9008524 ], [ 138.621208, -34.9005201 ] ] } },
{ "type": "Feature", "properties": { "osm_id": "177646178", "road_name": "Ninth Avenue", "highway": "residential", "maxspeed_kmh": 40.0, "length_km": 0.031110624560621247 }, "geometry": { "type": "LineString", "coordinates": [ [ 138.6246668, -34.8964641 ], [ 138.624911, -34.8962716 ] ] } },
{ "type": "Feature", "properties": { "osm_id": "177646179", "road_name": "Ninth Avenue", "highway": "residential", "maxspeed_kmh": 40.0, "length_km": 0.021463035103530807 }, "geometry": { "type": "LineString", "coordinates": [ [ 138.6247208, -34.8965985 ], [ 138.6245357, -34.8967126 ] ] } },
{ "type": "Feature", "properties": { "osm_id": "177646180", "road_name": "Ninth Avenue", "highway": "residential", "maxspeed_kmh": 40.0, "length_km": 0.029466725549576259 }, "geometry": { "type": "LineString", "coordinates": [ [ 138.624911, -34.8962716 ], [ 138.624777599999987, -34.8965103 ] ] } },
{ "type": "Feature", "properties": { "osm_id": "177646181", "road_name": "Ninth Avenue", "highway": "residential", "maxspeed_kmh": 40.0, "length_km": 0.017874102297558231 }, "geometry": { "type": "LineString", "coordinates": [ [ 138.6245357, -34.8967126 ], [ 138.6246231, -34.8965697 ] ] } },
{ "type": "Feature", "properties": { "osm_id": "177646182", "road_name": "Ninth Avenue", "highway": "residential", "maxspeed_kmh": 40.0, "length_km": 0.19171120179921586 }, "geometry": { "type": "LineString", "coordinates": [ [ 138.6245357, -34.8967126 ], [ 138.6233538, -34.8981257 ] ] } },
{ "type": "Feature", "properties": { "osm_id": "177646183", "road_name": "River Street", "highway": "residential", "maxspeed_kmh": 40.0, "length_km": 0.020654809222943386 }, "geometry": { "type": "LineString", "coordinates": [ [ 138.6190734, -34.9045335 ], [ 138.619197500000013, -34.9046845 ] ] } },
{ "type": "Feature", "properties": { "osm_id": "177646184", "road_name": "River Street", "highway": "residential", "maxspeed_kmh": 40.0, "length_km": 0.025474383887026945 }, "geometry": { "type": "LineString", "coordinates": [ [ 138.619141899999988, -34.9047454 ], [ 138.6190734, -34.9045335 ] ] } },
{ "type": "Feature", "properties": { "osm_id": "177646185", "road_name": "Seventh Avenue", "highway": "residential", "maxspeed_kmh": 40.0, "length_km": 0.038354854943949586 }, "geometry": { "type": "LineString", "coordinates": [ [ 138.6230876, -34.9020457 ], [ 138.623257700000011, -34.9017328 ] ] } },
{ "type": "Feature", "properties": { "osm_id": "177646187", "road_name": "Seventh Avenue", "highway": "residential", "maxspeed_kmh": 40.0, "length_km": 0.02214852277181328 }, "geometry": { "type": "LineString", "coordinates": [ [ 138.6235283, -34.9015047 ], [ 138.623439499999989, -34.901689 ] ] } },
{ "type": "Feature", "properties": { "osm_id": "177646189", "road_name": "Seventh Avenue", "highway": "residential", "maxspeed_kmh": 40.0, "length_km": 0.037086918534660979 }, "geometry": { "type": "LineString", "coordinates": [ [ 138.6233518, -34.901796 ], [ 138.6230876, -34.9020457 ] ] } },
{ "type": "Feature", "properties": { "osm_id": "177646190", "road_name": "Seventh Avenue", "highway": "residential", "maxspeed_kmh": 40.0, "length_km": 0.022177953346267848 }, "geometry": { "type": "LineString", "coordinates": [ [ 138.6233518, -34.9016399 ], [ 138.6235283, -34.9015047 ] ] } },
{ "type": "Feature", "properties": { "osm_id": "177646194", "road_name": "Seventh Avenue", "highway": "residential", "maxspeed_kmh": 40.0, "length_km": 0.19835058485437881 }, "geometry": { "type": "LineString", "coordinates": [ [ 138.619187900000014, -34.9066289 ], [ 138.6179471, -34.9080808 ] ] } },
{ "type": "Feature", "properties": { "osm_id": "177646195", "road_name": "Seventh Avenue", "highway": "residential", "maxspeed_kmh": 40.0, "length_km": 0.5147124493006795 }, "geometry": { "type": "LineString", "coordinates": [ [ 138.6267274, -34.897725 ], [ 138.6235283, -34.9015047 ] ] } },
{ "type": "Feature", "properties": { "osm_id": "177646197", "road_name": "Sixth Avenue", "highway": "residential", "maxspeed_kmh": 40.0, "length_km": 0.49921911074414232 }, "geometry": { "type": "LineString", "coordinates": [ [ 138.6276212, -34.8985048 ], [ 138.624513400000012, -34.902168 ] ] } },
{ "type": "Feature", "properties": { "osm_id": "177646202", "road_name": "Sixth Avenue", "highway": "residential", "maxspeed_kmh": 40.0, "length_km": 0.016649016086052758 }, "geometry": { "type": "LineString", "coordinates": [ [ 138.624378799999988, -34.9022676 ], [ 138.624513400000012, -34.902168 ] ] } },
{ "type": "Feature", "properties": { "osm_id": "177646203", "road_name": "Sixth Avenue", "highway": "residential", "maxspeed_kmh": 40.0, "length_km": 0.016744683843126214 }, "geometry": { "type": "LineString", "coordinates": [ [ 138.6242394, -34.9024944 ], [ 138.624305600000014, -34.9023549 ] ] } },
{ "type": "Feature", "properties": { "osm_id": "177646204", "road_name": "Sixth Avenue", "highway": "residential", "maxspeed_kmh": 40.0, "length_km": 0.016595844590877689 }, "geometry": { "type": "LineString", "coordinates": [ [ 138.624513400000012, -34.902168 ], [ 138.6244514, -34.9023075 ] ] } },
{ "type": "Feature", "properties": { "osm_id": "177646205", "road_name": "Sixth Avenue", "highway": "residential", "maxspeed_kmh": 40.0, "length_km": 0.014285041731870984 }, "geometry": { "type": "LineString", "coordinates": [ [ 138.6277718, -34.8982792 ], [ 138.62789, -34.8981963 ] ] } },
{ "type": "Feature", "properties": { "osm_id": "177646206", "road_name": "Sixth Avenue", "highway": "residential", "maxspeed_kmh": 40.0, "length_km": 0.0168586467063753 }, "geometry": { "type": "LineString", "coordinates": [ [ 138.6276212, -34.8985048 ], [ 138.627691199999987, -34.8983656 ] ] } },
{ "type": "Feature", "properties": { "osm_id": "177646207", "road_name": "Sixth Avenue", "highway": "residential", "maxspeed_kmh": 40.0, "length_km": 0.019586516278481948 }, "geometry": { "type": "LineString", "coordinates": [ [ 138.630220500000036, -34.8954903 ], [ 138.6300755, -34.8956186 ] ] } },
{ "type": "Feature", "properties": { "osm_id": "177646208", "road_name": "Sixth Avenue", "highway": "residential", "maxspeed_kmh": 40.0, "length_km": 0.016025382320652325 }, "geometry": { "type": "LineString", "coordinates": [ [ 138.6243653, -34.9023953 ], [ 138.6242394, -34.9024944 ] ] } },
{ "type": "Feature", "properties": { "osm_id": "177646209", "road_name": "Sixth Avenue", "highway": "residential", "maxspeed_kmh": 40.0, "length_km": 0.013700819572732727 }, "geometry": { "type": "LineString", "coordinates": [ [ 138.62789, -34.8981963 ], [ 138.6278293, -34.898308299999989 ] ] } },
{ "type": "Feature", "properties": { "osm_id": "177646210", "road_name": "Sixth Avenue", "highway": "residential", "maxspeed_kmh": 40.0, "length_km": 0.017150400005798986 }, "geometry": { "type": "LineString", "coordinates": [ [ 138.6277624, -34.8984047 ], [ 138.6276212, -34.8985048 ] ] } },
{ "type": "Feature", "properties": { "osm_id": "177646213", "road_name": "Sixth Avenue", "highway": "residential", "maxspeed_kmh": 40.0, "length_km": 0.17157180597042415 }, "geometry": { "type": "LineString", "coordinates": [ [ 138.6242394, -34.9024944 ], [ 138.6231606, -34.9037472 ] ] } },
{ "type": "Feature", "properties": { "osm_id": "177646214", "road_name": "Sixth Avenue", "highway": "residential", "maxspeed_kmh": 40.0, "length_km": 0.018076139235143066 }, "geometry": { "type": "LineString", "coordinates": [ [ 138.6300755, -34.8956186 ], [ 138.6301212, -34.895463300000017 ] ] } },
{ "type": "Feature", "properties": { "osm_id": "177646217", "road_name": "Sixth Avenue", "highway": "residential", "maxspeed_kmh": 40.0, "length_km": 0.21640003089798546 }, "geometry": { "type": "LineString", "coordinates": [ [ 138.620256100000034, -34.9072008 ], [ 138.6189166, -34.9087931 ] ] } },
{ "type": "Feature", "properties": { "osm_id": "177646218", "road_name": "Sixth Avenue", "highway": "residential", "maxspeed_kmh": 40.0, "length_km": 0.33594909699531417 }, "geometry": { "type": "LineString", "coordinates": [ [ 138.6226112, -34.9044081 ], [ 138.6205401, -34.9068848 ] ] } },
{ "type": "Feature", "properties": { "osm_id": "177646219", "road_name": "Sixth Avenue", "highway": "residential", "maxspeed_kmh": 40.0, "length_km": 0.35122806195496914 }, "geometry": { "type": "LineString", "coordinates": [ [ 138.6300755, -34.8956186 ], [ 138.62789, -34.8981963 ] ] } },
{ "type": "Feature", "properties": { "osm_id": "177646220", "road_name": "St Peters Street", "highway": "residential", "maxspeed_kmh": 40.0, "length_km": 0.097795408268347636 }, "geometry": { "type": "LineString", "coordinates": [ [ 138.6254566, -34.9100433 ], [ 138.6245793, -34.9095506 ] ] } },
{ "type": "Feature", "properties": { "osm_id": "177646221", "road_name": "St Peters Street", "highway": "residential", "maxspeed_kmh": 40.0, "length_km": 0.10081072561824454 }, "geometry": { "type": "LineString", "coordinates": [ [ 138.62466, -34.9094577 ], [ 138.6255827, -34.9099403 ] ] } },
{ "type": "Feature", "properties": { "osm_id": "177646222", "road_name": "Tenth Avenue", "highway": "residential", "maxspeed_kmh": 40.0, "length_km": 0.45927018027783645 }, "geometry": { "type": "LineString", "coordinates": [ [ 138.6223067, -34.8973979 ], [ 138.6252476, -34.894094 ] ] } },
{ "type": "Feature", "properties": { "osm_id": "177646223", "road_name": "Tenth Avenue", "highway": "residential", "maxspeed_kmh": 40.0, "length_km": 0.41234601632793405 }, "geometry": { "type": "LineString", "coordinates": [ [ 138.617604199999988, -34.9031718 ], [ 138.6200748, -34.9001157 ] ] } },
{ "type": "Feature", "properties": { "osm_id": "177646224", "road_name": "Tenth Avenue", "highway": "residential", "maxspeed_kmh": 40.0, "length_km": 0.025240380262774729 }, "geometry": { "type": "LineString", "coordinates": [ [ 138.6202758, -34.8999637 ], [ 138.6200748, -34.9001157 ] ] } },
{ "type": "Feature", "properties": { "osm_id": "177646225", "road_name": "Tenth Avenue", "highway": "residential", "maxspeed_kmh": 40.0, "length_km": 0.025821962513282899 }, "geometry": { "type": "LineString", "coordinates": [ [ 138.622128, -34.8976535 ], [ 138.621944, -34.897827 ] ] } },
{ "type": "Feature", "properties": { "osm_id": "177646226", "road_name": "Tenth Avenue", "highway": "residential", "maxspeed_kmh": 40.0, "length_km": 0.044333290010376593 }, "geometry": { "type": "LineString", "coordinates": [ [ 138.6205692, -34.899505499999989 ], [ 138.620358900000014, -34.8998621 ] ] } },
{ "type": "Feature", "properties": { "osm_id": "177646227", "road_name": "Tenth Avenue", "highway": "residential", "maxspeed_kmh": 40.0, "length_km": 0.024774501452211762 }, "geometry": { "type": "LineString", "coordinates": [ [ 138.6200748, -34.9001157 ], [ 138.6201783, -34.8999123 ] ] } },
{ "type": "Feature", "properties": { "osm_id": "177646228", "road_name": "Tenth Avenue", "highway": "residential", "maxspeed_kmh": 40.0, "length_km": 0.043674152613566712 }, "geometry": { "type": "LineString", "coordinates": [ [ 138.620270299999987, -34.8998092 ], [ 138.6205692, -34.899505499999989 ] ] } },
{ "type": "Feature", "properties": { "osm_id": "177646229", "road_name": "Tenth Avenue", "highway": "residential", "maxspeed_kmh": 40.0, "length_km": 0.027506873945696998 }, "geometry": { "type": "LineString", "coordinates": [ [ 138.621944, -34.897827 ], [ 138.622064200000011, -34.8976016 ] ] } },
{ "type": "Feature", "properties": { "osm_id": "177646230", "road_name": "Tenth Avenue", "highway": "residential", "maxspeed_kmh": 40.0, "length_km": 0.021380510435251368 }, "geometry": { "type": "LineString", "coordinates": [ [ 138.6221395, -34.8975308 ], [ 138.6223067, -34.8973979 ] ] } },
{ "type": "Feature", "properties": { "osm_id": "177646231", "road_name": "Tenth Avenue", "highway": "residential", "maxspeed_kmh": 40.0, "length_km": 0.021484600781605898 }, "geometry": { "type": "LineString", "coordinates": [ [ 138.6223067, -34.8973979 ], [ 138.6222094, -34.8975718 ] ] } },
{ "type": "Feature", "properties": { "osm_id": "177646232", "road_name": "Tenth Avenue", "highway": "residential", "maxspeed_kmh": 40.0, "length_km": 0.22618089186407397 }, "geometry": { "type": "LineString", "coordinates": [ [ 138.6205692, -34.899505499999989 ], [ 138.621944, -34.897827 ] ] } },
{ "type": "Feature", "properties": { "osm_id": "177646233", "road_name": "Tippett Avenue", "highway": "unclassified", "maxspeed_kmh": 40.0, "length_km": 0.045867670486253717 }, "geometry": { "type": "LineString", "coordinates": [ [ 138.6302899, -34.894114 ], [ 138.630745600000012, -34.8942803 ] ] } },
{ "type": "Feature", "properties": { "osm_id": "177646234", "road_name": "Torrens Street", "highway": "residential", "maxspeed_kmh": 40.0, "length_km": 0.61488284592861053 }, "geometry": { "type": "LineString", "coordinates": [ [ 138.6153056, -34.9067509 ], [ 138.6153141, -34.9077615 ], [ 138.618849899999987, -34.9111677 ] ] } },
{ "type": "Feature", "properties": { "osm_id": "177646245", "road_name": null, "highway": "residential", "maxspeed_kmh": 40.0, "length_km": 0.045127288463612129 }, "geometry": { "type": "LineString", "coordinates": [ [ 138.619276, -34.9047907 ], [ 138.6191653, -34.9047909 ], [ 138.6191648, -34.9046995 ], [ 138.6192766, -34.9046996 ], [ 138.619276, -34.9047907 ] ] } },
{ "type": "Feature", "properties": { "osm_id": "177646253", "road_name": "St Peters Street", "highway": "residential", "maxspeed_kmh": 40.0, "length_km": 0.10293986522624475 }, "geometry": { "type": "LineString", "coordinates": [ [ 138.622554400000013, -34.9082551 ], [ 138.6234728, -34.9087813 ] ] } },
{ "type": "Feature", "properties": { "osm_id": "177646254", "road_name": "St Peters Street", "highway": "residential", "maxspeed_kmh": 40.0, "length_km": 0.10022720450643956 }, "geometry": { "type": "LineString", "coordinates": [ [ 138.62153090000001, -34.907654399999984 ], [ 138.622417899999988, -34.9081744 ] ] } },
{ "type": "Feature", "properties": { "osm_id": "177646255", "road_name": "St Peters Street", "highway": "residential", "maxspeed_kmh": 40.0, "length_km": 0.10394244592020897 }, "geometry": { "type": "LineString", "coordinates": [ [ 138.6234019, -34.9088612 ], [ 138.62248, -34.9083364 ] ] } },
{ "type": "Feature", "properties": { "osm_id": "177646256", "road_name": "St Peters Street", "highway": "residential", "maxspeed_kmh": 40.0, "length_km": 0.10847737619949628 }, "geometry": { "type": "LineString", "coordinates": [ [ 138.61922770000001, -34.9064545 ], [ 138.6183076, -34.905859 ] ] } },
{ "type": "Feature", "properties": { "osm_id": "177646257", "road_name": "St Peters Street", "highway": "residential", "maxspeed_kmh": 40.0, "length_km": 0.099744487864429993 }, "geometry": { "type": "LineString", "coordinates": [ [ 138.6244083, -34.909454 ], [ 138.6235345, -34.9089443 ] ] } },
{ "type": "Feature", "properties": { "osm_id": "177646258", "road_name": "St Peters Street", "highway": "residential", "maxspeed_kmh": 40.0, "length_km": 0.1017755563147061 }, "geometry": { "type": "LineString", "coordinates": [ [ 138.619434899999987, -34.9064545 ], [ 138.6203438, -34.9069737 ] ] } },
{ "type": "Feature", "properties": { "osm_id": "177646259", "road_name": "St Peters Street", "highway": "residential", "maxspeed_kmh": 40.0, "length_km": 0.10844953751475918 }, "geometry": { "type": "LineString", "coordinates": [ [ 138.6183076, -34.905859 ], [ 138.6192983, -34.9063738 ] ] } },
{ "type": "Feature", "properties": { "osm_id": "177646260", "road_name": "St Peters Street", "highway": "residential", "maxspeed_kmh": 40.0, "length_km": 0.10237978197821054 }, "geometry": { "type": "LineString", "coordinates": [ [ 138.6202731, -34.9070545 ], [ 138.6193604, -34.9065358 ] ] } },
{ "type": "Feature", "properties": { "osm_id": "177646261", "road_name": "St Peters Street", "highway": "residential", "maxspeed_kmh": 40.0, "length_km": 0.099112666278094147 }, "geometry": { "type": "LineString", "coordinates": [ [ 138.62361, -34.9088612 ], [ 138.6245021, -34.9093567 ] ] } },
{ "type": "Feature", "properties": { "osm_id": "177646262", "road_name": "St Peters Street", "highway": "residential", "maxspeed_kmh": 40.0, "length_km": 0.099117454826107954 }, "geometry": { "type": "LineString", "coordinates": [ [ 138.6223473, -34.9082551 ], [ 138.621476300000012, -34.9077369 ] ] } },
{ "type": "Feature", "properties": { "osm_id": "177646263", "road_name": "St Peters Street", "highway": "residential", "maxspeed_kmh": 40.0, "length_km": 0.09977956047173546 }, "geometry": { "type": "LineString", "coordinates": [ [ 138.6212863, -34.9076266 ], [ 138.6203874, -34.9071387 ] ] } },
{ "type": "Feature", "properties": { "osm_id": "177646264", "road_name": "St Peters Street", "highway": "residential", "maxspeed_kmh": 40.0, "length_km": 0.1007665740772539 }, "geometry": { "type": "LineString", "coordinates": [ [ 138.6204798, -34.9070468 ], [ 138.6213792, -34.9075544 ] ] } },
{ "type": "Feature", "properties": { "osm_id": "177653988", "road_name": "Salop Street", "highway": "residential", "maxspeed_kmh": 40.0, "length_km": 0.33614976198202084 }, "geometry": { "type": "LineString", "coordinates": [ [ 138.6472942, -34.9174741 ], [ 138.6470273, -34.9144726 ] ] } },
{ "type": "Feature", "properties": { "osm_id": "177653993", "road_name": "Gurrs Road", "highway": "residential", "maxspeed_kmh": 40.0, "length_km": 0.33717507460868368 }, "geometry": { "type": "LineString", "coordinates": [ [ 138.6494193, -34.9143567 ], [ 138.649655200000012, -34.917369 ] ] } },
{ "type": "Feature", "properties": { "osm_id": "177654004", "road_name": "Melrose Avenue", "highway": "residential", "maxspeed_kmh": 40.0, "length_km": 0.34034556924515585 }, "geometry": { "type": "LineString", "coordinates": [ [ 138.648221, -34.9144168 ], [ 138.6484596, -34.9174576 ] ] } },
{ "type": "Feature", "properties": { "osm_id": "177654005", "road_name": "Beulah Road", "highway": "residential", "maxspeed_kmh": 40.0, "length_km": 0.65595050029120638 }, "geometry": { "type": "LineString", "coordinates": [ [ 138.6564223, -34.9169967 ], [ 138.653077599999989, -34.917275 ], [ 138.6526931, -34.917608 ], [ 138.65232420000001, -34.9176463 ], [ 138.6513376, -34.9177014 ], [ 138.6507809, -34.9173816 ], [ 138.649729799999989, -34.9174211 ] ] } },
{ "type": "Feature", "properties": { "osm_id": "177654007", "road_name": "Beulah Road", "highway": "residential", "maxspeed_kmh": 40.0, "length_km": 0.2074014672378344 }, "geometry": { "type": "LineString", "coordinates": [ [ 138.649604, -34.9174128 ], [ 138.647353399999986, -34.9175138 ] ] } },
{ "type": "Feature", "properties": { "osm_id": "177654012", "road_name": "Yeronga Avenue", "highway": "residential", "maxspeed_kmh": 40.0, "length_km": 0.34006226970897224 }, "geometry": { "type": "LineString", "coordinates": [ [ 138.654933700000015, -34.9140859 ], [ 138.655135, -34.9171189 ] ] } },
{ "type": "Feature", "properties": { "osm_id": "177654014", "road_name": "Beulah Road", "highway": "residential", "maxspeed_kmh": 40.0, "length_km": 0.33216390543107593 }, "geometry": { "type": "LineString", "coordinates": [ [ 138.647239500000012, -34.9175185 ], [ 138.6436367, -34.9177104 ] ] } },
{ "type": "Feature", "properties": { "osm_id": "177654016", "road_name": "Corinda Avenue", "highway": "residential", "maxspeed_kmh": 40.0, "length_km": 0.33599328339988044 }, "geometry": { "type": "LineString", "coordinates": [ [ 138.653925, -34.9141353 ], [ 138.654222800000014, -34.9171234 ] ] } },
{ "type": "Feature", "properties": { "osm_id": "177654018", "road_name": "Beulah Road", "highway": "residential", "maxspeed_kmh": 40.0, "length_km": 0.21738457033180081 }, "geometry": { "type": "LineString", "coordinates": [ [ 138.64348480000001, -34.9177173 ], [ 138.6411256, -34.9178215 ] ] } },
{ "type": "Feature", "properties": { "osm_id": "177654019", "road_name": "Osborn Avenue", "highway": "residential", "maxspeed_kmh": 40.0, "length_km": 0.34043746368365152 }, "geometry": { "type": "LineString", "coordinates": [ [ 138.645657300000011, -34.9145489 ], [ 138.6459089, -34.9175898 ] ] } },
{ "type": "Feature", "properties": { "osm_id": "177727922", "road_name": "East Street", "highway": "residential", "maxspeed_kmh": 40.0, "length_km": 0.45942071337304607 }, "geometry": { "type": "LineString", "coordinates": [ [ 138.68249320000001, -34.9127073 ], [ 138.6827892, -34.9168132 ] ] } },
{ "type": "Feature", "properties": { "osm_id": "177727926", "road_name": "Burchett Avenue", "highway": "residential", "maxspeed_kmh": 40.0, "length_km": 0.14861794760191899 }, "geometry": { "type": "LineString", "coordinates": [ [ 138.6802926, -34.9141707 ], [ 138.68036570000001, -34.9155 ] ] } },
{ "type": "Feature", "properties": { "osm_id": "177727929", "road_name": "Greenham Avenue", "highway": "residential", "maxspeed_kmh": 40.0, "length_km": 0.22192042455922906 }, "geometry": { "type": "LineString", "coordinates": [ [ 138.6837922, -34.9128134 ], [ 138.683751, -34.9136706 ], [ 138.6830268, -34.91413690000001 ], [ 138.682600799999989, -34.9141613 ] ] } },
{ "type": "Feature", "properties": { "osm_id": "177769383", "road_name": "Richmond Street", "highway": "residential", "maxspeed_kmh": 40.0, "length_km": 0.37552381828196618 }, "geometry": { "type": "LineString", "coordinates": [ [ 138.6143569, -34.9098758 ], [ 138.6159443, -34.9089492 ], [ 138.617394100000041, -34.9076582 ] ] } },
{ "type": "Feature", "properties": { "osm_id": "177800752", "road_name": "Appelbee Crescent", "highway": "residential", "maxspeed_kmh": 40.0, "length_km": 0.09604388619569082 }, "geometry": { "type": "LineString", "coordinates": [ [ 138.6305025, -34.9164802 ], [ 138.6305674, -34.9173384 ] ] } },
{ "type": "Feature", "properties": { "osm_id": "177800753", "road_name": "Appelbee Crescent", "highway": "residential", "maxspeed_kmh": 40.0, "length_km": 0.20748536383351818 }, "geometry": { "type": "LineString", "coordinates": [ [ 138.6290285, -34.9174136 ], [ 138.629021599999987, -34.9168075 ], [ 138.6305208, -34.9167219 ] ] } },
{ "type": "Feature", "properties": { "osm_id": "177800754", "road_name": "Beulah Road", "highway": "residential", "maxspeed_kmh": 40.0, "length_km": 0.34976473241850337 }, "geometry": { "type": "LineString", "coordinates": [ [ 138.6272644, -34.9185087 ], [ 138.623468, -34.9186722 ] ] } },
{ "type": "Feature", "properties": { "osm_id": "177800756", "road_name": "Beulah Road", "highway": "residential", "maxspeed_kmh": 40.0, "length_km": 0.39617856550925695 }, "geometry": { "type": "LineString", "coordinates": [ [ 138.6274407, -34.918489 ], [ 138.6317392, -34.9182795 ] ] } },
{ "type": "Feature", "properties": { "osm_id": "177800758", "road_name": "Chapel Street", "highway": "residential", "maxspeed_kmh": 40.0, "length_km": 0.40200189320198099 }, "geometry": { "type": "LineString", "coordinates": [ [ 138.6228429, -34.9167085 ], [ 138.6272054, -34.9165085 ] ] } },
{ "type": "Feature", "properties": { "osm_id": "177800761", "road_name": "College Road", "highway": "residential", "maxspeed_kmh": 40.0, "length_km": 0.11730017866708389 }, "geometry": { "type": "LineString", "coordinates": [ [ 138.6196213, -34.9184788 ], [ 138.6189386, -34.9175919 ] ] } },
{ "type": "Feature", "properties": { "osm_id": "177800763", "road_name": "Cornish Street", "highway": "residential", "maxspeed_kmh": 40.0, "length_km": 0.064792250753554409 }, "geometry": { "type": "LineString", "coordinates": [ [ 138.627841100000012, -34.9109501 ], [ 138.6282388, -34.9104714 ] ] } },
{ "type": "Feature", "properties": { "osm_id": "177800764", "road_name": "Cornish Street", "highway": "residential", "maxspeed_kmh": 40.0, "length_km": 0.03872293656798164 }, "geometry": { "type": "LineString", "coordinates": [ [ 138.6282388, -34.9104714 ], [ 138.6284867, -34.9101933 ] ] } },
{ "type": "Feature", "properties": { "osm_id": "177800770", "road_name": "First Avenue", "highway": "residential", "maxspeed_kmh": 40.0, "length_km": 0.27995848725684652 }, "geometry": { "type": "LineString", "coordinates": [ [ 138.625371800000011, -34.9102822 ], [ 138.6236285, -34.9123364 ] ] } },
{ "type": "Feature", "properties": { "osm_id": "177800774", "road_name": "Fourth Avenue", "highway": "residential", "maxspeed_kmh": 40.0, "length_km": 0.015361547132547481 }, "geometry": { "type": "LineString", "coordinates": [ [ 138.626568600000013, -34.9033943 ], [ 138.626517400000012, -34.9035252 ] ] } },
{ "type": "Feature", "properties": { "osm_id": "177800779", "road_name": "Fourth Avenue", "highway": "residential", "maxspeed_kmh": 40.0, "length_km": 0.013853831785335337 }, "geometry": { "type": "LineString", "coordinates": [ [ 138.62646, -34.9034802 ], [ 138.626568600000013, -34.9033943 ] ] } },
{ "type": "Feature", "properties": { "osm_id": "177800780", "road_name": "Fourth Avenue", "highway": "residential", "maxspeed_kmh": 40.0, "length_km": 0.016942421402987747 }, "geometry": { "type": "LineString", "coordinates": [ [ 138.6264108, -34.9036304 ], [ 138.6262797, -34.9037369 ] ] } },
{ "type": "Feature", "properties": { "osm_id": "177800782", "road_name": "Fourth Avenue", "highway": "residential", "maxspeed_kmh": 40.0, "length_km": 0.017361005604072204 }, "geometry": { "type": "LineString", "coordinates": [ [ 138.6262797, -34.9037369 ], [ 138.6263454, -34.903591199999987 ] ] } },
{ "type": "Feature", "properties": { "osm_id": "177800783", "road_name": "Fourth Avenue", "highway": "residential", "maxspeed_kmh": 40.0, "length_km": 0.081664769244407187 }, "geometry": { "type": "LineString", "coordinates": [ [ 138.6287498, -34.9008384 ], [ 138.628237399999989, -34.9014353 ] ] } },
{ "type": "Feature", "properties": { "osm_id": "177800784", "road_name": "Fourth Avenue", "highway": "residential", "maxspeed_kmh": 40.0, "length_km": 0.17292656074477741 }, "geometry": { "type": "LineString", "coordinates": [ [ 138.629791899999987, -34.899550499999989 ], [ 138.6287498, -34.9008384 ] ] } },
{ "type": "Feature", "properties": { "osm_id": "177800785", "road_name": "Fourth Avenue", "highway": "residential", "maxspeed_kmh": 40.0, "length_km": 0.24802486710964763 }, "geometry": { "type": "LineString", "coordinates": [ [ 138.62076540000001, -34.91022 ], [ 138.6223228, -34.9084091 ] ] } },
{ "type": "Feature", "properties": { "osm_id": "177800786", "road_name": "Fourth Avenue", "highway": "residential", "maxspeed_kmh": 40.0, "length_km": 0.26733699257296045 }, "geometry": { "type": "LineString", "coordinates": [ [ 138.628237399999989, -34.9014353 ], [ 138.626568600000013, -34.9033943 ] ] } },
{ "type": "Feature", "properties": { "osm_id": "177800788", "road_name": "Fourth Avenue", "highway": "residential", "maxspeed_kmh": 40.0, "length_km": 0.59005640099574297 }, "geometry": { "type": "LineString", "coordinates": [ [ 138.6262797, -34.9037369 ], [ 138.622602300000011, -34.9080641 ] ] } },
{ "type": "Feature", "properties": { "osm_id": "177800789", "road_name": "Hooking Avenue", "highway": "residential", "maxspeed_kmh": 40.0, "length_km": 0.069425550169091466 }, "geometry": { "type": "LineString", "coordinates": [ [ 138.6315492, -34.8981459 ], [ 138.632168799999988, -34.8985005 ] ] } },
{ "type": "Feature", "properties": { "osm_id": "177800797", "road_name": "King Street", "highway": "residential", "maxspeed_kmh": 40.0, "length_km": 0.29904067174577459 }, "geometry": { "type": "LineString", "coordinates": [ [ 138.627278100000012, -34.9174605 ], [ 138.624032199999988, -34.9175995 ] ] } },
{ "type": "Feature", "properties": { "osm_id": "177800798", "road_name": "Little Rundle Street", "highway": "service", "maxspeed_kmh": 40.0, "length_km": 0.79551084156299989 }, "geometry": { "type": "LineString", "coordinates": [ [ 138.6228652, -34.9175687 ], [ 138.6155123, -34.9213013 ] ] } },
{ "type": "Feature", "properties": { "osm_id": "177800819", "road_name": "Plane Tree Lane", "highway": "residential", "maxspeed_kmh": 40.0, "length_km": 0.048846328499219112 }, "geometry": { "type": "LineString", "coordinates": [ [ 138.6308075, -34.9178863 ], [ 138.6308304, -34.9183232 ] ] } },
{ "type": "Feature", "properties": { "osm_id": "177800820", "road_name": "Plane Tree Lane", "highway": "residential", "maxspeed_kmh": 40.0, "length_km": 0.038177830060023329 }, "geometry": { "type": "LineString", "coordinates": [ [ 138.630571300000014, -34.9178981 ], [ 138.6309855, -34.9178774 ] ] } },
{ "type": "Feature", "properties": { "osm_id": "177800827", "road_name": "Rugby Street", "highway": "residential", "maxspeed_kmh": 40.0, "length_km": 0.25963573430576137 }, "geometry": { "type": "LineString", "coordinates": [ [ 138.619391799999988, -34.9143682 ], [ 138.6205472, -34.9137287 ], [ 138.6215081, -34.91286310000001 ] ] } },
{ "type": "Feature", "properties": { "osm_id": "177800833", "road_name": "Second Avenue", "highway": "residential", "maxspeed_kmh": 40.0, "length_km": 0.26718772617394837 }, "geometry": { "type": "LineString", "coordinates": [ [ 138.6243475, -34.9096683 ], [ 138.6226777, -34.9116253 ] ] } },
{ "type": "Feature", "properties": { "osm_id": "177800834", "road_name": "Second Avenue", "highway": "residential", "maxspeed_kmh": 40.0, "length_km": 0.40599291320136388 }, "geometry": { "type": "LineString", "coordinates": [ [ 138.6272148, -34.9062786 ], [ 138.624692399999986, -34.9092606 ] ] } },
{ "type": "Feature", "properties": { "osm_id": "177800835", "road_name": "Seventh Avenue", "highway": "residential", "maxspeed_kmh": 40.0, "length_km": 0.57688207258930735 }, "geometry": { "type": "LineString", "coordinates": [ [ 138.6230876, -34.9020457 ], [ 138.6194825, -34.9062696 ] ] } },
{ "type": "Feature", "properties": { "osm_id": "177839048", "road_name": "Sheldon Street", "highway": "residential", "maxspeed_kmh": 40.0, "length_km": 0.40949188410855708 }, "geometry": { "type": "LineString", "coordinates": [ [ 138.6272811, -34.9174989 ], [ 138.631724100000014, -34.917281900000013 ] ] } },
{ "type": "Feature", "properties": { "osm_id": "177839053", "road_name": "Stephen Street", "highway": "residential", "maxspeed_kmh": 40.0, "length_km": 0.41710368636273942 }, "geometry": { "type": "LineString", "coordinates": [ [ 138.6316244, -34.9160588 ], [ 138.6272054, -34.9165085 ] ] } },
{ "type": "Feature", "properties": { "osm_id": "177839056", "road_name": "Stepney Street", "highway": "residential", "maxspeed_kmh": 40.0, "length_km": 0.043971457926733216 }, "geometry": { "type": "LineString", "coordinates": [ [ 138.6266429, -34.9123888 ], [ 138.626877, -34.912732 ] ] } },
{ "type": "Feature", "properties": { "osm_id": "177839058", "road_name": "Stepney Street", "highway": "residential", "maxspeed_kmh": 40.0, "length_km": 0.3382639045121521 }, "geometry": { "type": "LineString", "coordinates": [ [ 138.626877, -34.912732 ], [ 138.6286666, -34.9153773 ] ] } },
{ "type": "Feature", "properties": { "osm_id": "177839063", "road_name": "Third Avenue", "highway": "residential", "maxspeed_kmh": 40.0, "length_km": 0.024353558074646009 }, "geometry": { "type": "LineString", "coordinates": [ [ 138.6274312, -34.9040966 ], [ 138.6276351, -34.9039576 ] ] } },
{ "type": "Feature", "properties": { "osm_id": "177839066", "road_name": "Third Avenue", "highway": "residential", "maxspeed_kmh": 40.0, "length_km": 0.024990886884006958 }, "geometry": { "type": "LineString", "coordinates": [ [ 138.6274737, -34.9042474 ], [ 138.6272677, -34.9043932 ] ] } },
{ "type": "Feature", "properties": { "osm_id": "177839069", "road_name": "Third Avenue", "highway": "residential", "maxspeed_kmh": 40.0, "length_km": 0.024530416927281348 }, "geometry": { "type": "LineString", "coordinates": [ [ 138.6276351, -34.9039576 ], [ 138.627551, -34.904166 ] ] } },
{ "type": "Feature", "properties": { "osm_id": "177839076", "road_name": "Third Avenue", "highway": "residential", "maxspeed_kmh": 40.0, "length_km": 0.023970487550451475 }, "geometry": { "type": "LineString", "coordinates": [ [ 138.6272677, -34.9043932 ], [ 138.62736670000001, -34.9041947 ] ] } },
{ "type": "Feature", "properties": { "osm_id": "177839077", "road_name": "Third Avenue", "highway": "residential", "maxspeed_kmh": 40.0, "length_km": 0.17544441473286723 }, "geometry": { "type": "LineString", "coordinates": [ [ 138.631263, -34.898486 ], [ 138.6301675, -34.8997715 ] ] } },
{ "type": "Feature", "properties": { "osm_id": "177839078", "road_name": "Third Avenue", "highway": "residential", "maxspeed_kmh": 40.0, "length_km": 0.07624471548595943 }, "geometry": { "type": "LineString", "coordinates": [ [ 138.6297683, -34.9014393 ], [ 138.6292961, -34.9020002 ] ] } },
{ "type": "Feature", "properties": { "osm_id": "177839079", "road_name": "Third Avenue", "highway": "residential", "maxspeed_kmh": 40.0, "length_km": 0.17303530760955096 }, "geometry": { "type": "LineString", "coordinates": [ [ 138.6308487, -34.900171400000012 ], [ 138.6297683, -34.9014393 ] ] } },
{ "type": "Feature", "properties": { "osm_id": "177839082", "road_name": "Third Avenue", "highway": "residential", "maxspeed_kmh": 40.0, "length_km": 0.26676591588792664 }, "geometry": { "type": "LineString", "coordinates": [ [ 138.6292961, -34.9020002 ], [ 138.6276351, -34.9039576 ] ] } },
{ "type": "Feature", "properties": { "osm_id": "177839084", "road_name": "Third Avenue", "highway": "residential", "maxspeed_kmh": 40.0, "length_km": 0.17420009436240577 }, "geometry": { "type": "LineString", "coordinates": [ [ 138.6272677, -34.9043932 ], [ 138.6261809, -34.9056699 ] ] } },
{ "type": "Feature", "properties": { "osm_id": "177839087", "road_name": "Third Avenue", "highway": "residential", "maxspeed_kmh": 40.0, "length_km": 0.25507511669122757 }, "geometry": { "type": "LineString", "coordinates": [ [ 138.623322200000018, -34.9090587 ], [ 138.6217232, -34.9109239 ] ] } },
{ "type": "Feature", "properties": { "osm_id": "177839089", "road_name": "Third Avenue", "highway": "residential", "maxspeed_kmh": 40.0, "length_km": 0.40311789810844673 }, "geometry": { "type": "LineString", "coordinates": [ [ 138.6261809, -34.9056699 ], [ 138.6236843, -34.9086353 ] ] } },
{ "type": "Feature", "properties": { "osm_id": "177839091", "road_name": "Third Avenue", "highway": "residential", "maxspeed_kmh": 40.0, "length_km": 0.10923902237786916 }, "geometry": { "type": "LineString", "coordinates": [ [ 138.632168799999988, -34.8985005 ], [ 138.6318412, -34.8987906 ], [ 138.631263, -34.898486 ] ] } },
{ "type": "Feature", "properties": { "osm_id": "177839095", "road_name": "Union Street", "highway": "residential", "maxspeed_kmh": 40.0, "length_km": 0.24856665933996278 }, "geometry": { "type": "LineString", "coordinates": [ [ 138.6279716, -34.9143417 ], [ 138.6303226, -34.9132454 ] ] } },
{ "type": "Feature", "properties": { "osm_id": "177839099", "road_name": "Westminster Street", "highway": "residential", "maxspeed_kmh": 40.0, "length_km": 0.11694494457506496 }, "geometry": { "type": "LineString", "coordinates": [ [ 138.6272148, -34.9062786 ], [ 138.6261809, -34.9056699 ] ] } },
{ "type": "Feature", "properties": { "osm_id": "177839102", "road_name": "Westminster Street", "highway": "residential", "maxspeed_kmh": 40.0, "length_km": 0.017461657375162417 }, "geometry": { "type": "LineString", "coordinates": [ [ 138.6284545, -34.9070182 ], [ 138.6282856, -34.9069537 ] ] } },
{ "type": "Feature", "properties": { "osm_id": "177839104", "road_name": "Westminster Street", "highway": "residential", "maxspeed_kmh": 40.0, "length_km": 0.016912137037106905 }, "geometry": { "type": "LineString", "coordinates": [ [ 138.6283344, -34.90690870000001 ], [ 138.6284545, -34.9070182 ] ] } },
{ "type": "Feature", "properties": { "osm_id": "177839105", "road_name": "Westminster Street", "highway": "residential", "maxspeed_kmh": 40.0, "length_km": 0.018643255894850427 }, "geometry": { "type": "LineString", "coordinates": [ [ 138.628151800000012, -34.906871099999989 ], [ 138.62801060000001, -34.9067514 ] ] } },
{ "type": "Feature", "properties": { "osm_id": "178330801", "road_name": "Edward Street", "highway": "residential", "maxspeed_kmh": 40.0, "length_km": 0.24008881732677095 }, "geometry": { "type": "LineString", "coordinates": [ [ 138.6497565, -34.8965738 ], [ 138.6490696, -34.8958656 ], [ 138.648960499999987, -34.8946319 ] ] } },
{ "type": "Feature", "properties": { "osm_id": "178330804", "road_name": "Henry Street", "highway": "residential", "maxspeed_kmh": 40.0, "length_km": 0.25646350186836192 }, "geometry": { "type": "LineString", "coordinates": [ [ 138.6451921, -34.8969665 ], [ 138.6479723, -34.8968771 ] ] } },
{ "type": "Feature", "properties": { "osm_id": "178330812", "road_name": "Payne Street", "highway": "residential", "maxspeed_kmh": 40.0, "length_km": 0.17007424624086917 }, "geometry": { "type": "LineString", "coordinates": [ [ 138.6408947, -34.8986849 ], [ 138.6410019, -34.900205 ] ] } },
{ "type": "Feature", "properties": { "osm_id": "178330815", "road_name": "John Street", "highway": "residential", "maxspeed_kmh": 40.0, "length_km": 0.26404022805419636 }, "geometry": { "type": "LineString", "coordinates": [ [ 138.648277799999988, -34.8998793 ], [ 138.645413100000013, -34.900006500000011 ] ] } },
{ "type": "Feature", "properties": { "osm_id": "178330824", "road_name": "Henry Street", "highway": "residential", "maxspeed_kmh": 40.0, "length_km": 0.30169500217541584 }, "geometry": { "type": "LineString", "coordinates": [ [ 138.6513081, -34.8964877 ], [ 138.648117500000012, -34.8968528 ] ] } },
{ "type": "Feature", "properties": { "osm_id": "178330825", "road_name": "Edward Street", "highway": "residential", "maxspeed_kmh": 40.0, "length_km": 0.26365100856208934 }, "geometry": { "type": "LineString", "coordinates": [ [ 138.651382899999987, -34.897485 ], [ 138.649719299999987, -34.8975646 ], [ 138.6496383, -34.8965793 ] ] } },
{ "type": "Feature", "properties": { "osm_id": "178330826", "road_name": "George Street", "highway": "residential", "maxspeed_kmh": 40.0, "length_km": 0.33897323407607993 }, "geometry": { "type": "LineString", "coordinates": [ [ 138.6416355, -34.900174 ], [ 138.6414254, -34.8971442 ] ] } },
{ "type": "Feature", "properties": { "osm_id": "178330827", "road_name": "Second Avenue", "highway": "residential", "maxspeed_kmh": 40.0, "length_km": 0.55557424917245113 }, "geometry": { "type": "LineString", "coordinates": [ [ 138.6426261, -34.9028866 ], [ 138.64862260000001, -34.9025365 ] ] } },
{ "type": "Feature", "properties": { "osm_id": "178330828", "road_name": "Davis Road", "highway": "residential", "maxspeed_kmh": 40.0, "length_km": 0.21592015292854874 }, "geometry": { "type": "LineString", "coordinates": [ [ 138.6571227, -34.8972825 ], [ 138.6547803, -34.8973943 ] ] } },
{ "type": "Feature", "properties": { "osm_id": "178330834", "road_name": "Marian Road", "highway": "residential", "maxspeed_kmh": 40.0, "length_km": 0.01122035871869829 }, "geometry": { "type": "LineString", "coordinates": [ [ 138.648287399999987, -34.90141 ], [ 138.6483867, -34.9013517 ] ] } },
{ "type": "Feature", "properties": { "osm_id": "178330836", "road_name": "Ashbrook Avenue", "highway": "residential", "maxspeed_kmh": 40.0, "length_km": 0.16003444744332887 }, "geometry": { "type": "LineString", "coordinates": [ [ 138.6454726, -34.9014846 ], [ 138.6453602, -34.9000548 ] ] } },
{ "type": "Feature", "properties": { "osm_id": "178330906", "road_name": "Charles Street", "highway": "residential", "maxspeed_kmh": 40.0, "length_km": 0.10250261709451161 }, "geometry": { "type": "LineString", "coordinates": [ [ 138.642488899999989, -34.9009391 ], [ 138.6413753, -34.9009607 ] ] } },
{ "type": "Feature", "properties": { "osm_id": "178331036", "road_name": "Douglas Place", "highway": "residential", "maxspeed_kmh": 40.0, "length_km": 0.080487638737070377 }, "geometry": { "type": "LineString", "coordinates": [ [ 138.6416836, -34.9024438 ], [ 138.6416184, -34.9017252 ] ] } },
{ "type": "Feature", "properties": { "osm_id": "178939253", "road_name": "Beaconsfield Street", "highway": "unclassified", "maxspeed_kmh": 40.0, "length_km": 0.18937312304594986 }, "geometry": { "type": "LineString", "coordinates": [ [ 138.60580490000001, -34.9556031 ], [ 138.607861, -34.9555101 ] ] } },
{ "type": "Feature", "properties": { "osm_id": "178939256", "road_name": "Addison Road", "highway": "residential", "maxspeed_kmh": 40.0, "length_km": 0.065182164325967615 }, "geometry": { "type": "LineString", "coordinates": [ [ 138.5789519, -34.9615917 ], [ 138.579456599999986, -34.9620014 ] ] } },
{ "type": "Feature", "properties": { "osm_id": "179095640", "road_name": "Anaconda Drive", "highway": "residential", "maxspeed_kmh": 40.0, "length_km": 0.043431424761204721 }, "geometry": { "type": "LineString", "coordinates": [ [ 138.491390800000033, -34.7968021 ], [ 138.490919600000012, -34.79679740000001 ] ] } },
{ "type": "Feature", "properties": { "osm_id": "179095641", "road_name": "Anaconda Drive", "highway": "residential", "maxspeed_kmh": 40.0, "length_km": 0.29404487041528554 }, "geometry": { "type": "LineString", "coordinates": [ [ 138.488364800000028, -34.7959558 ], [ 138.488589499999989, -34.7958137 ], [ 138.4899526, -34.7958223 ], [ 138.490349, -34.7960152 ], [ 138.4902557, -34.796617 ], [ 138.490553, -34.7966976 ] ] } },
{ "type": "Feature", "properties": { "osm_id": "179095642", "road_name": "Anaconda Drive", "highway": "residential", "maxspeed_kmh": 40.0, "length_km": 0.033692831865185915 }, "geometry": { "type": "LineString", "coordinates": [ [ 138.491390800000033, -34.7968021 ], [ 138.491723799999988, -34.7966813 ] ] } },
{ "type": "Feature", "properties": { "osm_id": "179095644", "road_name": "Anaconda Drive", "highway": "residential", "maxspeed_kmh": 40.0, "length_km": 0.03825508092427414 }, "geometry": { "type": "LineString", "coordinates": [ [ 138.4917542, -34.7969637 ], [ 138.491390800000033, -34.7968021 ] ] } },
{ "type": "Feature", "properties": { "osm_id": "179095646", "road_name": "Anaconda Drive", "highway": "residential", "maxspeed_kmh": 40.0, "length_km": 0.035968732701741855 }, "geometry": { "type": "LineString", "coordinates": [ [ 138.490553, -34.7966976 ], [ 138.490919600000012, -34.79679740000001 ] ] } },
{ "type": "Feature", "properties": { "osm_id": "179095649", "road_name": "Anaconda Drive", "highway": "residential", "maxspeed_kmh": 40.0, "length_km": 0.0380948777617338 }, "geometry": { "type": "LineString", "coordinates": [ [ 138.490919600000012, -34.79679740000001 ], [ 138.490553, -34.7966976 ] ] } },
{ "type": "Feature", "properties": { "osm_id": "179443066", "road_name": "Hilda Terrace", "highway": "residential", "maxspeed_kmh": 40.0, "length_km": 0.064288918176047247 }, "geometry": { "type": "LineString", "coordinates": [ [ 138.59972, -34.9683033 ], [ 138.6001262, -34.9687496 ] ] } },
{ "type": "Feature", "properties": { "osm_id": "179443067", "road_name": "Denning Street", "highway": "residential", "maxspeed_kmh": 40.0, "length_km": 0.42486472476113307 }, "geometry": { "type": "LineString", "coordinates": [ [ 138.601222799999988, -34.9696654 ], [ 138.600935, -34.96587 ] ] } },
{ "type": "Feature", "properties": { "osm_id": "179446971", "road_name": "Whittam Street", "highway": "residential", "maxspeed_kmh": 40.0, "length_km": 0.27780257831088906 }, "geometry": { "type": "LineString", "coordinates": [ [ 138.6101965, -34.9466332 ], [ 138.6071816, -34.9467838 ] ] } },
{ "type": "Feature", "properties": { "osm_id": "179446972", "road_name": "Townsend Street", "highway": "residential", "maxspeed_kmh": 40.0, "length_km": 0.27684015393074818 }, "geometry": { "type": "LineString", "coordinates": [ [ 138.6099853, -34.9439302 ], [ 138.60698210000001, -34.9440952 ] ] } },
{ "type": "Feature", "properties": { "osm_id": "179446976", "road_name": "Maud Street", "highway": "residential", "maxspeed_kmh": 40.0, "length_km": 0.011566967199886294 }, "geometry": { "type": "LineString", "coordinates": [ [ 138.613972, -34.9475034 ], [ 138.6140799, -34.9474502 ] ] } },
{ "type": "Feature", "properties": { "osm_id": "179446978", "road_name": "Dunks Street", "highway": "residential", "maxspeed_kmh": 40.0, "length_km": 0.27760210010102998 }, "geometry": { "type": "LineString", "coordinates": [ [ 138.610100100000011, -34.9453873 ], [ 138.607086500000037, -34.9455215 ] ] } },
{ "type": "Feature", "properties": { "osm_id": "179446979", "road_name": "Leicester Street", "highway": "residential", "maxspeed_kmh": 40.0, "length_km": 0.26196429120183407 }, "geometry": { "type": "LineString", "coordinates": [ [ 138.6101894, -34.946504 ], [ 138.6130306, -34.9463392 ] ] } },
{ "type": "Feature", "properties": { "osm_id": "179446981", "road_name": "Leicester Street", "highway": "residential", "maxspeed_kmh": 40.0, "length_km": 0.73624655650700332 }, "geometry": { "type": "LineString", "coordinates": [ [ 138.621163700000011, -34.9459088 ], [ 138.613175, -34.9463276 ] ] } },
{ "type": "Feature", "properties": { "osm_id": "179446982", "road_name": "Clyde Street", "highway": "residential", "maxspeed_kmh": 40.0, "length_km": 0.2249113073082456 }, "geometry": { "type": "LineString", "coordinates": [ [ 138.609931100000011, -34.9431727 ], [ 138.6074898, -34.943287299999987 ] ] } },
{ "type": "Feature", "properties": { "osm_id": "179448046", "road_name": "Valmai Avenue", "highway": "residential", "maxspeed_kmh": 40.0, "length_km": 0.17287781416650183 }, "geometry": { "type": "LineString", "coordinates": [ [ 138.5944285, -34.9632843 ], [ 138.5925514, -34.9633698 ] ] } },
{ "type": "Feature", "properties": { "osm_id": "179448047", "road_name": "Ningana Avenue", "highway": "residential", "maxspeed_kmh": 40.0, "length_km": 0.52380385820881814 }, "geometry": { "type": "LineString", "coordinates": [ [ 138.59033070000001, -34.9597255 ], [ 138.5911384, -34.9597055 ], [ 138.592381800000027, -34.9610145 ], [ 138.5925514, -34.9633698 ] ] } },
{ "type": "Feature", "properties": { "osm_id": "179448048", "road_name": "Ningana Avenue", "highway": "residential", "maxspeed_kmh": 40.0, "length_km": 0.038044768131333583 }, "geometry": { "type": "LineString", "coordinates": [ [ 138.59033070000001, -34.9597255 ], [ 138.590285, -34.960064 ] ] } },
{ "type": "Feature", "properties": { "osm_id": "179895142", "road_name": "Elizabeth Street", "highway": "residential", "maxspeed_kmh": 40.0, "length_km": 0.073731144914609276 }, "geometry": { "type": "LineString", "coordinates": [ [ 138.521908599999989, -34.885315 ], [ 138.5211323, -34.885445 ] ] } },
{ "type": "Feature", "properties": { "osm_id": "179895146", "road_name": "Honeyton Street", "highway": "residential", "maxspeed_kmh": 40.0, "length_km": 0.2478083031053977 }, "geometry": { "type": "LineString", "coordinates": [ [ 138.5197861, -34.8906304 ], [ 138.5224735, -34.8905 ] ] } },
{ "type": "Feature", "properties": { "osm_id": "179895147", "road_name": "Levistone Street", "highway": "residential", "maxspeed_kmh": 40.0, "length_km": 0.31226463311869773 }, "geometry": { "type": "LineString", "coordinates": [ [ 138.519540799999987, -34.8897241 ], [ 138.5161554, -34.8899013 ] ] } },
{ "type": "Feature", "properties": { "osm_id": "179895148", "road_name": "May Street", "highway": "residential", "maxspeed_kmh": 40.0, "length_km": 0.1699403452022773 }, "geometry": { "type": "LineString", "coordinates": [ [ 138.526142, -34.8864627 ], [ 138.526249, -34.8879813 ] ] } },
{ "type": "Feature", "properties": { "osm_id": "179895149", "road_name": "Mitchell Street East", "highway": "residential", "maxspeed_kmh": 40.0, "length_km": 0.24854583375084552 }, "geometry": { "type": "LineString", "coordinates": [ [ 138.5196489, -34.88882490000001 ], [ 138.5223428, -34.8886754 ] ] } },
{ "type": "Feature", "properties": { "osm_id": "179895152", "road_name": "Park Street South", "highway": "residential", "maxspeed_kmh": 40.0, "length_km": 0.097188062524100685 }, "geometry": { "type": "LineString", "coordinates": [ [ 138.5410804, -34.8829742 ], [ 138.541738900000013, -34.8822942 ] ] } },
{ "type": "Feature", "properties": { "osm_id": "179895153", "road_name": "Park Street South", "highway": "residential", "maxspeed_kmh": 40.0, "length_km": 0.14761716467068858 }, "geometry": { "type": "LineString", "coordinates": [ [ 138.5418406, -34.8821862 ], [ 138.542834699999986, -34.8811533 ] ] } },
{ "type": "Feature", "properties": { "osm_id": "179895157", "road_name": "Todville Street", "highway": "residential", "maxspeed_kmh": 40.0, "length_km": 0.090175080906795463 }, "geometry": { "type": "LineString", "coordinates": [ [ 138.5220013, -34.8853831 ], [ 138.5221603, -34.886173 ] ] } },
{ "type": "Feature", "properties": { "osm_id": "179895164", "road_name": "Fife Street", "highway": "residential", "maxspeed_kmh": 40.0, "length_km": 0.43184604996405307 }, "geometry": { "type": "LineString", "coordinates": [ [ 138.532705099999987, -34.891128599999988 ], [ 138.5352891, -34.891451600000011 ], [ 138.535557399999988, -34.8912964 ], [ 138.537302399999987, -34.8912125 ] ] } },
{ "type": "Feature", "properties": { "osm_id": "179895166", "road_name": "Dale Street", "highway": "residential", "maxspeed_kmh": 40.0, "length_km": 0.13915988210642136 }, "geometry": { "type": "LineString", "coordinates": [ [ 138.5470076, -34.8821992 ], [ 138.5460377, -34.8831358 ] ] } },
{ "type": "Feature", "properties": { "osm_id": "179895172", "road_name": "Glen Eira Street", "highway": "residential", "maxspeed_kmh": 40.0, "length_km": 0.54289038825811597 }, "geometry": { "type": "LineString", "coordinates": [ [ 138.531435, -34.8884138 ], [ 138.5345519, -34.8887931 ], [ 138.5353509, -34.8885985 ], [ 138.5372576, -34.8885255 ] ] } },
{ "type": "Feature", "properties": { "osm_id": "179895175", "road_name": "Oval Avenue", "highway": "residential", "maxspeed_kmh": 40.0, "length_km": 0.092062819618572656 }, "geometry": { "type": "LineString", "coordinates": [ [ 138.5373456, -34.8902211 ], [ 138.5372897, -34.8893983 ] ] } },
{ "type": "Feature", "properties": { "osm_id": "179895176", "road_name": "Park Street North", "highway": "residential", "maxspeed_kmh": 40.0, "length_km": 0.33695278314733923 }, "geometry": { "type": "LineString", "coordinates": [ [ 138.545424700000012, -34.8785264 ], [ 138.543128599999989, -34.880873099999988 ] ] } },
{ "type": "Feature", "properties": { "osm_id": "179895177", "road_name": null, "highway": "residential", "maxspeed_kmh": 40.0, "length_km": 0.056998836943036375 }, "geometry": { "type": "LineString", "coordinates": [ [ 138.5283421, -34.8798984 ], [ 138.528203600000012, -34.8798883 ], [ 138.5282138, -34.8797743 ], [ 138.5283538, -34.879782 ], [ 138.5283421, -34.8798984 ] ] } },
{ "type": "Feature", "properties": { "osm_id": "179895187", "road_name": "Evans Street", "highway": "residential", "maxspeed_kmh": 40.0, "length_km": 0.16745428229046827 }, "geometry": { "type": "LineString", "coordinates": [ [ 138.5308818, -34.8801643 ], [ 138.5323048, -34.8809767 ] ] } },
{ "type": "Feature", "properties": { "osm_id": "179895190", "road_name": null, "highway": "residential", "maxspeed_kmh": 40.0, "length_km": 0.044469968506883222 }, "geometry": { "type": "LineString", "coordinates": [ [ 138.5408081, -34.8870123 ], [ 138.5407988, -34.886909799999984 ], [ 138.5408998, -34.8869098 ], [ 138.540900599999986, -34.8870062 ], [ 138.5408081, -34.8870123 ] ] } },
{ "type": "Feature", "properties": { "osm_id": "179895193", "road_name": null, "highway": "residential", "maxspeed_kmh": 40.0, "length_km": 0.047577266937983254 }, "geometry": { "type": "LineString", "coordinates": [ [ 138.5410104, -34.8893126 ], [ 138.5409331, -34.8892342 ], [ 138.5410075, -34.8891768 ], [ 138.5410994, -34.8892481 ], [ 138.5410104, -34.8893126 ] ] } },
{ "type": "Feature", "properties": { "osm_id": "179895196", "road_name": null, "highway": "residential", "maxspeed_kmh": 40.0, "length_km": 0.045748191247365566 }, "geometry": { "type": "LineString", "coordinates": [ [ 138.5271788, -34.8925774 ], [ 138.5271304, -34.892494 ], [ 138.5272196, -34.8924516 ], [ 138.5272816, -34.892536599999985 ], [ 138.5271788, -34.8925774 ] ] } },
{ "type": "Feature", "properties": { "osm_id": "179895198", "road_name": null, "highway": "residential", "maxspeed_kmh": 40.0, "length_km": 0.047700388372775841 }, "geometry": { "type": "LineString", "coordinates": [ [ 138.532599, -34.8911836 ], [ 138.5325406, -34.8911064 ], [ 138.5326466, -34.8910526 ], [ 138.532705099999987, -34.891128599999988 ], [ 138.532599, -34.8911836 ] ] } },
{ "type": "Feature", "properties": { "osm_id": "179895200", "road_name": null, "highway": "residential", "maxspeed_kmh": 40.0, "length_km": 0.041835598592072448 }, "geometry": { "type": "LineString", "coordinates": [ [ 138.5410398, -34.8983791 ], [ 138.5410478, -34.8982981 ], [ 138.541158, -34.8983089 ], [ 138.5411468, -34.898386199999983 ], [ 138.5410398, -34.8983791 ] ] } },
{ "type": "Feature", "properties": { "osm_id": "179895208", "road_name": null, "highway": "residential", "maxspeed_kmh": 40.0, "length_km": 0.051712376427465366 }, "geometry": { "type": "LineString", "coordinates": [ [ 138.5196593, -34.8907016 ], [ 138.519607900000011, -34.8906177 ], [ 138.5197289, -34.890565 ], [ 138.5197767, -34.890667 ], [ 138.5196593, -34.8907016 ] ] } },
{ "type": "Feature", "properties": { "osm_id": "179895209", "road_name": null, "highway": "residential", "maxspeed_kmh": 40.0, "length_km": 0.051263056412089766 }, "geometry": { "type": "LineString", "coordinates": [ [ 138.53741740000001, -34.8922647 ], [ 138.537405600000028, -34.8921641 ], [ 138.5375323, -34.892152199999984 ], [ 138.5375438, -34.8922571 ], [ 138.53741740000001, -34.8922647 ] ] } },
{ "type": "Feature", "properties": { "osm_id": "179895210", "road_name": null, "highway": "residential", "maxspeed_kmh": 40.0, "length_km": 0.051284802934697039 }, "geometry": { "type": "LineString", "coordinates": [ [ 138.537290399999989, -34.890349799999989 ], [ 138.537278500000014, -34.8902492 ], [ 138.5374052, -34.8902373 ], [ 138.537416799999988, -34.8903422 ], [ 138.537290399999989, -34.890349799999989 ] ] } },
{ "type": "Feature", "properties": { "osm_id": "179895213", "road_name": null, "highway": "residential", "maxspeed_kmh": 40.0, "length_km": 0.051316775381536547 }, "geometry": { "type": "LineString", "coordinates": [ [ 138.537333100000012, -34.8912641 ], [ 138.5373213, -34.8911635 ], [ 138.537448, -34.8911516 ], [ 138.5374596, -34.8912566 ], [ 138.537333100000012, -34.8912641 ] ] } },
{ "type": "Feature", "properties": { "osm_id": "179895215", "road_name": null, "highway": "residential", "maxspeed_kmh": 40.0, "length_km": 0.045933376320657374 }, "geometry": { "type": "LineString", "coordinates": [ [ 138.5260912, -34.8864465 ], [ 138.5260859, -34.8863517 ], [ 138.526187400000026, -34.8863419 ], [ 138.526214, -34.886428599999988 ], [ 138.5260912, -34.8864465 ] ] } },
{ "type": "Feature", "properties": { "osm_id": "179895217", "road_name": null, "highway": "residential", "maxspeed_kmh": 40.0, "length_km": 0.057051716101459093 }, "geometry": { "type": "LineString", "coordinates": [ [ 138.5147912, -34.8827192 ], [ 138.5148087, -34.882607 ], [ 138.5149596, -34.8826339 ], [ 138.514932499999986, -34.8827345 ], [ 138.5147912, -34.8827192 ] ] } },
{ "type": "Feature", "properties": { "osm_id": "179895223", "road_name": "Harvey Street West", "highway": "residential", "maxspeed_kmh": 40.0, "length_km": 0.19611212401584571 }, "geometry": { "type": "LineString", "coordinates": [ [ 138.5437241, -34.8797947 ], [ 138.541996, -34.8787682 ] ] } },
{ "type": "Feature", "properties": { "osm_id": "179895227", "road_name": "Davis Street", "highway": "residential", "maxspeed_kmh": 40.0, "length_km": 0.15718332111515051 }, "geometry": { "type": "LineString", "coordinates": [ [ 138.5394308, -34.8921061 ], [ 138.541136200000011, -34.892034 ] ] } },
{ "type": "Feature", "properties": { "osm_id": "179895230", "road_name": "Oval Avenue", "highway": "residential", "maxspeed_kmh": 40.0, "length_km": 0.063782149370274682 }, "geometry": { "type": "LineString", "coordinates": [ [ 138.5373946, -34.8912821 ], [ 138.5374402, -34.8918518 ] ] } },
{ "type": "Feature", "properties": { "osm_id": "179895243", "road_name": "Hallville Street", "highway": "residential", "maxspeed_kmh": 40.0, "length_km": 0.085940956964856957 }, "geometry": { "type": "LineString", "coordinates": [ [ 138.5196335, -34.8897922 ], [ 138.519691099999989, -34.89056 ] ] } },
{ "type": "Feature", "properties": { "osm_id": "179895244", "road_name": "Flavel Street", "highway": "residential", "maxspeed_kmh": 40.0, "length_km": 0.16883593222652818 }, "geometry": { "type": "LineString", "coordinates": [ [ 138.5221594, -34.892357399999987 ], [ 138.5203285, -34.892447799999985 ] ] } },
{ "type": "Feature", "properties": { "osm_id": "179895245", "road_name": "Birch Street", "highway": "residential", "maxspeed_kmh": 40.0, "length_km": 0.048740327917860787 }, "geometry": { "type": "LineString", "coordinates": [ [ 138.541158, -34.8983089 ], [ 138.5415702, -34.898035 ] ] } },
{ "type": "Feature", "properties": { "osm_id": "179895247", "road_name": "Hallville Street", "highway": "residential", "maxspeed_kmh": 40.0, "length_km": 0.083847315806045722 }, "geometry": { "type": "LineString", "coordinates": [ [ 138.5195673, -34.8889002 ], [ 138.5196214, -34.8896494 ] ] } },
{ "type": "Feature", "properties": { "osm_id": "179895248", "road_name": "Norman Street", "highway": "residential", "maxspeed_kmh": 40.0, "length_km": 0.21503364459062305 }, "geometry": { "type": "LineString", "coordinates": [ [ 138.5398974, -34.8810002 ], [ 138.541727900000012, -34.8821959 ] ] } },
{ "type": "Feature", "properties": { "osm_id": "179895250", "road_name": "Glen Rowan Road", "highway": "residential", "maxspeed_kmh": 40.0, "length_km": 0.22328117763618427 }, "geometry": { "type": "LineString", "coordinates": [ [ 138.534095400000012, -34.885707 ], [ 138.5316967, -34.8854107 ] ] } },
{ "type": "Feature", "properties": { "osm_id": "179895252", "road_name": "Esk Street", "highway": "residential", "maxspeed_kmh": 40.0, "length_km": 0.094197005984770613 }, "geometry": { "type": "LineString", "coordinates": [ [ 138.5326117, -34.8910503 ], [ 138.5325598, -34.8902082 ] ] } },
{ "type": "Feature", "properties": { "osm_id": "179895254", "road_name": "Oval Avenue", "highway": "residential", "maxspeed_kmh": 40.0, "length_km": 0.085908267816609388 }, "geometry": { "type": "LineString", "coordinates": [ [ 138.5373883, -34.8911354 ], [ 138.53734080000001, -34.8903674 ] ] } },
{ "type": "Feature", "properties": { "osm_id": "179895256", "road_name": "Field Court", "highway": "residential", "maxspeed_kmh": 40.0, "length_km": 0.10866944449715027 }, "geometry": { "type": "LineString", "coordinates": [ [ 138.5271109, -34.8912108 ], [ 138.5271769, -34.892182 ] ] } },
{ "type": "Feature", "properties": { "osm_id": "179895258", "road_name": "Hughes Street South", "highway": "residential", "maxspeed_kmh": 40.0, "length_km": 0.10468041699819071 }, "geometry": { "type": "LineString", "coordinates": [ [ 138.5390209, -34.8817883 ], [ 138.5383104, -34.8825199 ] ] } },
{ "type": "Feature", "properties": { "osm_id": "179895260", "road_name": "Hallville Street", "highway": "residential", "maxspeed_kmh": 40.0, "length_km": 0.095997351262231065 }, "geometry": { "type": "LineString", "coordinates": [ [ 138.5197016, -34.8907078 ], [ 138.519766800000014, -34.8915654 ] ] } },
{ "type": "Feature", "properties": { "osm_id": "179895261", "road_name": "Bower Street", "highway": "residential", "maxspeed_kmh": 40.0, "length_km": 0.21569753746775272 }, "geometry": { "type": "LineString", "coordinates": [ [ 138.5409683, -34.882984 ], [ 138.539139200000022, -34.8817773 ] ] } },
{ "type": "Feature", "properties": { "osm_id": "179895262", "road_name": "Hughes Street South", "highway": "residential", "maxspeed_kmh": 40.0, "length_km": 0.096793123217560881 }, "geometry": { "type": "LineString", "coordinates": [ [ 138.5391228, -34.881680200000012 ], [ 138.539784700000013, -34.881007 ] ] } },
{ "type": "Feature", "properties": { "osm_id": "179895263", "road_name": "Robins Avenue", "highway": "residential", "maxspeed_kmh": 40.0, "length_km": 0.083261839132665022 }, "geometry": { "type": "LineString", "coordinates": [ [ 138.5269901, -34.9003153 ], [ 138.5270391, -34.9010595 ] ] } },
{ "type": "Feature", "properties": { "osm_id": "179895264", "road_name": "Hallville Street", "highway": "residential", "maxspeed_kmh": 40.0, "length_km": 0.077897233993578202 }, "geometry": { "type": "LineString", "coordinates": [ [ 138.519509699999986, -34.8880613 ], [ 138.519558600000011, -34.8887574 ] ] } },
{ "type": "Feature", "properties": { "osm_id": "179895265", "road_name": "Haynes Crescent", "highway": "residential", "maxspeed_kmh": 40.0, "length_km": 0.079453436426563107 }, "geometry": { "type": "LineString", "coordinates": [ [ 138.539344699999987, -34.8920454 ], [ 138.5392985, -34.8913352 ] ] } },
{ "type": "Feature", "properties": { "osm_id": "179895268", "road_name": "Shirley Avenue", "highway": "residential", "maxspeed_kmh": 40.0, "length_km": 0.11280231435285719 }, "geometry": { "type": "LineString", "coordinates": [ [ 138.527145600000011, -34.8835474 ], [ 138.5259221, -34.8836025 ] ] } },
{ "type": "Feature", "properties": { "osm_id": "179895269", "road_name": "Fourth Avenue", "highway": "residential", "maxspeed_kmh": 40.0, "length_km": 0.053167130327350487 }, "geometry": { "type": "LineString", "coordinates": [ [ 138.5165649, -34.8833607 ], [ 138.5165384, -34.8828853 ] ] } },
{ "type": "Feature", "properties": { "osm_id": "179895270", "road_name": "Jones Street", "highway": "residential", "maxspeed_kmh": 40.0, "length_km": 0.11320968870469579 }, "geometry": { "type": "LineString", "coordinates": [ [ 138.5369446, -34.8816262 ], [ 138.537699300000014, -34.8808261 ] ] } },
{ "type": "Feature", "properties": { "osm_id": "179895271", "road_name": "Hewitt Crescent", "highway": "residential", "maxspeed_kmh": 40.0, "length_km": 0.080832025920943851 }, "geometry": { "type": "LineString", "coordinates": [ [ 138.5394124, -34.8930701 ], [ 138.539369599999986, -34.8923474 ] ] } },
{ "type": "Feature", "properties": { "osm_id": "179895274", "road_name": "Morley Road", "highway": "residential", "maxspeed_kmh": 40.0, "length_km": 0.13338996328798117 }, "geometry": { "type": "LineString", "coordinates": [ [ 138.5164163, -34.8825938 ], [ 138.514969799999989, -34.8826628 ] ] } },
{ "type": "Feature", "properties": { "osm_id": "179895278", "road_name": null, "highway": "residential", "maxspeed_kmh": 40.0, "length_km": 0.057084151540782148 }, "geometry": { "type": "LineString", "coordinates": [ [ 138.516435800000011, -34.882639299999987 ], [ 138.5164531, -34.8825272 ], [ 138.516604300000012, -34.882554 ], [ 138.516577, -34.8826547 ], [ 138.516435800000011, -34.882639299999987 ] ] } },
{ "type": "Feature", "properties": { "osm_id": "179895282", "road_name": null, "highway": "residential", "maxspeed_kmh": 40.0, "length_km": 0.050137215089239427 }, "geometry": { "type": "LineString", "coordinates": [ [ 138.51949110000001, -34.888787 ], [ 138.5196129, -34.8887709 ], [ 138.519631800000013, -34.888871399999985 ], [ 138.5195086, -34.8888855 ], [ 138.51949110000001, -34.888787 ] ] } },
{ "type": "Feature", "properties": { "osm_id": "179895283", "road_name": null, "highway": "residential", "maxspeed_kmh": 40.0, "length_km": 0.05017938469088034 }, "geometry": { "type": "LineString", "coordinates": [ [ 138.5194333, -34.887948 ], [ 138.5195553, -34.8879319 ], [ 138.5195742, -34.8880325 ], [ 138.519451, -34.8880466 ], [ 138.5194333, -34.887948 ] ] } },
{ "type": "Feature", "properties": { "osm_id": "179895284", "road_name": null, "highway": "residential", "maxspeed_kmh": 40.0, "length_km": 0.05017074215695156 }, "geometry": { "type": "LineString", "coordinates": [ [ 138.519557099999986, -34.889679 ], [ 138.519679200000013, -34.8896628 ], [ 138.519698, -34.8897634 ], [ 138.519574799999987, -34.8897775 ], [ 138.519557099999986, -34.889679 ] ] } },
{ "type": "Feature", "properties": { "osm_id": "179895285", "road_name": null, "highway": "residential", "maxspeed_kmh": 40.0, "length_km": 0.050174814197152001 }, "geometry": { "type": "LineString", "coordinates": [ [ 138.521925, -34.8852699 ], [ 138.5220469, -34.8852537 ], [ 138.5220659, -34.8853543 ], [ 138.521942599999988, -34.8853684 ], [ 138.521925, -34.8852699 ] ] } },
{ "type": "Feature", "properties": { "osm_id": "179895290", "road_name": "Glenavon Street", "highway": "residential", "maxspeed_kmh": 40.0, "length_km": 0.33069163137252466 }, "geometry": { "type": "LineString", "coordinates": [ [ 138.5374383, -34.8902908 ], [ 138.541026100000011, -34.8901387 ] ] } },
{ "type": "Feature", "properties": { "osm_id": "179895294", "road_name": "Osborne Avenue", "highway": "residential", "maxspeed_kmh": 40.0, "length_km": 0.5778196977341008 }, "geometry": { "type": "LineString", "coordinates": [ [ 138.545983600000028, -34.8863169 ], [ 138.541096399999986, -34.8830714 ] ] } },
{ "type": "Feature", "properties": { "osm_id": "179895299", "road_name": "Gay Court", "highway": "residential", "maxspeed_kmh": 40.0, "length_km": 0.030915330950796484 }, "geometry": { "type": "LineString", "coordinates": [ [ 138.5411468, -34.898386199999983 ], [ 138.541256299999986, -34.8986446 ] ] } },
{ "type": "Feature", "properties": { "osm_id": "179895305", "road_name": "Fife Street", "highway": "residential", "maxspeed_kmh": 40.0, "length_km": 0.05408654846994905 }, "geometry": { "type": "LineString", "coordinates": [ [ 138.5325406, -34.8911064 ], [ 138.531959300000011, -34.8910368 ] ] } },
{ "type": "Feature", "properties": { "osm_id": "179895306", "road_name": "Woodlands Crescent", "highway": "residential", "maxspeed_kmh": 40.0, "length_km": 0.085091305814615437 }, "geometry": { "type": "LineString", "coordinates": [ [ 138.54184570000001, -34.8868846 ], [ 138.540927, -34.8869568 ] ] } },
{ "type": "Feature", "properties": { "osm_id": "179895310", "road_name": "McMahon Place", "highway": "residential", "maxspeed_kmh": 40.0, "length_km": 0.067940373837506285 }, "geometry": { "type": "LineString", "coordinates": [ [ 138.5142143, -34.8865676 ], [ 138.51426, -34.8862909 ], [ 138.514341699999989, -34.8865605 ] ] } },
{ "type": "Feature", "properties": { "osm_id": "179895314", "road_name": "Foot Avenue", "highway": "residential", "maxspeed_kmh": 40.0, "length_km": 0.20182808211347891 }, "geometry": { "type": "LineString", "coordinates": [ [ 138.5203993, -34.89334430000001 ], [ 138.520266099999986, -34.8915411 ] ] } },
{ "type": "Feature", "properties": { "osm_id": "179895316", "road_name": "Minns Street East", "highway": "residential", "maxspeed_kmh": 40.0, "length_km": 0.28616796645753306 }, "geometry": { "type": "LineString", "coordinates": [ [ 138.5226937, -34.8878265 ], [ 138.5195912, -34.887986 ] ] } },
{ "type": "Feature", "properties": { "osm_id": "179895321", "road_name": "Victor Avenue", "highway": "residential", "maxspeed_kmh": 40.0, "length_km": 0.23984271396437773 }, "geometry": { "type": "LineString", "coordinates": [ [ 138.5313009, -34.88854 ], [ 138.5286997, -34.8886629 ] ] } },
{ "type": "Feature", "properties": { "osm_id": "179895322", "road_name": "Harvey Street East", "highway": "residential", "maxspeed_kmh": 40.0, "length_km": 0.36475371295241454 }, "geometry": { "type": "LineString", "coordinates": [ [ 138.5469966, -34.8821009 ], [ 138.5440051, -34.8799676 ] ] } },
{ "type": "Feature", "properties": { "osm_id": "179895328", "road_name": "Harvey Street East", "highway": "residential", "maxspeed_kmh": 40.0, "length_km": 0.27555800456858204 }, "geometry": { "type": "LineString", "coordinates": [ [ 138.547119900000013, -34.8821925 ], [ 138.5493291, -34.8838539 ] ] } },
{ "type": "Feature", "properties": { "osm_id": "179895329", "road_name": "Russell Terrace", "highway": "residential", "maxspeed_kmh": 40.0, "length_km": 0.045503166800841349 }, "geometry": { "type": "LineString", "coordinates": [ [ 138.5489277, -34.885999 ], [ 138.5487266, -34.8856528 ] ] } },
{ "type": "Feature", "properties": { "osm_id": "179895332", "road_name": "Park Street North", "highway": "residential", "maxspeed_kmh": 40.0, "length_km": 0.023794450607942542 }, "geometry": { "type": "LineString", "coordinates": [ [ 138.548624600000011, -34.8754337 ], [ 138.5483965, -34.8755014 ] ] } },
{ "type": "Feature", "properties": { "osm_id": "179895336", "road_name": "Oval Avenue", "highway": "residential", "maxspeed_kmh": 40.0, "length_km": 0.15005290874433841 }, "geometry": { "type": "LineString", "coordinates": [ [ 138.5372781, -34.8842045 ], [ 138.53828630000001, -34.8831491 ] ] } },
{ "type": "Feature", "properties": { "osm_id": "179895340", "road_name": "James Street", "highway": "residential", "maxspeed_kmh": 40.0, "length_km": 0.22408329663132703 }, "geometry": { "type": "LineString", "coordinates": [ [ 138.5282712, -34.8797544 ], [ 138.5281673, -34.8777555 ] ] } },
{ "type": "Feature", "properties": { "osm_id": "179895344", "road_name": "Dale Street", "highway": "residential", "maxspeed_kmh": 40.0, "length_km": 0.094994997782625032 }, "geometry": { "type": "LineString", "coordinates": [ [ 138.547109299999988, -34.8820912 ], [ 138.547802, -34.8814655 ] ] } },
{ "type": "Feature", "properties": { "osm_id": "179895345", "road_name": "Rofe Court", "highway": "residential", "maxspeed_kmh": 40.0, "length_km": 0.14712250006712704 }, "geometry": { "type": "LineString", "coordinates": [ [ 138.5485933, -34.8807021 ], [ 138.5497919, -34.8815619 ] ] } },
{ "type": "Feature", "properties": { "osm_id": "179895346", "road_name": "James Street", "highway": "residential", "maxspeed_kmh": 40.0, "length_km": 0.30787740936956642 }, "geometry": { "type": "LineString", "coordinates": [ [ 138.528439100000014, -34.8826682 ], [ 138.528282600000011, -34.8799168 ] ] } },
{ "type": "Feature", "properties": { "osm_id": "179895347", "road_name": "Agnes Street", "highway": "residential", "maxspeed_kmh": 40.0, "length_km": 0.13650523999846453 }, "geometry": { "type": "LineString", "coordinates": [ [ 138.519427400000012, -34.8870178 ], [ 138.5209075, -34.8869434 ] ] } },
{ "type": "Feature", "properties": { "osm_id": "179895350", "road_name": "Holden Avenue", "highway": "residential", "maxspeed_kmh": 40.0, "length_km": 0.22061251624156722 }, "geometry": { "type": "LineString", "coordinates": [ [ 138.528513300000014, -34.882723 ], [ 138.5309043, -34.8825904 ] ] } },
{ "type": "Feature", "properties": { "osm_id": "179895351", "road_name": "Claire Street", "highway": "residential", "maxspeed_kmh": 40.0, "length_km": 0.215972552280701 }, "geometry": { "type": "LineString", "coordinates": [ [ 138.528377799999987, -34.8798277 ], [ 138.530720300000013, -34.8797234 ] ] } },
{ "type": "Feature", "properties": { "osm_id": "179895353", "road_name": "Hughes Street South", "highway": "residential", "maxspeed_kmh": 40.0, "length_km": 0.16248417914639512 }, "geometry": { "type": "LineString", "coordinates": [ [ 138.5398863, -34.880899 ], [ 138.540983899999986, -34.8797631 ] ] } },
{ "type": "Feature", "properties": { "osm_id": "179895354", "road_name": "Ledger Road", "highway": "residential", "maxspeed_kmh": 40.0, "length_km": 0.24068012216279192 }, "geometry": { "type": "LineString", "coordinates": [ [ 138.54084, -34.886895 ], [ 138.540638699999988, -34.8849722 ], [ 138.540764200000012, -34.8847771 ] ] } },
{ "type": "Feature", "properties": { "osm_id": "179895357", "road_name": "Kemp Street", "highway": "residential", "maxspeed_kmh": 40.0, "length_km": 0.0087341726122238603 }, "geometry": { "type": "LineString", "coordinates": [ [ 138.537706200000031, -34.8780672 ], [ 138.5377765, -34.8781197 ] ] } },
{ "type": "Feature", "properties": { "osm_id": "179895359", "road_name": "Reserve Parade", "highway": "residential", "maxspeed_kmh": 40.0, "length_km": 0.37739361238086172 }, "geometry": { "type": "LineString", "coordinates": [ [ 138.527284400000013, -34.8925048 ], [ 138.531378, -34.892317 ] ] } },
{ "type": "Feature", "properties": { "osm_id": "179895365", "road_name": "Minns Street East", "highway": "residential", "maxspeed_kmh": 40.0, "length_km": 0.16976205494040794 }, "geometry": { "type": "LineString", "coordinates": [ [ 138.517584, -34.8880511 ], [ 138.51941690000001, -34.8879932 ] ] } },
{ "type": "Feature", "properties": { "osm_id": "179895366", "road_name": "Birch Street", "highway": "residential", "maxspeed_kmh": 40.0, "length_km": 0.25843502966559284 }, "geometry": { "type": "LineString", "coordinates": [ [ 138.5410398, -34.8983791 ], [ 138.5392435, -34.9001493 ] ] } },
{ "type": "Feature", "properties": { "osm_id": "179895369", "road_name": "Pinda Street", "highway": "residential", "maxspeed_kmh": 40.0, "length_km": 0.072550281040124023 }, "geometry": { "type": "LineString", "coordinates": [ [ 138.549173, -34.8847406 ], [ 138.5498105, -34.8851062 ] ] } },
{ "type": "Feature", "properties": { "osm_id": "179895372", "road_name": "Bower Street", "highway": "residential", "maxspeed_kmh": 40.0, "length_km": 0.3869209576292878 }, "geometry": { "type": "LineString", "coordinates": [ [ 138.5357218, -34.879496399999987 ], [ 138.5324535, -34.8773197 ] ] } },
{ "type": "Feature", "properties": { "osm_id": "179895375", "road_name": "Glenhuntley Street", "highway": "residential", "maxspeed_kmh": 40.0, "length_km": 0.5395937229872807 }, "geometry": { "type": "LineString", "coordinates": [ [ 138.5371896, -34.8875626 ], [ 138.5343243, -34.8876948 ], [ 138.531365, -34.8873324 ] ] } },
{ "type": "Feature", "properties": { "osm_id": "179895376", "road_name": "Russell Terrace", "highway": "residential", "maxspeed_kmh": 40.0, "length_km": 0.10266006954487007 }, "geometry": { "type": "LineString", "coordinates": [ [ 138.5479118, -34.8850534 ], [ 138.5487266, -34.8856528 ] ] } },
{ "type": "Feature", "properties": { "osm_id": "179895377", "road_name": "Agnes Street", "highway": "residential", "maxspeed_kmh": 40.0, "length_km": 0.073543540631524865 }, "geometry": { "type": "LineString", "coordinates": [ [ 138.5188086, -34.8866024 ], [ 138.519427400000012, -34.8870178 ] ] } },
{ "type": "Feature", "properties": { "osm_id": "179895379", "road_name": "Martins Road", "highway": "residential", "maxspeed_kmh": 40.0, "length_km": 0.13228125826476381 }, "geometry": { "type": "LineString", "coordinates": [ [ 138.5175078, -34.8875092 ], [ 138.517047600000012, -34.8872402 ], [ 138.516180100000014, -34.8872812 ] ] } },
{ "type": "Feature", "properties": { "osm_id": "179895381", "road_name": "Pitman Avenue", "highway": "residential", "maxspeed_kmh": 40.0, "length_km": 0.47790101399284213 }, "geometry": { "type": "LineString", "coordinates": [ [ 138.5257977, -34.8817935 ], [ 138.530979699999989, -34.8815413 ] ] } },
{ "type": "Feature", "properties": { "osm_id": "179895383", "road_name": "Morley Road", "highway": "residential", "maxspeed_kmh": 40.0, "length_km": 0.25195218055820356 }, "geometry": { "type": "LineString", "coordinates": [ [ 138.51661390000001, -34.8825915 ], [ 138.518241, -34.8825296 ], [ 138.5191309, -34.8830618 ] ] } },
{ "type": "Feature", "properties": { "osm_id": "179895384", "road_name": "Park Street North", "highway": "residential", "maxspeed_kmh": 40.0, "length_km": 0.41965221076513443 }, "geometry": { "type": "LineString", "coordinates": [ [ 138.545532400000013, -34.8784234 ], [ 138.5483965, -34.8755014 ] ] } },
{ "type": "Feature", "properties": { "osm_id": "179895386", "road_name": "Russell Terrace", "highway": "residential", "maxspeed_kmh": 40.0, "length_km": 0.23291983188130888 }, "geometry": { "type": "LineString", "coordinates": [ [ 138.540983899999986, -34.8797631 ], [ 138.542834699999986, -34.8811533 ] ] } },
{ "type": "Feature", "properties": { "osm_id": "179895388", "road_name": "Norman Street", "highway": "residential", "maxspeed_kmh": 40.0, "length_km": 0.19081757314040704 }, "geometry": { "type": "LineString", "coordinates": [ [ 138.538443699999988, -34.8796724 ], [ 138.538908099999986, -34.8803407 ], [ 138.539774100000017, -34.8809086 ] ] } },
{ "type": "Feature", "properties": { "osm_id": "179895391", "road_name": "Glen Rowan Road", "highway": "residential", "maxspeed_kmh": 40.0, "length_km": 0.02807763459656509 }, "geometry": { "type": "LineString", "coordinates": [ [ 138.5314152, -34.88531720000001 ], [ 138.5316967, -34.8854107 ] ] } },
{ "type": "Feature", "properties": { "osm_id": "179895393", "road_name": "Glengarry Street", "highway": "residential", "maxspeed_kmh": 40.0, "length_km": 0.55229903505031719 }, "geometry": { "type": "LineString", "coordinates": [ [ 138.5311605, -34.8863129 ], [ 138.534568799999988, -34.8867037 ], [ 138.5371231, -34.88660380000001 ] ] } },
{ "type": "Feature", "properties": { "osm_id": "179895394", "road_name": "Beaufort Street", "highway": "residential", "maxspeed_kmh": 40.0, "length_km": 0.34556087456829637 }, "geometry": { "type": "LineString", "coordinates": [ [ 138.5455462, -34.8785165 ], [ 138.548352200000011, -34.880554 ] ] } },
{ "type": "Feature", "properties": { "osm_id": "179895396", "road_name": "Belmore Terrace", "highway": "residential", "maxspeed_kmh": 40.0, "length_km": 0.31974235589024824 }, "geometry": { "type": "LineString", "coordinates": [ [ 138.5413201, -34.8794737 ], [ 138.5387596, -34.8775532 ] ] } },
{ "type": "Feature", "properties": { "osm_id": "179895397", "road_name": "Koolunda Lane", "highway": "residential", "maxspeed_kmh": 40.0, "length_km": 0.14968406558472119 }, "geometry": { "type": "LineString", "coordinates": [ [ 138.5400388, -34.8850003 ], [ 138.53882, -34.884157700000017 ] ] } },
{ "type": "Feature", "properties": { "osm_id": "179895398", "road_name": "Duncan Street", "highway": "residential", "maxspeed_kmh": 40.0, "length_km": 0.20149723039719294 }, "geometry": { "type": "LineString", "coordinates": [ [ 138.531649, -34.8933768 ], [ 138.529485599999987, -34.8933474 ] ] } },
{ "type": "Feature", "properties": { "osm_id": "179895400", "road_name": "Sage Crescent", "highway": "residential", "maxspeed_kmh": 40.0, "length_km": 0.2396610311010727 }, "geometry": { "type": "LineString", "coordinates": [ [ 138.5311906, -34.8869082 ], [ 138.529480200000023, -34.8869621 ], [ 138.5294053, -34.886239 ] ] } },
{ "type": "Feature", "properties": { "osm_id": "179895401", "road_name": "Russell Terrace", "highway": "residential", "maxspeed_kmh": 40.0, "length_km": 0.25133689672917792 }, "geometry": { "type": "LineString", "coordinates": [ [ 138.542834699999986, -34.8811533 ], [ 138.544754899999987, -34.8826924 ] ] } },
{ "type": "Feature", "properties": { "osm_id": "179895402", "road_name": "Pioneer Street", "highway": "residential", "maxspeed_kmh": 40.0, "length_km": 0.46212512552823842 }, "geometry": { "type": "LineString", "coordinates": [ [ 138.522193, -34.8955829 ], [ 138.5221056, -34.8914517 ] ] } },
{ "type": "Feature", "properties": { "osm_id": "179895403", "road_name": "Dominion Avenue", "highway": "residential", "maxspeed_kmh": 40.0, "length_km": 0.21521624983461088 }, "geometry": { "type": "LineString", "coordinates": [ [ 138.5248051, -34.8960462 ], [ 138.5256815, -34.8960892 ], [ 138.5257368, -34.8972621 ] ] } },
{ "type": "Feature", "properties": { "osm_id": "179895407", "road_name": "Russell Terrace", "highway": "residential", "maxspeed_kmh": 40.0, "length_km": 0.28000646759924946 }, "geometry": { "type": "LineString", "coordinates": [ [ 138.5456941, -34.8833639 ], [ 138.5479118, -34.8850534 ] ] } },
{ "type": "Feature", "properties": { "osm_id": "179895410", "road_name": "Drummond Avenue", "highway": "residential", "maxspeed_kmh": 40.0, "length_km": 0.86121385016982155 }, "geometry": { "type": "LineString", "coordinates": [ [ 138.527209199999987, -34.8925815 ], [ 138.5277297, -34.900278299999989 ] ] } },
{ "type": "Feature", "properties": { "osm_id": "179895411", "road_name": "Belmore Terrace", "highway": "residential", "maxspeed_kmh": 40.0, "length_km": 0.23073838178143269 }, "geometry": { "type": "LineString", "coordinates": [ [ 138.543128599999989, -34.880873099999988 ], [ 138.5413201, -34.8794737 ] ] } },
{ "type": "Feature", "properties": { "osm_id": "180061100", "road_name": "Beach Street", "highway": "residential", "maxspeed_kmh": 40.0, "length_km": 0.29549539090079557 }, "geometry": { "type": "LineString", "coordinates": [ [ 138.496549800000025, -34.904816 ], [ 138.499754700000011, -34.9046602 ] ] } },
{ "type": "Feature", "properties": { "osm_id": "180061104", "road_name": "Dumfires Avenue", "highway": "residential", "maxspeed_kmh": 40.0, "length_km": 0.19576681564221421 }, "geometry": { "type": "LineString", "coordinates": [ [ 138.5178096, -34.9017152 ], [ 138.5156863, -34.9018182 ] ] } },
{ "type": "Feature", "properties": { "osm_id": "180061106", "road_name": "Dumfries Avenue", "highway": "residential", "maxspeed_kmh": 40.0, "length_km": 0.21338158118154357 }, "geometry": { "type": "LineString", "coordinates": [ [ 138.5202682, -34.901609 ], [ 138.5179535, -34.9017152 ] ] } },
{ "type": "Feature", "properties": { "osm_id": "180061109", "road_name": "Esplanade", "highway": "residential", "maxspeed_kmh": 40.0, "length_km": 0.055250605735020671 }, "geometry": { "type": "LineString", "coordinates": [ [ 138.489395, -34.902552 ], [ 138.489476599999989, -34.9030402 ] ] } },
{ "type": "Feature", "properties": { "osm_id": "180061113", "road_name": "Kingborn Avenue", "highway": "residential", "maxspeed_kmh": 40.0, "length_km": 0.65275919563588314 }, "geometry": { "type": "LineString", "coordinates": [ [ 138.5203495, -34.9015275 ], [ 138.5199796, -34.8957008 ] ] } },
{ "type": "Feature", "properties": { "osm_id": "180061124", "road_name": "Seaview Road", "highway": "secondary", "maxspeed_kmh": 40.0, "length_km": 0.12148077244722602 }, "geometry": { "type": "LineString", "coordinates": [ [ 138.494482799999986, -34.9201777 ], [ 138.4941382, -34.9191293 ] ] } },
{ "type": "Feature", "properties": { "osm_id": "180061126", "road_name": "Surrey Street", "highway": "residential", "maxspeed_kmh": 40.0, "length_km": 0.28966072827913975 }, "geometry": { "type": "LineString", "coordinates": [ [ 138.4964464, -34.904759 ], [ 138.4962554, -34.9021712 ] ] } },
{ "type": "Feature", "properties": { "osm_id": "180061130", "road_name": "Sando Street", "highway": "residential", "maxspeed_kmh": 40.0, "length_km": 0.24816616924797677 }, "geometry": { "type": "LineString", "coordinates": [ [ 138.5251661, -34.9026408 ], [ 138.5251201, -34.9021973 ], [ 138.524711700000012, -34.9017666 ], [ 138.524236300000013, -34.9015555 ], [ 138.523292, -34.9015968 ] ] } },
{ "type": "Feature", "properties": { "osm_id": "180061134", "road_name": "Beach Street", "highway": "residential", "maxspeed_kmh": 40.0, "length_km": 0.4906002078615051 }, "geometry": { "type": "LineString", "coordinates": [ [ 138.499754700000011, -34.9046602 ], [ 138.5011763, -34.9046822 ], [ 138.501854900000012, -34.9049462 ], [ 138.5040028, -34.9068337 ] ] } },
{ "type": "Feature", "properties": { "osm_id": "180061137", "road_name": "Beach Street", "highway": "residential", "maxspeed_kmh": 40.0, "length_km": 0.031508943659781706 }, "geometry": { "type": "LineString", "coordinates": [ [ 138.5040028, -34.9068337 ], [ 138.503734, -34.9066669 ] ] } },
{ "type": "Feature", "properties": { "osm_id": "180061139", "road_name": null, "highway": "residential", "maxspeed_kmh": 40.0, "length_km": 0.04104090945955758 }, "geometry": { "type": "LineString", "coordinates": [ [ 138.51794380000004, -34.9017447 ], [ 138.5178455, -34.9017663 ], [ 138.5178192, -34.9016857 ], [ 138.51791750000001, -34.9016641 ], [ 138.51794380000004, -34.9017447 ] ] } },
{ "type": "Feature", "properties": { "osm_id": "180061147", "road_name": null, "highway": "tertiary", "maxspeed_kmh": 40.0, "length_km": 0.037613794352154631 }, "geometry": { "type": "LineString", "coordinates": [ [ 138.497570200000013, -34.9021264 ], [ 138.497488299999986, -34.9021414 ], [ 138.4974626, -34.9020653 ], [ 138.4975526, -34.9020479 ], [ 138.497570200000013, -34.9021264 ] ] } },
{ "type": "Feature", "properties": { "osm_id": "180061152", "road_name": null, "highway": "residential", "maxspeed_kmh": 40.0, "length_km": 0.037652655435388295 }, "geometry": { "type": "LineString", "coordinates": [ [ 138.515783, -34.903783 ], [ 138.515701400000012, -34.9038213 ], [ 138.5156561, -34.9037564 ], [ 138.515737699999988, -34.903718 ], [ 138.515783, -34.903783 ] ] } },
{ "type": "Feature", "properties": { "osm_id": "180061154", "road_name": null, "highway": "residential", "maxspeed_kmh": 40.0, "length_km": 0.050606116452250535 }, "geometry": { "type": "LineString", "coordinates": [ [ 138.5251709, -34.9027853 ], [ 138.5250848, -34.9027222 ], [ 138.5251661, -34.9026408 ], [ 138.5252604, -34.9027087 ], [ 138.5251709, -34.9027853 ] ] } },
{ "type": "Feature", "properties": { "osm_id": "180061156", "road_name": null, "highway": "residential", "maxspeed_kmh": 40.0, "length_km": 0.062923886693107792 }, "geometry": { "type": "LineString", "coordinates": [ [ 138.492672700000014, -34.905132 ], [ 138.492540100000014, -34.9050697 ], [ 138.492608400000023, -34.904960499999987 ], [ 138.492749800000013, -34.9050178 ], [ 138.492672700000014, -34.905132 ] ] } },
{ "type": "Feature", "properties": { "osm_id": "180061157", "road_name": null, "highway": "residential", "maxspeed_kmh": 40.0, "length_km": 0.050687610617085099 }, "geometry": { "type": "LineString", "coordinates": [ [ 138.525282, -34.9043343 ], [ 138.5251959, -34.9042713 ], [ 138.5252772, -34.9041898 ], [ 138.5253715, -34.904257799999989 ], [ 138.525282, -34.9043343 ] ] } },
{ "type": "Feature", "properties": { "osm_id": "180061160", "road_name": null, "highway": "residential", "maxspeed_kmh": 40.0, "length_km": 0.050605840730234448 }, "geometry": { "type": "LineString", "coordinates": [ [ 138.520354200000014, -34.901671899999982 ], [ 138.5202682, -34.901609 ], [ 138.5203495, -34.9015275 ], [ 138.520443699999987, -34.9015954 ], [ 138.520354200000014, -34.901671899999982 ] ] } },
{ "type": "Feature", "properties": { "osm_id": "180061162", "road_name": null, "highway": "residential", "maxspeed_kmh": 40.0, "length_km": 0.061554389702341887 }, "geometry": { "type": "LineString", "coordinates": [ [ 138.495179900000011, -34.9049978 ], [ 138.495067400000011, -34.9049141 ], [ 138.495170699999989, -34.904822 ], [ 138.495281799999987, -34.9049128 ], [ 138.495179900000011, -34.9049978 ] ] } },
{ "type": "Feature", "properties": { "osm_id": "180061167", "road_name": null, "highway": "tertiary", "maxspeed_kmh": 40.0, "length_km": 0.039023308202236061 }, "geometry": { "type": "LineString", "coordinates": [ [ 138.4949966, -34.9021837 ], [ 138.4950451, -34.9022505 ], [ 138.4949612, -34.9022912 ], [ 138.4949133, -34.902223500000012 ], [ 138.4949966, -34.9021837 ] ] } },
{ "type": "Feature", "properties": { "osm_id": "180061169", "road_name": null, "highway": "residential", "maxspeed_kmh": 40.0, "length_km": 0.050619036578759012 }, "geometry": { "type": "LineString", "coordinates": [ [ 138.520588, -34.9050717 ], [ 138.5204943, -34.9049999 ], [ 138.5205771, -34.9049272 ], [ 138.5206713, -34.9049952 ], [ 138.520588, -34.9050717 ] ] } },
{ "type": "Feature", "properties": { "osm_id": "180061175", "road_name": null, "highway": "residential", "maxspeed_kmh": 40.0, "length_km": 0.040073596809841475 }, "geometry": { "type": "LineString", "coordinates": [ [ 138.4901113, -34.9024789 ], [ 138.4900394, -34.9025265 ], [ 138.4899732, -34.9024645 ], [ 138.490057, -34.9024135 ], [ 138.4901113, -34.9024789 ] ] } },
{ "type": "Feature", "properties": { "osm_id": "180061177", "road_name": null, "highway": "residential", "maxspeed_kmh": 40.0, "length_km": 0.06284940057659591 }, "geometry": { "type": "LineString", "coordinates": [ [ 138.496480100000014, -34.9049344 ], [ 138.4963455, -34.9048798 ], [ 138.496412, -34.904764 ], [ 138.496549800000025, -34.904816 ], [ 138.496480100000014, -34.9049344 ] ] } },
{ "type": "Feature", "properties": { "osm_id": "180061179", "road_name": null, "highway": "tertiary", "maxspeed_kmh": 40.0, "length_km": 0.043745701867173421 }, "geometry": { "type": "LineString", "coordinates": [ [ 138.4924646, -34.9023018 ], [ 138.4925197, -34.90237470000001 ], [ 138.4924229, -34.9024219 ], [ 138.4923724, -34.9023436 ], [ 138.4924646, -34.9023018 ] ] } },
{ "type": "Feature", "properties": { "osm_id": "180061187", "road_name": "Beach Street", "highway": "residential", "maxspeed_kmh": 40.0, "length_km": 0.032861763891946082 }, "geometry": { "type": "LineString", "coordinates": [ [ 138.489995099999987, -34.9051478 ], [ 138.490350299999989, -34.905118 ] ] } },
{ "type": "Feature", "properties": { "osm_id": "180061188", "road_name": "Sando Street", "highway": "residential", "maxspeed_kmh": 40.0, "length_km": 0.15721137200155424 }, "geometry": { "type": "LineString", "coordinates": [ [ 138.5252772, -34.9041898 ], [ 138.5251709, -34.9027853 ] ] } },
{ "type": "Feature", "properties": { "osm_id": "180061189", "road_name": "Telford Avenue", "highway": "residential", "maxspeed_kmh": 40.0, "length_km": 0.086512508653189643 }, "geometry": { "type": "LineString", "coordinates": [ [ 138.5253715, -34.904257799999989 ], [ 138.52631, -34.9042142 ] ] } },
{ "type": "Feature", "properties": { "osm_id": "180061190", "road_name": "Airdrie Avenue", "highway": "residential", "maxspeed_kmh": 40.0, "length_km": 0.26254949369544001 }, "geometry": { "type": "LineString", "coordinates": [ [ 138.5206713, -34.9049952 ], [ 138.5235188, -34.9048533 ] ] } },
{ "type": "Feature", "properties": { "osm_id": "180061191", "road_name": "Harvest Court", "highway": "residential", "maxspeed_kmh": 40.0, "length_km": 0.0623677160232088 }, "geometry": { "type": "LineString", "coordinates": [ [ 138.5239101, -34.901563 ], [ 138.5239454, -34.9021205 ] ] } },
{ "type": "Feature", "properties": { "osm_id": "180061194", "road_name": "Isabel Court", "highway": "residential", "maxspeed_kmh": 40.0, "length_km": 0.064472713237325549 }, "geometry": { "type": "LineString", "coordinates": [ [ 138.5195122, -34.9036162 ], [ 138.5195491, -34.9041925 ] ] } },
{ "type": "Feature", "properties": { "osm_id": "180061196", "road_name": "Beach Street", "highway": "residential", "maxspeed_kmh": 40.0, "length_km": 0.097514182325498522 }, "geometry": { "type": "LineString", "coordinates": [ [ 138.495281799999987, -34.9049128 ], [ 138.4963388, -34.9048531 ] ] } },
{ "type": "Feature", "properties": { "osm_id": "180061198", "road_name": "Airdrie Avenue", "highway": "residential", "maxspeed_kmh": 40.0, "length_km": 0.19750237463044146 }, "geometry": { "type": "LineString", "coordinates": [ [ 138.5204943, -34.9049999 ], [ 138.5183525, -34.9051096 ] ] } },
{ "type": "Feature", "properties": { "osm_id": "180061199", "road_name": "Seaview Road", "highway": "residential", "maxspeed_kmh": 40.0, "length_km": 0.28716329084177106 }, "geometry": { "type": "LineString", "coordinates": [ [ 138.490058, -34.9025251 ], [ 138.4905728, -34.90506 ] ] } },
{ "type": "Feature", "properties": { "osm_id": "180061200", "road_name": "Telford Avenue", "highway": "residential", "maxspeed_kmh": 40.0, "length_km": 0.09707836315020836 }, "geometry": { "type": "LineString", "coordinates": [ [ 138.524161, -34.9043686 ], [ 138.5251959, -34.9042713 ] ] } },
{ "type": "Feature", "properties": { "osm_id": "180061201", "road_name": "Falkirk Avenue", "highway": "residential", "maxspeed_kmh": 40.0, "length_km": 0.59847271744071195 }, "geometry": { "type": "LineString", "coordinates": [ [ 138.5236018, -34.90587 ], [ 138.523180700000012, -34.9005317 ] ] } },
{ "type": "Feature", "properties": { "osm_id": "180061202", "road_name": "Jetty Street", "highway": "tertiary", "maxspeed_kmh": 40.0, "length_km": 0.22042356409050956 }, "geometry": { "type": "LineString", "coordinates": [ [ 138.492520500000012, -34.9023537 ], [ 138.494911300000012, -34.9022411 ] ] } },
{ "type": "Feature", "properties": { "osm_id": "180061204", "road_name": "Kingborn Avenue", "highway": "residential", "maxspeed_kmh": 40.0, "length_km": 0.10677437668784065 }, "geometry": { "type": "LineString", "coordinates": [ [ 138.520588, -34.9050717 ], [ 138.5206608, -34.9060255 ] ] } },
{ "type": "Feature", "properties": { "osm_id": "180061206", "road_name": "Beach Street", "highway": "residential", "maxspeed_kmh": 40.0, "length_km": 0.093204137268713558 }, "geometry": { "type": "LineString", "coordinates": [ [ 138.4915248, -34.9050859 ], [ 138.492536, -34.9050426 ] ] } },
{ "type": "Feature", "properties": { "osm_id": "180061213", "road_name": "Montrose Avenue", "highway": "residential", "maxspeed_kmh": 40.0, "length_km": 0.27822763932504002 }, "geometry": { "type": "LineString", "coordinates": [ [ 138.516770400000041, -34.9037194 ], [ 138.5169545, -34.9062052 ] ] } },
{ "type": "Feature", "properties": { "osm_id": "180061215", "road_name": "Sando Street", "highway": "residential", "maxspeed_kmh": 40.0, "length_km": 0.16204343674679414 }, "geometry": { "type": "LineString", "coordinates": [ [ 138.5253966, -34.9057817 ], [ 138.525282, -34.9043343 ] ] } },
{ "type": "Feature", "properties": { "osm_id": "180061217", "road_name": "Beach Street", "highway": "residential", "maxspeed_kmh": 40.0, "length_km": 0.21353092677386229 }, "geometry": { "type": "LineString", "coordinates": [ [ 138.4927549, -34.9050467 ], [ 138.495067400000011, -34.9049141 ] ] } },
{ "type": "Feature", "properties": { "osm_id": "180061219", "road_name": "Charles Sturt Avenue", "highway": "residential", "maxspeed_kmh": 40.0, "length_km": 0.28678082006175165 }, "geometry": { "type": "LineString", "coordinates": [ [ 138.492442399999987, -34.902299799999987 ], [ 138.4922589, -34.8997374 ] ] } },
{ "type": "Feature", "properties": { "osm_id": "180061220", "road_name": "Wanda Avenue", "highway": "residential", "maxspeed_kmh": 40.0, "length_km": 0.39170477407252841 }, "geometry": { "type": "LineString", "coordinates": [ [ 138.527325100000013, -34.9021744 ], [ 138.5275972, -34.9056734 ] ] } },
{ "type": "Feature", "properties": { "osm_id": "180061221", "road_name": "Jetty Street", "highway": "tertiary", "maxspeed_kmh": 40.0, "length_km": 0.075174889755436486 }, "geometry": { "type": "LineString", "coordinates": [ [ 138.4975837, -34.9020915 ], [ 138.4983976, -34.9020623 ] ] } },
{ "type": "Feature", "properties": { "osm_id": "180061222", "road_name": "Charles Sturt Avenue", "highway": "residential", "maxspeed_kmh": 40.0, "length_km": 0.28334386833553488 }, "geometry": { "type": "LineString", "coordinates": [ [ 138.4926405, -34.9049553 ], [ 138.492446699999988, -34.9024246 ] ] } },
{ "type": "Feature", "properties": { "osm_id": "180061223", "road_name": "Jetty Street", "highway": "tertiary", "maxspeed_kmh": 40.0, "length_km": 0.22210165020468545 }, "geometry": { "type": "LineString", "coordinates": [ [ 138.495046699999989, -34.9022327 ], [ 138.497452900000013, -34.9020965 ] ] } },
{ "type": "Feature", "properties": { "osm_id": "180061224", "road_name": "Wisdom Street", "highway": "residential", "maxspeed_kmh": 40.0, "length_km": 0.25835869877333306 }, "geometry": { "type": "LineString", "coordinates": [ [ 138.5223052, -34.901504599999988 ], [ 138.5224213, -34.9030151 ], [ 138.5233783, -34.9029995 ] ] } },
{ "type": "Feature", "properties": { "osm_id": "180061228", "road_name": "Rondo Avenue", "highway": "residential", "maxspeed_kmh": 40.0, "length_km": 0.28495094434826751 }, "geometry": { "type": "LineString", "coordinates": [ [ 138.5252604, -34.9027087 ], [ 138.528319, -34.9024463 ] ] } },
{ "type": "Feature", "properties": { "osm_id": "180061229", "road_name": "Kingborn Avenue", "highway": "residential", "maxspeed_kmh": 40.0, "length_km": 0.36426406018094309 }, "geometry": { "type": "LineString", "coordinates": [ [ 138.520354200000014, -34.901671899999982 ], [ 138.5205771, -34.9049272 ] ] } },
{ "type": "Feature", "properties": { "osm_id": "180093150", "road_name": null, "highway": "trunk_link", "maxspeed_kmh": 40.0, "length_km": 0.0096436428052763049 }, "geometry": { "type": "LineString", "coordinates": [ [ 138.5794575, -34.9235633 ], [ 138.5793918, -34.9236222 ] ] } },
{ "type": "Feature", "properties": { "osm_id": "180119046", "road_name": "Fairford Street", "highway": "residential", "maxspeed_kmh": 40.0, "length_km": 0.40462293007847167 }, "geometry": { "type": "LineString", "coordinates": [ [ 138.614302400000014, -34.9523898 ], [ 138.609910700000029, -34.9526075 ] ] } },
{ "type": "Feature", "properties": { "osm_id": "180119047", "road_name": "Cremorne Street", "highway": "residential", "maxspeed_kmh": 40.0, "length_km": 0.19852338260883809 }, "geometry": { "type": "LineString", "coordinates": [ [ 138.6098361, -34.9535821 ], [ 138.607715, -34.9537413 ] ] } },
{ "type": "Feature", "properties": { "osm_id": "180119048", "road_name": "Cremorne Street", "highway": "residential", "maxspeed_kmh": 40.0, "length_km": 0.56653057911016069 }, "geometry": { "type": "LineString", "coordinates": [ [ 138.620658100000014, -34.9530209 ], [ 138.6145172, -34.953394699999983 ] ] } },
{ "type": "Feature", "properties": { "osm_id": "180119049", "road_name": "Cremorne Street", "highway": "residential", "maxspeed_kmh": 40.0, "length_km": 0.17994705915852166 }, "geometry": { "type": "LineString", "coordinates": [ [ 138.6120889, -34.9535175 ], [ 138.6101357, -34.9536134 ] ] } },
{ "type": "Feature", "properties": { "osm_id": "180119050", "road_name": "Fairford Street", "highway": "residential", "maxspeed_kmh": 40.0, "length_km": 0.17835538045602672 }, "geometry": { "type": "LineString", "coordinates": [ [ 138.6163751, -34.9522707 ], [ 138.6144395, -34.9523696 ] ] } },
{ "type": "Feature", "properties": { "osm_id": "180273655", "road_name": "Collingwood Avenue", "highway": "residential", "maxspeed_kmh": 40.0, "length_km": 0.1977628192258907 }, "geometry": { "type": "LineString", "coordinates": [ [ 138.544233, -34.9104071 ], [ 138.5463717, -34.9103267 ] ] } },
{ "type": "Feature", "properties": { "osm_id": "180273657", "road_name": "Drake Avenue", "highway": "residential", "maxspeed_kmh": 40.0, "length_km": 0.21737398215105935 }, "geometry": { "type": "LineString", "coordinates": [ [ 138.5465125, -34.9077344 ], [ 138.548867199999989, -34.907600299999984 ] ] } },
{ "type": "Feature", "properties": { "osm_id": "180273661", "road_name": "Greville Avenue", "highway": "residential", "maxspeed_kmh": 40.0, "length_km": 0.078003678845648974 }, "geometry": { "type": "LineString", "coordinates": [ [ 138.5440011, -34.9086366 ], [ 138.5439429, -34.90794 ] ] } },
{ "type": "Feature", "properties": { "osm_id": "180273665", "road_name": "Greville Avenue", "highway": "residential", "maxspeed_kmh": 40.0, "length_km": 0.31780212283620712 }, "geometry": { "type": "LineString", "coordinates": [ [ 138.54393730000001, -34.9077789 ], [ 138.5437083, -34.9049404 ] ] } },
{ "type": "Feature", "properties": { "osm_id": "180273684", "road_name": null, "highway": "residential", "maxspeed_kmh": 40.0, "length_km": 0.056322090839890003 }, "geometry": { "type": "LineString", "coordinates": [ [ 138.5439429, -34.90794 ], [ 138.543840100000011, -34.907869 ], [ 138.54393730000001, -34.9077789 ], [ 138.544035799999989, -34.907856 ], [ 138.5439429, -34.90794 ] ] } },
{ "type": "Feature", "properties": { "osm_id": "180273686", "road_name": "Collingwood Avenue", "highway": "residential", "maxspeed_kmh": 40.0, "length_km": 0.030296736902143871 }, "geometry": { "type": "LineString", "coordinates": [ [ 138.5463717, -34.9103267 ], [ 138.5466064, -34.9101481 ] ] } },
{ "type": "Feature", "properties": { "osm_id": "180273689", "road_name": null, "highway": "residential", "maxspeed_kmh": 40.0, "length_km": 0.049586314101053165 }, "geometry": { "type": "LineString", "coordinates": [ [ 138.5440098, -34.9087783 ], [ 138.543919100000011, -34.9087158 ], [ 138.5440011, -34.9086366 ], [ 138.5440912, -34.9087012 ], [ 138.5440098, -34.9087783 ] ] } },
{ "type": "Feature", "properties": { "osm_id": "180273695", "road_name": null, "highway": "residential", "maxspeed_kmh": 40.0, "length_km": 0.056308856908593809 }, "geometry": { "type": "LineString", "coordinates": [ [ 138.5441327, -34.9104911 ], [ 138.5440372, -34.9104201 ], [ 138.5441346, -34.91033 ], [ 138.544233, -34.9104071 ], [ 138.5441327, -34.9104911 ] ] } },
{ "type": "Feature", "properties": { "osm_id": "180273714", "road_name": "Warn Lane", "highway": "residential", "maxspeed_kmh": 40.0, "length_km": 0.11254912666118747 }, "geometry": { "type": "LineString", "coordinates": [ [ 138.5323833, -34.9029837 ], [ 138.531163099999986, -34.9030504 ] ] } },
{ "type": "Feature", "properties": { "osm_id": "180273715", "road_name": "Maria Street", "highway": "residential", "maxspeed_kmh": 40.0, "length_km": 0.2029963355047737 }, "geometry": { "type": "LineString", "coordinates": [ [ 138.5323996, -34.9032141 ], [ 138.5346006, -34.9030964 ] ] } },
{ "type": "Feature", "properties": { "osm_id": "180273716", "road_name": "Greville Avenue", "highway": "residential", "maxspeed_kmh": 40.0, "length_km": 0.078263525099032241 }, "geometry": { "type": "LineString", "coordinates": [ [ 138.5441346, -34.91033 ], [ 138.544070799999986, -34.9096314 ] ] } },
{ "type": "Feature", "properties": { "osm_id": "180273721", "road_name": "Birch Avenue", "highway": "residential", "maxspeed_kmh": 40.0, "length_km": 0.097258801683775223 }, "geometry": { "type": "LineString", "coordinates": [ [ 138.5393072, -34.9089789 ], [ 138.5393949, -34.9098465 ] ] } },
{ "type": "Feature", "properties": { "osm_id": "180273723", "road_name": "Greville Avenue", "highway": "residential", "maxspeed_kmh": 40.0, "length_km": 0.14825064342027947 }, "geometry": { "type": "LineString", "coordinates": [ [ 138.54425710000001, -34.9118142 ], [ 138.5441327, -34.9104911 ] ] } },
{ "type": "Feature", "properties": { "osm_id": "180273725", "road_name": null, "highway": "residential", "maxspeed_kmh": 40.0, "length_km": 0.050863624071878707 }, "geometry": { "type": "LineString", "coordinates": [ [ 138.54666180000001, -34.9094264 ], [ 138.5465738, -34.9095024 ], [ 138.546485100000012, -34.9094357 ], [ 138.5465637, -34.9093576 ], [ 138.54666180000001, -34.9094264 ] ] } },
{ "type": "Feature", "properties": { "osm_id": "180273733", "road_name": "Frobisher Avenue", "highway": "residential", "maxspeed_kmh": 40.0, "length_km": 0.072197240277068753 }, "geometry": { "type": "LineString", "coordinates": [ [ 138.5465738, -34.9095024 ], [ 138.5466064, -34.9101481 ] ] } },
{ "type": "Feature", "properties": { "osm_id": "180273736", "road_name": "Sturdee Street", "highway": "residential", "maxspeed_kmh": 40.0, "length_km": 0.14260600906460141 }, "geometry": { "type": "LineString", "coordinates": [ [ 138.5464748, -34.911699 ], [ 138.546397899999988, -34.9104258 ] ] } },
{ "type": "Feature", "properties": { "osm_id": "180273744", "road_name": "Starr Street", "highway": "residential", "maxspeed_kmh": 40.0, "length_km": 0.15682475239339977 }, "geometry": { "type": "LineString", "coordinates": [ [ 138.5386282, -34.9037062 ], [ 138.5387378, -34.9051069 ] ] } },
{ "type": "Feature", "properties": { "osm_id": "180273762", "road_name": "Flinders Parade", "highway": "residential", "maxspeed_kmh": 40.0, "length_km": 0.156814373111301 }, "geometry": { "type": "LineString", "coordinates": [ [ 138.54666180000001, -34.9094264 ], [ 138.548363099999989, -34.9093518 ] ] } },
{ "type": "Feature", "properties": { "osm_id": "180273773", "road_name": "Richard Street", "highway": "residential", "maxspeed_kmh": 40.0, "length_km": 0.2268507751152905 }, "geometry": { "type": "LineString", "coordinates": [ [ 138.543277, -34.904878699999983 ], [ 138.5430191, -34.9028592 ] ] } },
{ "type": "Feature", "properties": { "osm_id": "180273784", "road_name": "Arthur Street", "highway": "residential", "maxspeed_kmh": 40.0, "length_km": 0.10158508697100274 }, "geometry": { "type": "LineString", "coordinates": [ [ 138.5319418, -34.8967552 ], [ 138.533035800000022, -34.8967296 ] ] } },
{ "type": "Feature", "properties": { "osm_id": "180273785", "road_name": "Raleigh Avenue", "highway": "residential", "maxspeed_kmh": 40.0, "length_km": 0.42193856893436188 }, "geometry": { "type": "LineString", "coordinates": [ [ 138.5449792, -34.904875600000011 ], [ 138.545267599999988, -34.908645099999987 ] ] } },
{ "type": "Feature", "properties": { "osm_id": "180273791", "road_name": "Frobisher Avenue", "highway": "residential", "maxspeed_kmh": 40.0, "length_km": 0.17335130453199366 }, "geometry": { "type": "LineString", "coordinates": [ [ 138.5465637, -34.9093576 ], [ 138.546438599999988, -34.9078094 ] ] } },
{ "type": "Feature", "properties": { "osm_id": "180273807", "road_name": "Dring Avenue", "highway": "residential", "maxspeed_kmh": 40.0, "length_km": 0.15047703022358982 }, "geometry": { "type": "LineString", "coordinates": [ [ 138.5445484, -34.903563099999985 ], [ 138.5442559, -34.9038799 ], [ 138.5443263, -34.90482260000001 ] ] } },
{ "type": "Feature", "properties": { "osm_id": "180273810", "road_name": "South Street", "highway": "residential", "maxspeed_kmh": 40.0, "length_km": 0.18159579056788294 }, "geometry": { "type": "LineString", "coordinates": [ [ 138.4964039, -34.9222353 ], [ 138.494445500000012, -34.9223653 ] ] } },
{ "type": "Feature", "properties": { "osm_id": "180661473", "road_name": "St Andrews Way", "highway": "residential", "maxspeed_kmh": 40.0, "length_km": 0.60210665488572201 }, "geometry": { "type": "LineString", "coordinates": [ [ 138.4918917, -34.8919823 ], [ 138.4933135, -34.8912447 ], [ 138.4932843, -34.8901121 ], [ 138.492822200000035, -34.889489 ], [ 138.4920026, -34.889034 ], [ 138.490409699999987, -34.8890045 ] ] } },
{ "type": "Feature", "properties": { "osm_id": "181023166", "road_name": "Crighton Avenue", "highway": "residential", "maxspeed_kmh": 40.0, "length_km": 0.278888504366473 }, "geometry": { "type": "LineString", "coordinates": [ [ 138.506750399999987, -34.8787886 ], [ 138.5037254, -34.8789196 ] ] } },
{ "type": "Feature", "properties": { "osm_id": "181023170", "road_name": "McKenzie Court", "highway": "residential", "maxspeed_kmh": 40.0, "length_km": 0.26877627602411924 }, "geometry": { "type": "LineString", "coordinates": [ [ 138.503524199999987, -34.8780763 ], [ 138.5064384, -34.8779349 ] ] } },
{ "type": "Feature", "properties": { "osm_id": "181054874", "road_name": "Drayton Street", "highway": "residential", "maxspeed_kmh": 40.0, "length_km": 0.101548179335486 }, "geometry": { "type": "LineString", "coordinates": [ [ 138.5750593, -34.9058556 ], [ 138.574353699999989, -34.9065545 ] ] } },
{ "type": "Feature", "properties": { "osm_id": "181054881", "road_name": "East Street", "highway": "residential", "maxspeed_kmh": 40.0, "length_km": 0.18857104641822189 }, "geometry": { "type": "LineString", "coordinates": [ [ 138.58312810000001, -34.8963141 ], [ 138.581861800000013, -34.897641 ] ] } },
{ "type": "Feature", "properties": { "osm_id": "181054884", "road_name": "First Street", "highway": "residential", "maxspeed_kmh": 40.0, "length_km": 0.093920026633208517 }, "geometry": { "type": "LineString", "coordinates": [ [ 138.5761833, -34.9068442 ], [ 138.575386900000012, -34.9063185 ] ] } },
{ "type": "Feature", "properties": { "osm_id": "181054885", "road_name": "Third Street", "highway": "residential", "maxspeed_kmh": 40.0, "length_km": 0.30392527703875388 }, "geometry": { "type": "LineString", "coordinates": [ [ 138.5758917, -34.9050154 ], [ 138.57847, -34.9067156 ] ] } },
{ "type": "Feature", "properties": { "osm_id": "181054888", "road_name": "Fourth Street", "highway": "residential", "maxspeed_kmh": 40.0, "length_km": 0.15368921779457786 }, "geometry": { "type": "LineString", "coordinates": [ [ 138.576423799999986, -34.9044775 ], [ 138.577748899999989, -34.9053124 ] ] } },
{ "type": "Feature", "properties": { "osm_id": "181054894", "road_name": "Fourteenth Street", "highway": "residential", "maxspeed_kmh": 40.0, "length_km": 0.14960752399869309 }, "geometry": { "type": "LineString", "coordinates": [ [ 138.5830556, -34.8999032 ], [ 138.5817901, -34.8990627 ] ] } },
{ "type": "Feature", "properties": { "osm_id": "181054895", "road_name": "Second Street", "highway": "residential", "maxspeed_kmh": 40.0, "length_km": 0.22606839032476489 }, "geometry": { "type": "LineString", "coordinates": [ [ 138.575415600000014, -34.905501799999989 ], [ 138.577329, -34.9067702 ] ] } },
{ "type": "Feature", "properties": { "osm_id": "181056084", "road_name": "Fifth Street", "highway": "residential", "maxspeed_kmh": 40.0, "length_km": 0.10053320773168839 }, "geometry": { "type": "LineString", "coordinates": [ [ 138.579989399999988, -34.9059918 ], [ 138.579140200000012, -34.9054257 ] ] } },
{ "type": "Feature", "properties": { "osm_id": "181057855", "road_name": "Shearing Lane", "highway": "residential", "maxspeed_kmh": 40.0, "length_km": 0.064782947408484448 }, "geometry": { "type": "LineString", "coordinates": [ [ 138.5740836, -34.899186 ], [ 138.5747086, -34.8992256 ] ] } },
{ "type": "Feature", "properties": { "osm_id": "181057858", "road_name": "Third Street", "highway": "residential", "maxspeed_kmh": 40.0, "length_km": 0.17580958865599883 }, "geometry": { "type": "LineString", "coordinates": [ [ 138.573739499999988, -34.89815 ], [ 138.5751118, -34.899171600000017 ] ] } },
{ "type": "Feature", "properties": { "osm_id": "181057866", "road_name": "Spurs Avenue", "highway": "residential", "maxspeed_kmh": 40.0, "length_km": 0.13370321973884136 }, "geometry": { "type": "LineString", "coordinates": [ [ 138.5749669, -34.8994972 ], [ 138.5739763, -34.8994588 ], [ 138.573617899999988, -34.8992219 ] ] } },
{ "type": "Feature", "properties": { "osm_id": "181057868", "road_name": "Cappers Drive", "highway": "residential", "maxspeed_kmh": 40.0, "length_km": 0.18761087090382159 }, "geometry": { "type": "LineString", "coordinates": [ [ 138.5744484, -34.9007787 ], [ 138.5751209, -34.8992803 ] ] } },
{ "type": "Feature", "properties": { "osm_id": "181057870", "road_name": "Shearing Lane", "highway": "residential", "maxspeed_kmh": 40.0, "length_km": 0.039128502626347428 }, "geometry": { "type": "LineString", "coordinates": [ [ 138.5743187, -34.8994721 ], [ 138.574338399999988, -34.8991222 ] ] } },
{ "type": "Feature", "properties": { "osm_id": "181058631", "road_name": "Kiln Drive", "highway": "residential", "maxspeed_kmh": 40.0, "length_km": 0.26059746836879721 }, "geometry": { "type": "LineString", "coordinates": [ [ 138.5752478, -34.8991633 ], [ 138.576204600000011, -34.8984822 ], [ 138.5767175, -34.8983369 ], [ 138.5773112, -34.8977082 ] ] } },
{ "type": "Feature", "properties": { "osm_id": "181058632", "road_name": "Hull Street", "highway": "residential", "maxspeed_kmh": 40.0, "length_km": 0.063910532218272212 }, "geometry": { "type": "LineString", "coordinates": [ [ 138.5759837, -34.8987051 ], [ 138.5754431, -34.898346 ] ] } },
{ "type": "Feature", "properties": { "osm_id": "181058634", "road_name": "Trapman Lane", "highway": "residential", "maxspeed_kmh": 40.0, "length_km": 0.050147631196971215 }, "geometry": { "type": "LineString", "coordinates": [ [ 138.576204600000011, -34.8984822 ], [ 138.575776100000013, -34.8982049 ] ] } },
{ "type": "Feature", "properties": { "osm_id": "181059186", "road_name": "Henry Moss Court", "highway": "residential", "maxspeed_kmh": 40.0, "length_km": 0.047515756264418743 }, "geometry": { "type": "LineString", "coordinates": [ [ 138.569152, -34.898006 ], [ 138.5688211, -34.8983325 ] ] } },
{ "type": "Feature", "properties": { "osm_id": "181059187", "road_name": "John Ridley Place", "highway": "residential", "maxspeed_kmh": 40.0, "length_km": 0.046304099178403856 }, "geometry": { "type": "LineString", "coordinates": [ [ 138.5683623, -34.8974636 ], [ 138.5686837, -34.8971447 ] ] } },
{ "type": "Feature", "properties": { "osm_id": "181059837", "road_name": "Hurtle Street", "highway": "residential", "maxspeed_kmh": 40.0, "length_km": 0.20870729455816178 }, "geometry": { "type": "LineString", "coordinates": [ [ 138.564469700000018, -34.889448 ], [ 138.5628193, -34.8881669 ] ] } },
{ "type": "Feature", "properties": { "osm_id": "181059839", "road_name": "Croydon Avenue", "highway": "residential", "maxspeed_kmh": 40.0, "length_km": 0.097548827674681746 }, "geometry": { "type": "LineString", "coordinates": [ [ 138.565217, -34.8887613 ], [ 138.5645611, -34.8894472 ] ] } },
{ "type": "Feature", "properties": { "osm_id": "181059841", "road_name": "Croydon Avenue", "highway": "residential", "maxspeed_kmh": 40.0, "length_km": 0.093707900254099988 }, "geometry": { "type": "LineString", "coordinates": [ [ 138.5644714, -34.8895343 ], [ 138.5638325, -34.8901874 ] ] } },
{ "type": "Feature", "properties": { "osm_id": "181059844", "road_name": "Bedford Street", "highway": "residential", "maxspeed_kmh": 40.0, "length_km": 0.20787605532537884 }, "geometry": { "type": "LineString", "coordinates": [ [ 138.5652078, -34.888673699999984 ], [ 138.563542899999987, -34.8874164 ] ] } },
{ "type": "Feature", "properties": { "osm_id": "181059845", "road_name": "Scotia Street", "highway": "residential", "maxspeed_kmh": 40.0, "length_km": 0.22439953994361106 }, "geometry": { "type": "LineString", "coordinates": [ [ 138.5684807, -34.8886193 ], [ 138.566572799999989, -34.88738750000001 ] ] } },
{ "type": "Feature", "properties": { "osm_id": "181059846", "road_name": "Ellen Street", "highway": "residential", "maxspeed_kmh": 40.0, "length_km": 0.64136707760717671 }, "geometry": { "type": "LineString", "coordinates": [ [ 138.564877599999988, -34.892286 ], [ 138.569254, -34.887818500000016 ] ] } },
{ "type": "Feature", "properties": { "osm_id": "181059848", "road_name": "Croydon Avenue", "highway": "residential", "maxspeed_kmh": 40.0, "length_km": 0.098952436677304245 }, "geometry": { "type": "LineString", "coordinates": [ [ 138.5637395, -34.890277 ], [ 138.5630524, -34.8909582 ] ] } },
{ "type": "Feature", "properties": { "osm_id": "181060514", "road_name": "Brown Street", "highway": "residential", "maxspeed_kmh": 40.0, "length_km": 0.52739865470538272 }, "geometry": { "type": "LineString", "coordinates": [ [ 138.5620169, -34.8889758 ], [ 138.5584438, -34.8926656 ] ] } },
{ "type": "Feature", "properties": { "osm_id": "181060515", "road_name": "Harriet Street", "highway": "residential", "maxspeed_kmh": 40.0, "length_km": 0.20269182376312825 }, "geometry": { "type": "LineString", "coordinates": [ [ 138.563739700000013, -34.890186900000018 ], [ 138.5621231, -34.8889549 ] ] } },
{ "type": "Feature", "properties": { "osm_id": "181060517", "road_name": "Margaret Avenue", "highway": "residential", "maxspeed_kmh": 40.0, "length_km": 0.054491193530932326 }, "geometry": { "type": "LineString", "coordinates": [ [ 138.5620087, -34.8888931 ], [ 138.5615463, -34.8885887 ] ] } },
{ "type": "Feature", "properties": { "osm_id": "181060865", "road_name": "Cedar Avenue", "highway": "residential", "maxspeed_kmh": 40.0, "length_km": 0.36669497556870861 }, "geometry": { "type": "LineString", "coordinates": [ [ 138.5678352, -34.8945387 ], [ 138.564880499999987, -34.8923607 ] ] } },
{ "type": "Feature", "properties": { "osm_id": "181060867", "road_name": "Thomas Street", "highway": "residential", "maxspeed_kmh": 40.0, "length_km": 0.31371173220150766 }, "geometry": { "type": "LineString", "coordinates": [ [ 138.568193900000011, -34.892313799999989 ], [ 138.5660626, -34.8945009 ] ] } },
{ "type": "Feature", "properties": { "osm_id": "181071935", "road_name": "Croydon Avenue", "highway": "residential", "maxspeed_kmh": 40.0, "length_km": 0.099499078759551329 }, "geometry": { "type": "LineString", "coordinates": [ [ 138.5608047, -34.8932496 ], [ 138.560125, -34.8939422 ] ] } },
{ "type": "Feature", "properties": { "osm_id": "181071937", "road_name": "Day Terrace", "highway": "residential", "maxspeed_kmh": 40.0, "length_km": 0.053414772147191911 }, "geometry": { "type": "LineString", "coordinates": [ [ 138.557098900000028, -34.8910956 ], [ 138.556905699999987, -34.891507 ] ] } },
{ "type": "Feature", "properties": { "osm_id": "181071943", "road_name": "Croydon Avenue", "highway": "residential", "maxspeed_kmh": 40.0, "length_km": 0.09255227760323724 }, "geometry": { "type": "LineString", "coordinates": [ [ 138.561535600000013, -34.8925252 ], [ 138.560892200000012, -34.8931619 ] ] } },
{ "type": "Feature", "properties": { "osm_id": "181071946", "road_name": "Elizabeth Street", "highway": "residential", "maxspeed_kmh": 40.0, "length_km": 0.19531137547074581 }, "geometry": { "type": "LineString", "coordinates": [ [ 138.567590200000012, -34.8946071 ], [ 138.566252100000014, -34.895964 ] ] } },
{ "type": "Feature", "properties": { "osm_id": "181071953", "road_name": "William Street", "highway": "residential", "maxspeed_kmh": 40.0, "length_km": 0.67361642687430523 }, "geometry": { "type": "LineString", "coordinates": [ [ 138.5659833, -34.894505 ], [ 138.5606065, -34.8904143 ] ] } },
{ "type": "Feature", "properties": { "osm_id": "181071957", "road_name": "Henry Street", "highway": "residential", "maxspeed_kmh": 40.0, "length_km": 0.56876565593534156 }, "geometry": { "type": "LineString", "coordinates": [ [ 138.5661692, -34.8959742 ], [ 138.561631800000015, -34.8925179 ] ] } },
{ "type": "Feature", "properties": { "osm_id": "181071960", "road_name": "Robert Street", "highway": "residential", "maxspeed_kmh": 40.0, "length_km": 0.20555632210675359 }, "geometry": { "type": "LineString", "coordinates": [ [ 138.5607991, -34.8931651 ], [ 138.5591523, -34.8919222 ] ] } },
{ "type": "Feature", "properties": { "osm_id": "181071962", "road_name": "Elizabeth Street", "highway": "residential", "maxspeed_kmh": 40.0, "length_km": 0.19003791534357067 }, "geometry": { "type": "LineString", "coordinates": [ [ 138.5661806, -34.8960445 ], [ 138.5648037, -34.897312 ] ] } },
{ "type": "Feature", "properties": { "osm_id": "181071963", "road_name": "Thomas Street", "highway": "residential", "maxspeed_kmh": 40.0, "length_km": 0.29656634636899765 }, "geometry": { "type": "LineString", "coordinates": [ [ 138.5659904, -34.8945887 ], [ 138.563877, -34.8965916 ] ] } },
{ "type": "Feature", "properties": { "osm_id": "181071964", "road_name": "Henry Street", "highway": "residential", "maxspeed_kmh": 40.0, "length_km": 0.20799975559297171 }, "geometry": { "type": "LineString", "coordinates": [ [ 138.5615288, -34.8924387 ], [ 138.5598731, -34.8911715 ] ] } },
{ "type": "Feature", "properties": { "osm_id": "181079650", "road_name": "Gardner Avenue", "highway": "residential", "maxspeed_kmh": 40.0, "length_km": 0.25887256349796012 }, "geometry": { "type": "LineString", "coordinates": [ [ 138.5599616, -34.8851799 ], [ 138.5617441, -34.8833876 ] ] } },
{ "type": "Feature", "properties": { "osm_id": "181079651", "road_name": "Garnet Street", "highway": "residential", "maxspeed_kmh": 40.0, "length_km": 0.23535355927372978 }, "geometry": { "type": "LineString", "coordinates": [ [ 138.5598842, -34.894212099999983 ], [ 138.558263899999986, -34.8958418 ] ] } },
{ "type": "Feature", "properties": { "osm_id": "181079652", "road_name": "Amy Street", "highway": "residential", "maxspeed_kmh": 40.0, "length_km": 0.41202855376347142 }, "geometry": { "type": "LineString", "coordinates": [ [ 138.561263200000013, -34.895810399999988 ], [ 138.557774, -34.8934997 ] ] } },
{ "type": "Feature", "properties": { "osm_id": "181079653", "road_name": "King Street", "highway": "residential", "maxspeed_kmh": 40.0, "length_km": 0.21487868663110471 }, "geometry": { "type": "LineString", "coordinates": [ [ 138.5621775, -34.8959787 ], [ 138.5607006, -34.8974681 ] ] } },
{ "type": "Feature", "properties": { "osm_id": "181079654", "road_name": "Day Terrace", "highway": "residential", "maxspeed_kmh": 40.0, "length_km": 0.061199400156794523 }, "geometry": { "type": "LineString", "coordinates": [ [ 138.55662, -34.891297099999989 ], [ 138.5571324, -34.8910045 ] ] } },
{ "type": "Feature", "properties": { "osm_id": "181079655", "road_name": "Euston Terrace", "highway": "residential", "maxspeed_kmh": 40.0, "length_km": 0.19940537729826971 }, "geometry": { "type": "LineString", "coordinates": [ [ 138.5563827, -34.8916599 ], [ 138.5549049, -34.8904004 ] ] } },
{ "type": "Feature", "properties": { "osm_id": "181079656", "road_name": "Minnie Street", "highway": "residential", "maxspeed_kmh": 40.0, "length_km": 0.22085592919530564 }, "geometry": { "type": "LineString", "coordinates": [ [ 138.5615714, -34.8954991 ], [ 138.5600689, -34.8970405 ] ] } },
{ "type": "Feature", "properties": { "osm_id": "181079658", "road_name": "Euston Terrace", "highway": "residential", "maxspeed_kmh": 40.0, "length_km": 0.052500447139229536 }, "geometry": { "type": "LineString", "coordinates": [ [ 138.55649, -34.8917633 ], [ 138.5560796, -34.8920801 ] ] } },
{ "type": "Feature", "properties": { "osm_id": "181079660", "road_name": "Malcolm Street", "highway": "residential", "maxspeed_kmh": 40.0, "length_km": 0.25082496238739371 }, "geometry": { "type": "LineString", "coordinates": [ [ 138.5582803, -34.8929867 ], [ 138.55656110000001, -34.8947288 ] ] } },
{ "type": "Feature", "properties": { "osm_id": "181080305", "road_name": "Connaught Street", "highway": "residential", "maxspeed_kmh": 40.0, "length_km": 0.16953305111939504 }, "geometry": { "type": "LineString", "coordinates": [ [ 138.490370899999988, -34.8991846 ], [ 138.4922096, -34.8990964 ] ] } },
{ "type": "Feature", "properties": { "osm_id": "181080315", "road_name": "Albany Street", "highway": "residential", "maxspeed_kmh": 40.0, "length_km": 0.17261267155660964 }, "geometry": { "type": "LineString", "coordinates": [ [ 138.4901677, -34.8985749 ], [ 138.492039799999986, -34.8984853 ] ] } },
{ "type": "Feature", "properties": { "osm_id": "181081275", "road_name": "Regina Court", "highway": "residential", "maxspeed_kmh": 40.0, "length_km": 0.079428164761279924 }, "geometry": { "type": "LineString", "coordinates": [ [ 138.545197699999989, -34.8953524 ], [ 138.545236, -34.8960627 ] ] } },
{ "type": "Feature", "properties": { "osm_id": "181081276", "road_name": "Davis Street", "highway": "residential", "maxspeed_kmh": 40.0, "length_km": 0.15684619693529459 }, "geometry": { "type": "LineString", "coordinates": [ [ 138.5375654, -34.8922057 ], [ 138.539266199999986, -34.89212 ] ] } },
{ "type": "Feature", "properties": { "osm_id": "181081278", "road_name": "Aroona Road", "highway": "residential", "maxspeed_kmh": 40.0, "length_km": 0.31151983951042272 }, "geometry": { "type": "LineString", "coordinates": [ [ 138.551266400000031, -34.8875918 ], [ 138.5491097, -34.8897408 ] ] } },
{ "type": "Feature", "properties": { "osm_id": "181081279", "road_name": "Yallum Terrace", "highway": "residential", "maxspeed_kmh": 40.0, "length_km": 0.11302893960417121 }, "geometry": { "type": "LineString", "coordinates": [ [ 138.5527191, -34.8820232 ], [ 138.551763200000011, -34.8813882 ] ] } },
{ "type": "Feature", "properties": { "osm_id": "181081280", "road_name": "Yallum Terrace", "highway": "residential", "maxspeed_kmh": 40.0, "length_km": 0.2735723681991275 }, "geometry": { "type": "LineString", "coordinates": [ [ 138.5551284, -34.883631899999983 ], [ 138.5528262, -34.8820833 ] ] } },
{ "type": "Feature", "properties": { "osm_id": "181081281", "road_name": "Willis Street", "highway": "residential", "maxspeed_kmh": 40.0, "length_km": 0.13855162157572154 }, "geometry": { "type": "LineString", "coordinates": [ [ 138.5489224, -34.8910613 ], [ 138.5499677, -34.8918362 ] ] } },
{ "type": "Feature", "properties": { "osm_id": "181081282", "road_name": "Davis Street", "highway": "residential", "maxspeed_kmh": 40.0, "length_km": 0.16706542687857542 }, "geometry": { "type": "LineString", "coordinates": [ [ 138.5355741, -34.892289799999986 ], [ 138.537386700000013, -34.892213 ] ] } },
{ "type": "Feature", "properties": { "osm_id": "181081283", "road_name": "Wilpena Terrace", "highway": "residential", "maxspeed_kmh": 40.0, "length_km": 0.43030762853398974 }, "geometry": { "type": "LineString", "coordinates": [ [ 138.552724899999987, -34.8820946 ], [ 138.5498105, -34.8851062 ] ] } },
{ "type": "Feature", "properties": { "osm_id": "181210558", "road_name": "Cator Street", "highway": "residential", "maxspeed_kmh": 40.0, "length_km": 0.35424097489737694 }, "geometry": { "type": "LineString", "coordinates": [ [ 138.5648198, -34.904265100000011 ], [ 138.5654854, -34.901154699999985 ] ] } },
{ "type": "Feature", "properties": { "osm_id": "181210559", "road_name": "George Street", "highway": "residential", "maxspeed_kmh": 40.0, "length_km": 0.0093963121520194669 }, "geometry": { "type": "LineString", "coordinates": [ [ 138.5675068, -34.9054748 ], [ 138.567573900000014, -34.9054114 ] ] } },
{ "type": "Feature", "properties": { "osm_id": "181210560", "road_name": "Coombe Road", "highway": "residential", "maxspeed_kmh": 40.0, "length_km": 0.091828027125152478 }, "geometry": { "type": "LineString", "coordinates": [ [ 138.5528578, -34.8945271 ], [ 138.55331480000001, -34.8952578 ] ] } },
{ "type": "Feature", "properties": { "osm_id": "181210563", "road_name": "Albemarle Street", "highway": "residential", "maxspeed_kmh": 40.0, "length_km": 0.0093271164160487335 }, "geometry": { "type": "LineString", "coordinates": [ [ 138.562726, -34.904210699999986 ], [ 138.5627345, -34.9041275 ] ] } },
{ "type": "Feature", "properties": { "osm_id": "181210564", "road_name": "Holden Street", "highway": "residential", "maxspeed_kmh": 40.0, "length_km": 0.49823962889358558 }, "geometry": { "type": "LineString", "coordinates": [ [ 138.5674926, -34.9103993 ], [ 138.568287, -34.9059907 ] ] } },
{ "type": "Feature", "properties": { "osm_id": "181210565", "road_name": "Ponsonby Street", "highway": "residential", "maxspeed_kmh": 40.0, "length_km": 0.14034572443727428 }, "geometry": { "type": "LineString", "coordinates": [ [ 138.560478100000012, -34.8994641 ], [ 138.5619978, -34.8995679 ] ] } },
{ "type": "Feature", "properties": { "osm_id": "181210566", "road_name": "Maclagan Avenue", "highway": "residential", "maxspeed_kmh": 40.0, "length_km": 0.23260873679115204 }, "geometry": { "type": "LineString", "coordinates": [ [ 138.553958099999988, -34.8961493 ], [ 138.5549427, -34.8956507 ], [ 138.5558562, -34.89481210000001 ] ] } },
{ "type": "Feature", "properties": { "osm_id": "181210567", "road_name": "Coombe Road", "highway": "residential", "maxspeed_kmh": 40.0, "length_km": 0.09175394349722997 }, "geometry": { "type": "LineString", "coordinates": [ [ 138.5533949, -34.8953927 ], [ 138.5538563, -34.8961207 ] ] } },
{ "type": "Feature", "properties": { "osm_id": "181210568", "road_name": "Bond Street", "highway": "residential", "maxspeed_kmh": 40.0, "length_km": 0.30948887120813345 }, "geometry": { "type": "LineString", "coordinates": [ [ 138.5639191, -34.9021792 ], [ 138.560566599999987, -34.9019623 ] ] } },
{ "type": "Feature", "properties": { "osm_id": "181210569", "road_name": "Bertie Street", "highway": "residential", "maxspeed_kmh": 40.0, "length_km": 0.0091627706156587711 }, "geometry": { "type": "LineString", "coordinates": [ [ 138.5637572, -34.9042782 ], [ 138.5637673, -34.904196600000013 ] ] } },
{ "type": "Feature", "properties": { "osm_id": "181210661", "road_name": "Coombe Road", "highway": "residential", "maxspeed_kmh": 40.0, "length_km": 0.235613173973894 }, "geometry": { "type": "LineString", "coordinates": [ [ 138.5539188, -34.8962269 ], [ 138.5550762, -34.8981077 ] ] } },
{ "type": "Feature", "properties": { "osm_id": "181210662", "road_name": "Leane Avenue", "highway": "residential", "maxspeed_kmh": 40.0, "length_km": 0.15249664577958044 }, "geometry": { "type": "LineString", "coordinates": [ [ 138.5548454, -34.8943314 ], [ 138.5535765, -34.895200899999985 ] ] } },
{ "type": "Feature", "properties": { "osm_id": "181210664", "road_name": "Bridges Street", "highway": "residential", "maxspeed_kmh": 40.0, "length_km": 0.11343991635071389 }, "geometry": { "type": "LineString", "coordinates": [ [ 138.554820400000011, -34.9024371 ], [ 138.5560127, -34.9023236 ] ] } },
{ "type": "Feature", "properties": { "osm_id": "181210665", "road_name": "Coombe Road", "highway": "residential", "maxspeed_kmh": 40.0, "length_km": 0.34853023595535482 }, "geometry": { "type": "LineString", "coordinates": [ [ 138.5551241, -34.898207 ], [ 138.5558341, -34.8999715 ], [ 138.5559275, -34.9012299 ] ] } },
{ "type": "Feature", "properties": { "osm_id": "181210667", "road_name": "Way Terrace", "highway": "residential", "maxspeed_kmh": 40.0, "length_km": 0.28085711854558493 }, "geometry": { "type": "LineString", "coordinates": [ [ 138.5563718, -34.8975484 ], [ 138.5562468, -34.8950675 ] ] } },
{ "type": "Feature", "properties": { "osm_id": "181210668", "road_name": "Samary Street", "highway": "residential", "maxspeed_kmh": 40.0, "length_km": 0.11161069300744796 }, "geometry": { "type": "LineString", "coordinates": [ [ 138.554894600000011, -34.9033186 ], [ 138.556092299999989, -34.9032895 ] ] } },
{ "type": "Feature", "properties": { "osm_id": "181210669", "road_name": "Brand Avenue", "highway": "residential", "maxspeed_kmh": 40.0, "length_km": 0.24794070797557158 }, "geometry": { "type": "LineString", "coordinates": [ [ 138.5562472, -34.8975755 ], [ 138.558783799999986, -34.8976068 ] ] } },
{ "type": "Feature", "properties": { "osm_id": "181210670", "road_name": "Foster Street", "highway": "residential", "maxspeed_kmh": 40.0, "length_km": 0.2474836163863339 }, "geometry": { "type": "LineString", "coordinates": [ [ 138.5530579, -34.9021533 ], [ 138.5532288, -34.9043642 ] ] } },
{ "type": "Feature", "properties": { "osm_id": "181210671", "road_name": "Coombe Road", "highway": "residential", "maxspeed_kmh": 40.0, "length_km": 0.32112272775030959 }, "geometry": { "type": "LineString", "coordinates": [ [ 138.5559318, -34.901342 ], [ 138.556171299999988, -34.9042098 ] ] } },
{ "type": "Feature", "properties": { "osm_id": "181441102", "road_name": "Third Avenue", "highway": "residential", "maxspeed_kmh": 40.0, "length_km": 0.36012553198958602 }, "geometry": { "type": "LineString", "coordinates": [ [ 138.5776035, -34.9523825 ], [ 138.577356, -34.9491652 ] ] } },
{ "type": "Feature", "properties": { "osm_id": "181441104", "road_name": "Everard Terrace", "highway": "residential", "maxspeed_kmh": 40.0, "length_km": 0.33265103141746194 }, "geometry": { "type": "LineString", "coordinates": [ [ 138.577677, -34.9524341 ], [ 138.5812719, -34.9521929 ] ] } },
{ "type": "Feature", "properties": { "osm_id": "181525759", "road_name": "Australia Two Avenue", "highway": "residential", "maxspeed_kmh": 40.0, "length_km": 0.52756698124455603 }, "geometry": { "type": "LineString", "coordinates": [ [ 138.4822467, -34.784035899999985 ], [ 138.483372, -34.7833386 ], [ 138.4844809, -34.7833219 ], [ 138.485236500000013, -34.7830082 ], [ 138.4864794, -34.7833734 ], [ 138.4873561, -34.7830435 ] ] } },
{ "type": "Feature", "properties": { "osm_id": "181527028", "road_name": "Leslie Street West", "highway": "residential", "maxspeed_kmh": 40.0, "length_km": 0.27017543189219168 }, "geometry": { "type": "LineString", "coordinates": [ [ 138.5400649, -34.8713778 ], [ 138.542408599999987, -34.8728328 ] ] } },
{ "type": "Feature", "properties": { "osm_id": "181671532", "road_name": "Milner Street", "highway": "residential", "maxspeed_kmh": 40.0, "length_km": 0.16598008392117319 }, "geometry": { "type": "LineString", "coordinates": [ [ 138.570581, -34.905525 ], [ 138.569562499999989, -34.906726900000017 ] ] } },
{ "type": "Feature", "properties": { "osm_id": "181671533", "road_name": "Primrose Court", "highway": "residential", "maxspeed_kmh": 40.0, "length_km": 0.030858033460004139 }, "geometry": { "type": "LineString", "coordinates": [ [ 138.503008099999988, -34.892811 ], [ 138.502673, -34.8928185 ] ] } },
{ "type": "Feature", "properties": { "osm_id": "181671536", "road_name": "Searange Court", "highway": "residential", "maxspeed_kmh": 40.0, "length_km": 0.072821786016549386 }, "geometry": { "type": "LineString", "coordinates": [ [ 138.498773699999987, -34.9020465 ], [ 138.4985041, -34.9014337 ] ] } },
{ "type": "Feature", "properties": { "osm_id": "181671540", "road_name": "Sunset Crescent", "highway": "residential", "maxspeed_kmh": 40.0, "length_km": 0.31950921178819464 }, "geometry": { "type": "LineString", "coordinates": [ [ 138.4997578, -34.9019972 ], [ 138.4997119, -34.9008123 ], [ 138.501119499999987, -34.8996217 ] ] } },
{ "type": "Feature", "properties": { "osm_id": "181671552", "road_name": null, "highway": "residential", "maxspeed_kmh": 40.0, "length_km": 0.047384840385804504 }, "geometry": { "type": "LineString", "coordinates": [ [ 138.5393487, -34.892181 ], [ 138.539266199999986, -34.89212 ], [ 138.539344699999987, -34.8920454 ], [ 138.5394308, -34.8921061 ], [ 138.5393487, -34.892181 ] ] } },
{ "type": "Feature", "properties": { "osm_id": "181671553", "road_name": null, "highway": "residential", "maxspeed_kmh": 40.0, "length_km": 0.046810586275933062 }, "geometry": { "type": "LineString", "coordinates": [ [ 138.5515193, -34.9106264 ], [ 138.5514629, -34.910541899999984 ], [ 138.5515514, -34.9104953 ], [ 138.551618600000012, -34.9105828 ], [ 138.5515193, -34.9106264 ] ] } },
{ "type": "Feature", "properties": { "osm_id": "181671562", "road_name": "Ferris Street", "highway": "residential", "maxspeed_kmh": 40.0, "length_km": 0.17380956318435273 }, "geometry": { "type": "LineString", "coordinates": [ [ 138.5718775, -34.8881048 ], [ 138.5729978, -34.886852299999987 ] ] } },
{ "type": "Feature", "properties": { "osm_id": "181671566", "road_name": null, "highway": "tertiary", "maxspeed_kmh": 40.0, "length_km": 0.053698803210720146 }, "geometry": { "type": "LineString", "coordinates": [ [ 138.5602539, -34.8878269 ], [ 138.560226699999987, -34.8877239 ], [ 138.5603556, -34.8876982 ], [ 138.5603781, -34.887813 ], [ 138.5602539, -34.8878269 ] ] } },
{ "type": "Feature", "properties": { "osm_id": "181671574", "road_name": "Torres Avenue", "highway": "residential", "maxspeed_kmh": 40.0, "length_km": 0.13042386044120083 }, "geometry": { "type": "LineString", "coordinates": [ [ 138.5532288, -34.9043642 ], [ 138.553344900000013, -34.9055138 ] ] } },
{ "type": "Feature", "properties": { "osm_id": "181671597", "road_name": "Beatty Street", "highway": "tertiary", "maxspeed_kmh": 40.0, "length_km": 0.42163079616033244 }, "geometry": { "type": "LineString", "coordinates": [ [ 138.5530113, -34.9127436 ], [ 138.5486324, -34.9116336 ] ] } },
{ "type": "Feature", "properties": { "osm_id": "181939580", "road_name": "Cheltenham Street", "highway": "residential", "maxspeed_kmh": 40.0, "length_km": 0.33909906991370281 }, "geometry": { "type": "LineString", "coordinates": [ [ 138.614976899999988, -34.9594771 ], [ 138.6186573, -34.9592886 ] ] } },
{ "type": "Feature", "properties": { "osm_id": "182071432", "road_name": "Lyons Parade", "highway": "residential", "maxspeed_kmh": 40.0, "length_km": 0.0068175615975127352 }, "geometry": { "type": "LineString", "coordinates": [ [ 138.5842941, -34.9525423 ], [ 138.5842638, -34.952598 ] ] } },
{ "type": "Feature", "properties": { "osm_id": "182071479", "road_name": "Morris Street", "highway": "residential", "maxspeed_kmh": 40.0, "length_km": 0.099615898301321601 }, "geometry": { "type": "LineString", "coordinates": [ [ 138.652134, -34.902100200000014 ], [ 138.6520413, -34.9012116 ] ] } },
{ "type": "Feature", "properties": { "osm_id": "182071488", "road_name": "Fourth Avenue", "highway": "residential", "maxspeed_kmh": 40.0, "length_km": 0.16459862179586679 }, "geometry": { "type": "LineString", "coordinates": [ [ 138.653122700000011, -34.910845 ], [ 138.6513383, -34.9109502 ] ] } },
{ "type": "Feature", "properties": { "osm_id": "182071491", "road_name": "Greville Street", "highway": "residential", "maxspeed_kmh": 40.0, "length_km": 0.11215360291991933 }, "geometry": { "type": "LineString", "coordinates": [ [ 138.619296, -34.9541561 ], [ 138.619217700000036, -34.9531541 ] ] } },
{ "type": "Feature", "properties": { "osm_id": "182071502", "road_name": "May Street", "highway": "residential", "maxspeed_kmh": 40.0, "length_km": 0.13803421341259547 }, "geometry": { "type": "LineString", "coordinates": [ [ 138.652685, -34.902061 ], [ 138.652771199999989, -34.9032948 ] ] } },
{ "type": "Feature", "properties": { "osm_id": "182071511", "road_name": "John Street", "highway": "residential", "maxspeed_kmh": 40.0, "length_km": 0.17183842625810661 }, "geometry": { "type": "LineString", "coordinates": [ [ 138.6517761, -34.9046223 ], [ 138.6518897, -34.9061579 ] ] } },
{ "type": "Feature", "properties": { "osm_id": "182133816", "road_name": "Audrey Street", "highway": "residential", "maxspeed_kmh": 40.0, "length_km": 0.065021356565854907 }, "geometry": { "type": "LineString", "coordinates": [ [ 138.488694400000014, -34.8946551 ], [ 138.4880748, -34.8947861 ] ] } },
{ "type": "Feature", "properties": { "osm_id": "182134553", "road_name": "Seaview Road", "highway": "residential", "maxspeed_kmh": 40.0, "length_km": 0.53190901389191947 }, "geometry": { "type": "LineString", "coordinates": [ [ 138.4869414, -34.8915313 ], [ 138.485642500000012, -34.8880617 ], [ 138.485516499999989, -34.8869404 ] ] } },
{ "type": "Feature", "properties": { "osm_id": "182134554", "road_name": "Hallam Terrace", "highway": "residential", "maxspeed_kmh": 40.0, "length_km": 0.049030830541965061 }, "geometry": { "type": "LineString", "coordinates": [ [ 138.4877434, -34.8915383 ], [ 138.4872167, -34.891584 ] ] } },
{ "type": "Feature", "properties": { "osm_id": "182624952", "road_name": "Reedie Street", "highway": "residential", "maxspeed_kmh": 40.0, "length_km": 0.05403751865727717 }, "geometry": { "type": "LineString", "coordinates": [ [ 138.4913161, -34.9107572 ], [ 138.4919006, -34.9107113 ] ] } },
{ "type": "Feature", "properties": { "osm_id": "182626221", "road_name": "Esplanade", "highway": "residential", "maxspeed_kmh": 40.0, "length_km": 0.37897708474228986 }, "geometry": { "type": "LineString", "coordinates": [ [ 138.494445500000012, -34.9223653 ], [ 138.4953004, -34.9256733 ] ] } },
{ "type": "Feature", "properties": { "osm_id": "182787366", "road_name": "First Avenue", "highway": "residential", "maxspeed_kmh": 40.0, "length_km": 0.16607311459968563 }, "geometry": { "type": "LineString", "coordinates": [ [ 138.6515061, -34.9133383 ], [ 138.6533077, -34.9132465 ] ] } },
{ "type": "Feature", "properties": { "osm_id": "182787439", "road_name": "Third Avenue", "highway": "residential", "maxspeed_kmh": 40.0, "length_km": 0.35397680153502231 }, "geometry": { "type": "LineString", "coordinates": [ [ 138.6541901, -34.9115508 ], [ 138.6580175, -34.911372 ] ] } },
{ "type": "Feature", "properties": { "osm_id": "182787440", "road_name": "Seventh Avenue", "highway": "residential", "maxspeed_kmh": 40.0, "length_km": 0.45107561628671622 }, "geometry": { "type": "LineString", "coordinates": [ [ 138.6529409, -34.9084859 ], [ 138.65781290000001, -34.9082426 ] ] } },
{ "type": "Feature", "properties": { "osm_id": "182869362", "road_name": "Rondo Avenue", "highway": "residential", "maxspeed_kmh": 40.0, "length_km": 0.097992054205190263 }, "geometry": { "type": "LineString", "coordinates": [ [ 138.5240254, -34.902786399999982 ], [ 138.5250848, -34.9027222 ] ] } },
{ "type": "Feature", "properties": { "osm_id": "182869363", "road_name": "Thornton Street", "highway": "residential", "maxspeed_kmh": 40.0, "length_km": 0.17851152185290417 }, "geometry": { "type": "LineString", "coordinates": [ [ 138.524161, -34.9043686 ], [ 138.5240254, -34.902786399999982 ] ] } },
{ "type": "Feature", "properties": { "osm_id": "183725575", "road_name": "Station Place", "highway": "residential", "maxspeed_kmh": 40.0, "length_km": 0.079480351452704143 }, "geometry": { "type": "LineString", "coordinates": [ [ 138.5748429, -34.906871099999989 ], [ 138.575386900000012, -34.9063185 ] ] } },
{ "type": "Feature", "properties": { "osm_id": "185400132", "road_name": "Allen Avenue", "highway": "residential", "maxspeed_kmh": 40.0, "length_km": 0.21599580024626325 }, "geometry": { "type": "LineString", "coordinates": [ [ 138.6548467, -34.8982726 ], [ 138.6571869, -34.898123099999985 ] ] } },
{ "type": "Feature", "properties": { "osm_id": "185400133", "road_name": "Aberdare Avenue", "highway": "residential", "maxspeed_kmh": 40.0, "length_km": 0.64779460543758871 }, "geometry": { "type": "LineString", "coordinates": [ [ 138.6413512, -34.9087221 ], [ 138.648337700000013, -34.90829560000001 ] ] } },
{ "type": "Feature", "properties": { "osm_id": "185400134", "road_name": "Aveland Avenue", "highway": "residential", "maxspeed_kmh": 40.0, "length_km": 0.82458027469826445 }, "geometry": { "type": "LineString", "coordinates": [ [ 138.643517, -34.9072629 ], [ 138.644048, -34.9146324 ] ] } },
{ "type": "Feature", "properties": { "osm_id": "185400221", "road_name": "Harold Street", "highway": "residential", "maxspeed_kmh": 40.0, "length_km": 0.17127833043422036 }, "geometry": { "type": "LineString", "coordinates": [ [ 138.647277600000024, -34.8999173 ], [ 138.6471915, -34.898387 ] ] } },
{ "type": "Feature", "properties": { "osm_id": "185400223", "road_name": "Leonard Street", "highway": "residential", "maxspeed_kmh": 40.0, "length_km": 0.17441492929766653 }, "geometry": { "type": "LineString", "coordinates": [ [ 138.6461889, -34.8984345 ], [ 138.6464353, -34.89997420000001 ] ] } },
{ "type": "Feature", "properties": { "osm_id": "185401548", "road_name": "Fisher Street", "highway": "residential", "maxspeed_kmh": 40.0, "length_km": 0.40616888704399973 }, "geometry": { "type": "LineString", "coordinates": [ [ 138.6274321, -34.9195783 ], [ 138.623034600000011, -34.9197146 ] ] } },
{ "type": "Feature", "properties": { "osm_id": "185401552", "road_name": "Charlotte Place", "highway": "residential", "maxspeed_kmh": 40.0, "length_km": 0.11676527753600985 }, "geometry": { "type": "LineString", "coordinates": [ [ 138.6252303, -34.9196469 ], [ 138.625148700000011, -34.9186037 ] ] } },
{ "type": "Feature", "properties": { "osm_id": "185408871", "road_name": "Dunkley Avenue", "highway": "residential", "maxspeed_kmh": 40.0, "length_km": 0.18923589079302822 }, "geometry": { "type": "LineString", "coordinates": [ [ 138.656243, -34.902221 ], [ 138.656364700000012, -34.9039123 ] ] } },
{ "type": "Feature", "properties": { "osm_id": "185797722", "road_name": "Gulf Point Drive", "highway": "residential", "maxspeed_kmh": 40.0, "length_km": 0.067953669836535391 }, "geometry": { "type": "LineString", "coordinates": [ [ 138.4861036, -34.7901797 ], [ 138.4860104, -34.7905591 ], [ 138.4858396, -34.7905034 ] ] } },
{ "type": "Feature", "properties": { "osm_id": "186486982", "road_name": "Home Avenue", "highway": "residential", "maxspeed_kmh": 40.0, "length_km": 0.14879171076647249 }, "geometry": { "type": "LineString", "coordinates": [ [ 138.652174600000023, -34.8933497 ], [ 138.6522727, -34.8946794 ] ] } },
{ "type": "Feature", "properties": { "osm_id": "187396881", "road_name": "Orange Lane", "highway": "residential", "maxspeed_kmh": 40.0, "length_km": 0.1182352408275308 }, "geometry": { "type": "LineString", "coordinates": [ [ 138.6330481, -34.9203538 ], [ 138.634329800000017, -34.9202779 ] ] } },
{ "type": "Feature", "properties": { "osm_id": "188834838", "road_name": "Sixth Street", "highway": "residential", "maxspeed_kmh": 40.0, "length_km": 0.16749104346172122 }, "geometry": { "type": "LineString", "coordinates": [ [ 138.578736, -34.9042769 ], [ 138.58016, -34.9052095 ] ] } },
{ "type": "Feature", "properties": { "osm_id": "190713736", "road_name": "Seventh Lane", "highway": "service", "maxspeed_kmh": 40.0, "length_km": 0.16755965434184805 }, "geometry": { "type": "LineString", "coordinates": [ [ 138.620932900000014, -34.905487399999984 ], [ 138.619878199999988, -34.9067067 ] ] } },
{ "type": "Feature", "properties": { "osm_id": "190715195", "road_name": "Elizabeth Street", "highway": "residential", "maxspeed_kmh": 40.0, "length_km": 0.0067080046973888915 }, "geometry": { "type": "LineString", "coordinates": [ [ 138.5851219, -34.8894546 ], [ 138.585194699999988, -34.8894518 ] ] } },
{ "type": "Feature", "properties": { "osm_id": "191165671", "road_name": "Seaview Road", "highway": "secondary", "maxspeed_kmh": 40.0, "length_km": 0.15643330738056122 }, "geometry": { "type": "LineString", "coordinates": [ [ 138.494114599999989, -34.9188117 ], [ 138.494482799999986, -34.9201777 ] ] } },
{ "type": "Feature", "properties": { "osm_id": "191165672", "road_name": "Seaview Road", "highway": "secondary", "maxspeed_kmh": 40.0, "length_km": 0.27619126682166245 }, "geometry": { "type": "LineString", "coordinates": [ [ 138.494482799999986, -34.9201777 ], [ 138.495149700000013, -34.922588 ] ] } },
{ "type": "Feature", "properties": { "osm_id": "193825517", "road_name": "Alexandra Street", "highway": "residential", "maxspeed_kmh": 40.0, "length_km": 0.2195978733709596 }, "geometry": { "type": "LineString", "coordinates": [ [ 138.5934744, -34.8792743 ], [ 138.5910935, -34.8793971 ] ] } },
{ "type": "Feature", "properties": { "osm_id": "193825518", "road_name": "Beatrice Street", "highway": "residential", "maxspeed_kmh": 40.0, "length_km": 0.27218995321437961 }, "geometry": { "type": "LineString", "coordinates": [ [ 138.593611399999986, -34.8813326 ], [ 138.5906587, -34.8814633 ] ] } },
{ "type": "Feature", "properties": { "osm_id": "193825519", "road_name": "Bosanquet Avenue", "highway": "residential", "maxspeed_kmh": 40.0, "length_km": 0.83105958874066277 }, "geometry": { "type": "LineString", "coordinates": [ [ 138.593712, -34.8828356 ], [ 138.584696900000012, -34.8832385 ] ] } },
{ "type": "Feature", "properties": { "osm_id": "193825520", "road_name": "Charles Street", "highway": "residential", "maxspeed_kmh": 40.0, "length_km": 0.8330406145747461 }, "geometry": { "type": "LineString", "coordinates": [ [ 138.5933408, -34.87729010000001 ], [ 138.5843073, -34.8777307 ] ] } },
{ "type": "Feature", "properties": { "osm_id": "193825521", "road_name": "Le Hunte Avenue", "highway": "residential", "maxspeed_kmh": 40.0, "length_km": 0.83205186419505328 }, "geometry": { "type": "LineString", "coordinates": [ [ 138.5936691, -34.8820981 ], [ 138.58464330000001, -34.8825008 ] ] } },
{ "type": "Feature", "properties": { "osm_id": "193825524", "road_name": "Victoria Street", "highway": "residential", "maxspeed_kmh": 40.0, "length_km": 0.83299958624977144 }, "geometry": { "type": "LineString", "coordinates": [ [ 138.5935395, -34.8802606 ], [ 138.5845032, -34.8806568 ] ] } },
{ "type": "Feature", "properties": { "osm_id": "197318142", "road_name": "Hallville Street", "highway": "residential", "maxspeed_kmh": 40.0, "length_km": 0.10083274353226331 }, "geometry": { "type": "LineString", "coordinates": [ [ 138.519427400000012, -34.8870178 ], [ 138.5194975, -34.8879185 ] ] } },
{ "type": "Feature", "properties": { "osm_id": "197853263", "road_name": "Cooke Street", "highway": "residential", "maxspeed_kmh": 40.0, "length_km": 0.35359387096462597 }, "geometry": { "type": "LineString", "coordinates": [ [ 138.5259225, -34.9014198 ], [ 138.526016, -34.9011097 ], [ 138.5294319, -34.9009465 ] ] } },
{ "type": "Feature", "properties": { "osm_id": "197853264", "road_name": "Hardy Street", "highway": "residential", "maxspeed_kmh": 40.0, "length_km": 0.28882877003911595 }, "geometry": { "type": "LineString", "coordinates": [ [ 138.5281382, -34.9017058 ], [ 138.5312485, -34.9015034 ] ] } },
{ "type": "Feature", "properties": { "osm_id": "197853613", "road_name": "Lothian Avenue", "highway": "residential", "maxspeed_kmh": 40.0, "length_km": 0.2712324994052091 }, "geometry": { "type": "LineString", "coordinates": [ [ 138.523180700000012, -34.9005317 ], [ 138.5213142, -34.9006035 ], [ 138.5203148, -34.900828599999983 ] ] } },
{ "type": "Feature", "properties": { "osm_id": "198254688", "road_name": "Holland Street", "highway": "residential", "maxspeed_kmh": 40.0, "length_km": 0.095784336172206594 }, "geometry": { "type": "LineString", "coordinates": [ [ 138.545188200000013, -34.9021766 ], [ 138.5443755, -34.901641 ] ] } },
{ "type": "Feature", "properties": { "osm_id": "198254689", "road_name": "Mercurio Drive", "highway": "residential", "maxspeed_kmh": 40.0, "length_km": 0.1935776179654998 }, "geometry": { "type": "LineString", "coordinates": [ [ 138.5347358, -34.9150211 ], [ 138.536836, -34.914937800000011 ] ] } },
{ "type": "Feature", "properties": { "osm_id": "198255346", "road_name": "Cordelia Crescent", "highway": "residential", "maxspeed_kmh": 40.0, "length_km": 0.17920681555304913 }, "geometry": { "type": "LineString", "coordinates": [ [ 138.5463504, -34.9045402 ], [ 138.546737799999988, -34.9037623 ], [ 138.5476626, -34.903717699999987 ] ] } },
{ "type": "Feature", "properties": { "osm_id": "198255348", "road_name": "Alice Street", "highway": "residential", "maxspeed_kmh": 40.0, "length_km": 0.2200775490498916 }, "geometry": { "type": "LineString", "coordinates": [ [ 138.544859, -34.9025436 ], [ 138.546737799999988, -34.9037623 ] ] } },
{ "type": "Feature", "properties": { "osm_id": "198255349", "road_name": "East Terrace", "highway": "residential", "maxspeed_kmh": 40.0, "length_km": 0.097769243459462071 }, "geometry": { "type": "LineString", "coordinates": [ [ 138.539125, -34.8884523 ], [ 138.539168, -34.8893187 ] ] } },
{ "type": "Feature", "properties": { "osm_id": "198255350", "road_name": "Main Street", "highway": "residential", "maxspeed_kmh": 40.0, "length_km": 1.5132747116259746 }, "geometry": { "type": "LineString", "coordinates": [ [ 138.5498845, -34.904533100000016 ], [ 138.5489188, -34.8910109 ] ] } },
{ "type": "Feature", "properties": { "osm_id": "198255938", "road_name": "Belmore Terrace", "highway": "residential", "maxspeed_kmh": 40.0, "length_km": 0.36803718439105731 }, "geometry": { "type": "LineString", "coordinates": [ [ 138.543128599999989, -34.880873099999988 ], [ 138.5460314, -34.8831037 ] ] } },
{ "type": "Feature", "properties": { "osm_id": "198255941", "road_name": "Oxford Street", "highway": "residential", "maxspeed_kmh": 40.0, "length_km": 0.13307744724588635 }, "geometry": { "type": "LineString", "coordinates": [ [ 138.544754899999987, -34.8826924 ], [ 138.543847, -34.8836194 ] ] } },
{ "type": "Feature", "properties": { "osm_id": "198255943", "road_name": "Leslie Street West", "highway": "residential", "maxspeed_kmh": 40.0, "length_km": 0.15613340114605501 }, "geometry": { "type": "LineString", "coordinates": [ [ 138.5440323, -34.8738906 ], [ 138.5427043, -34.8730277 ] ] } },
{ "type": "Feature", "properties": { "osm_id": "198255944", "road_name": "Marlborough Avenue", "highway": "residential", "maxspeed_kmh": 40.0, "length_km": 0.35681578646649414 }, "geometry": { "type": "LineString", "coordinates": [ [ 138.5456941, -34.8833639 ], [ 138.5432853, -34.8858602 ] ] } },
{ "type": "Feature", "properties": { "osm_id": "198255945", "road_name": "Belmore Terrace", "highway": "residential", "maxspeed_kmh": 40.0, "length_km": 0.3500501445935289 }, "geometry": { "type": "LineString", "coordinates": [ [ 138.5460377, -34.8831358 ], [ 138.5488032, -34.8852835 ] ] } },
{ "type": "Feature", "properties": { "osm_id": "198549724", "road_name": "Harriet Street", "highway": "residential", "maxspeed_kmh": 40.0, "length_km": 0.53708988289325599 }, "geometry": { "type": "LineString", "coordinates": [ [ 138.5681481, -34.8934957 ], [ 138.5638432, -34.8902672 ] ] } },
{ "type": "Feature", "properties": { "osm_id": "198549725", "road_name": "Queen Street", "highway": "residential", "maxspeed_kmh": 40.0, "length_km": 0.21264588641543619 }, "geometry": { "type": "LineString", "coordinates": [ [ 138.5644945, -34.8975502 ], [ 138.5630203, -34.8990128 ] ] } },
{ "type": "Feature", "properties": { "osm_id": "198549726", "road_name": "Day Terrace", "highway": "residential", "maxspeed_kmh": 40.0, "length_km": 0.85553709215021156 }, "geometry": { "type": "LineString", "coordinates": [ [ 138.5637396, -34.8966891 ], [ 138.556905699999987, -34.891507 ] ] } },
{ "type": "Feature", "properties": { "osm_id": "198549727", "road_name": "Phillip Street", "highway": "residential", "maxspeed_kmh": 40.0, "length_km": 0.48827471888495788 }, "geometry": { "type": "LineString", "coordinates": [ [ 138.5612494, -34.8968947 ], [ 138.557181, -34.8941006 ] ] } },
{ "type": "Feature", "properties": { "osm_id": "199460744", "road_name": "Nelson Street", "highway": "residential", "maxspeed_kmh": 40.0, "length_km": 0.16632678076724136 }, "geometry": { "type": "LineString", "coordinates": [ [ 138.63165140000001, -34.9520434 ], [ 138.6317622, -34.9535297 ] ] } },
{ "type": "Feature", "properties": { "osm_id": "199463015", "road_name": "Main Avenue", "highway": "residential", "maxspeed_kmh": 40.0, "length_km": 0.18977867643791449 }, "geometry": { "type": "LineString", "coordinates": [ [ 138.6293803, -34.9469994 ], [ 138.6273731, -34.9471071 ] ] } },
{ "type": "Feature", "properties": { "osm_id": "199468195", "road_name": "Rugby Street", "highway": "residential", "maxspeed_kmh": 40.0, "length_km": 0.086046718981947476 }, "geometry": { "type": "LineString", "coordinates": [ [ 138.6106706, -34.9644148 ], [ 138.6107434, -34.9651828 ] ] } },
{ "type": "Feature", "properties": { "osm_id": "199468199", "road_name": "Maud Street", "highway": "residential", "maxspeed_kmh": 40.0, "length_km": 0.064836121852766743 }, "geometry": { "type": "LineString", "coordinates": [ [ 138.609423099999987, -34.9476824 ], [ 138.610121300000031, -34.9476357 ] ] } },
{ "type": "Feature", "properties": { "osm_id": "199468201", "road_name": "Malvern Avenue", "highway": "residential", "maxspeed_kmh": 40.0, "length_km": 0.1216038049662618 }, "geometry": { "type": "LineString", "coordinates": [ [ 138.6106706, -34.9644148 ], [ 138.609350400000011, -34.9644782 ] ] } },
{ "type": "Feature", "properties": { "osm_id": "199468202", "road_name": "Young Street", "highway": "residential", "maxspeed_kmh": 40.0, "length_km": 0.11484420113256447 }, "geometry": { "type": "LineString", "coordinates": [ [ 138.6070163, -34.94459 ], [ 138.6057701, -34.9446535 ] ] } },
{ "type": "Feature", "properties": { "osm_id": "199473081", "road_name": "Angas Road", "highway": "residential", "maxspeed_kmh": 40.0, "length_km": 0.091944255970563105 }, "geometry": { "type": "LineString", "coordinates": [ [ 138.6074652, -34.973698199999987 ], [ 138.608463200000017, -34.973647 ] ] } },
{ "type": "Feature", "properties": { "osm_id": "199575603", "road_name": "Valmai Avenue", "highway": "residential", "maxspeed_kmh": 40.0, "length_km": 0.18438768435789515 }, "geometry": { "type": "LineString", "coordinates": [ [ 138.5925514, -34.9633698 ], [ 138.590549900000013, -34.9634691 ] ] } },
{ "type": "Feature", "properties": { "osm_id": "199575604", "road_name": "Ningana Avenue", "highway": "residential", "maxspeed_kmh": 40.0, "length_km": 0.32952235841258259 }, "geometry": { "type": "LineString", "coordinates": [ [ 138.5925514, -34.9633698 ], [ 138.5926387, -34.9647535 ], [ 138.592369, -34.9649511 ], [ 138.5924585, -34.9662084 ] ] } },
{ "type": "Feature", "properties": { "osm_id": "199576205", "road_name": "Victoria Street", "highway": "tertiary", "maxspeed_kmh": 40.0, "length_km": 0.32444644407018108 }, "geometry": { "type": "LineString", "coordinates": [ [ 138.586274300000014, -34.9537056 ], [ 138.5897947, -34.9535189 ] ] } },
{ "type": "Feature", "properties": { "osm_id": "199576209", "road_name": "Rose Terrace", "highway": "residential", "maxspeed_kmh": 40.0, "length_km": 0.25801248126517939 }, "geometry": { "type": "LineString", "coordinates": [ [ 138.5864487, -34.9432403 ], [ 138.5836497, -34.9433918 ] ] } },
{ "type": "Feature", "properties": { "osm_id": "199576210", "road_name": "Victoria Street", "highway": "tertiary", "maxspeed_kmh": 40.0, "length_km": 0.046128902284973787 }, "geometry": { "type": "LineString", "coordinates": [ [ 138.5853495, -34.9537521 ], [ 138.58585020000001, -34.9537279 ] ] } },
{ "type": "Feature", "properties": { "osm_id": "199576211", "road_name": "Millswood Crescent", "highway": "residential", "maxspeed_kmh": 40.0, "length_km": 0.34667416361506015 }, "geometry": { "type": "LineString", "coordinates": [ [ 138.584424899999988, -34.959098 ], [ 138.5825093, -34.9605707 ], [ 138.5820233, -34.9605927 ], [ 138.5820272, -34.9611239 ] ] } },
{ "type": "Feature", "properties": { "osm_id": "199576533", "road_name": "Stuart Road", "highway": "residential", "maxspeed_kmh": 40.0, "length_km": 0.035125071761886263 }, "geometry": { "type": "LineString", "coordinates": [ [ 138.6319298, -34.939201 ], [ 138.6319627, -34.9395143 ] ] } },
{ "type": "Feature", "properties": { "osm_id": "199576534", "road_name": "Swaine Avenue", "highway": "residential", "maxspeed_kmh": 40.0, "length_km": 0.47867063553619904 }, "geometry": { "type": "LineString", "coordinates": [ [ 138.633061, -34.9329776 ], [ 138.6382543, -34.9327081 ] ] } },
{ "type": "Feature", "properties": { "osm_id": "199587545", "road_name": "Cuthero Terrace", "highway": "residential", "maxspeed_kmh": 40.0, "length_km": 0.10518337436475601 }, "geometry": { "type": "LineString", "coordinates": [ [ 138.6681494, -34.9171901 ], [ 138.6692916, -34.9171484 ] ] } },
{ "type": "Feature", "properties": { "osm_id": "199612288", "road_name": "Northumberland Avenue", "highway": "residential", "maxspeed_kmh": 40.0, "length_km": 0.19712532200857294 }, "geometry": { "type": "LineString", "coordinates": [ [ 138.5348354, -34.9033467 ], [ 138.536026600000014, -34.9032898 ], [ 138.5361327, -34.9040513 ] ] } },
{ "type": "Feature", "properties": { "osm_id": "205329571", "road_name": "Dulwich Avenue", "highway": "residential", "maxspeed_kmh": 40.0, "length_km": 0.22998543993458143 }, "geometry": { "type": "LineString", "coordinates": [ [ 138.6246775, -34.9353458 ], [ 138.6271731, -34.9352203 ] ] } },
{ "type": "Feature", "properties": { "osm_id": "205329578", "road_name": "Grant Avenue", "highway": "residential", "maxspeed_kmh": 40.0, "length_km": 0.07327968267796009 }, "geometry": { "type": "LineString", "coordinates": [ [ 138.6239969, -34.9323997 ], [ 138.6247921, -34.9323605 ] ] } },
{ "type": "Feature", "properties": { "osm_id": "215671748", "road_name": "Crompton Drive", "highway": "residential", "maxspeed_kmh": 40.0, "length_km": 0.29810049791686766 }, "geometry": { "type": "LineString", "coordinates": [ [ 138.5398248, -34.8703914 ], [ 138.537922900000012, -34.8725026 ] ] } },
{ "type": "Feature", "properties": { "osm_id": "215671751", "road_name": "Charles Mathews Circle", "highway": "residential", "maxspeed_kmh": 40.0, "length_km": 0.12007354323991311 }, "geometry": { "type": "LineString", "coordinates": [ [ 138.5372825, -34.8715289 ], [ 138.537035800000012, -34.8717289 ], [ 138.536112300000013, -34.8715574 ] ] } },
{ "type": "Feature", "properties": { "osm_id": "215671752", "road_name": "Charles Mathews Circle", "highway": "residential", "maxspeed_kmh": 40.0, "length_km": 0.12398453970468334 }, "geometry": { "type": "LineString", "coordinates": [ [ 138.537611, -34.8717328 ], [ 138.5365586, -34.8710407 ] ] } },
{ "type": "Feature", "properties": { "osm_id": "215671754", "road_name": "Reid Street", "highway": "residential", "maxspeed_kmh": 40.0, "length_km": 0.064157347023408307 }, "geometry": { "type": "LineString", "coordinates": [ [ 138.538549, -34.8708388 ], [ 138.5391713, -34.8710923 ] ] } },
{ "type": "Feature", "properties": { "osm_id": "215671755", "road_name": "Cameo Street", "highway": "residential", "maxspeed_kmh": 40.0, "length_km": 0.18431782528435753 }, "geometry": { "type": "LineString", "coordinates": [ [ 138.5363518, -34.8751424 ], [ 138.535798199999988, -34.8747793 ], [ 138.536401399999988, -34.8738873 ] ] } },
{ "type": "Feature", "properties": { "osm_id": "215671756", "road_name": "Swans Place", "highway": "residential", "maxspeed_kmh": 40.0, "length_km": 0.13693058378567866 }, "geometry": { "type": "LineString", "coordinates": [ [ 138.536192199999988, -34.87437030000001 ], [ 138.5352977, -34.8741178 ], [ 138.5353929, -34.8736969 ] ] } },
{ "type": "Feature", "properties": { "osm_id": "215671758", "road_name": "Emery Place", "highway": "residential", "maxspeed_kmh": 40.0, "length_km": 0.087875266404622746 }, "geometry": { "type": "LineString", "coordinates": [ [ 138.538131099999987, -34.8712099 ], [ 138.5373937, -34.8707105 ] ] } },
{ "type": "Feature", "properties": { "osm_id": "215671760", "road_name": "Ashworth Avenue", "highway": "residential", "maxspeed_kmh": 40.0, "length_km": 0.19373060823706617 }, "geometry": { "type": "LineString", "coordinates": [ [ 138.5372209, -34.8721667 ], [ 138.538549, -34.8708388 ] ] } },
{ "type": "Feature", "properties": { "osm_id": "216480581", "road_name": "Brocas Avenue", "highway": "service", "maxspeed_kmh": 40.0, "length_km": 0.1293140586452837 }, "geometry": { "type": "LineString", "coordinates": [ [ 138.5400974, -34.8738489 ], [ 138.5412413, -34.8745206 ] ] } },
{ "type": "Feature", "properties": { "osm_id": "216562347", "road_name": "Actil Avenue", "highway": "residential", "maxspeed_kmh": 40.0, "length_km": 0.097035911998962013 }, "geometry": { "type": "LineString", "coordinates": [ [ 138.5379782, -34.8735361 ], [ 138.5373099, -34.8742068 ] ] } },
{ "type": "Feature", "properties": { "osm_id": "220367799", "road_name": "Battams Road", "highway": "residential", "maxspeed_kmh": 40.0, "length_km": 0.32167060557191113 }, "geometry": { "type": "LineString", "coordinates": [ [ 138.626700699999986, -34.8942361 ], [ 138.6299368, -34.895305 ] ] } },
{ "type": "Feature", "properties": { "osm_id": "220861458", "road_name": "Kevin Taylor Lane", "highway": "residential", "maxspeed_kmh": 40.0, "length_km": 0.077107233850068832 }, "geometry": { "type": "LineString", "coordinates": [ [ 138.579140200000012, -34.9054257 ], [ 138.57965870000001, -34.9048835 ] ] } },
{ "type": "Feature", "properties": { "osm_id": "221456774", "road_name": "Mullen Lane", "highway": "residential", "maxspeed_kmh": 40.0, "length_km": 0.042645010798697355 }, "geometry": { "type": "LineString", "coordinates": [ [ 138.5754901, -34.8987343 ], [ 138.5753924, -34.8990153 ] ] } },
{ "type": "Feature", "properties": { "osm_id": "221474546", "road_name": "St James Boulevard", "highway": "residential", "maxspeed_kmh": 40.0, "length_km": 0.09266186416577607 }, "geometry": { "type": "LineString", "coordinates": [ [ 138.575083, -34.8920077 ], [ 138.575461600000011, -34.8922036 ], [ 138.5757997, -34.8918536 ] ] } },
{ "type": "Feature", "properties": { "osm_id": "221558815", "road_name": "Ashworth Court", "highway": "residential", "maxspeed_kmh": 40.0, "length_km": 0.12116489943540074 }, "geometry": { "type": "LineString", "coordinates": [ [ 138.5377297, -34.870081399999989 ], [ 138.5385249, -34.8706009 ], [ 138.538549, -34.8708388 ] ] } },
{ "type": "Feature", "properties": { "osm_id": "221928436", "road_name": "St Clair Avenue", "highway": "residential", "maxspeed_kmh": 40.0, "length_km": 0.033222518510861533 }, "geometry": { "type": "LineString", "coordinates": [ [ 138.529347800000011, -34.868439500000015 ], [ 138.528987699999988, -34.8684218 ] ] } },
{ "type": "Feature", "properties": { "osm_id": "223124988", "road_name": "St Clair Avenue", "highway": "residential", "maxspeed_kmh": 40.0, "length_km": 0.051688482383789834 }, "geometry": { "type": "LineString", "coordinates": [ [ 138.530714, -34.868461 ], [ 138.531036300000011, -34.8685096 ], [ 138.531098500000013, -34.8686822 ] ] } },
{ "type": "Feature", "properties": { "osm_id": "224510422", "road_name": "Croydon Avenue", "highway": "residential", "maxspeed_kmh": 40.0, "length_km": 0.10328103873902096 }, "geometry": { "type": "LineString", "coordinates": [ [ 138.562318800000014, -34.891709 ], [ 138.5616205, -34.8924327 ] ] } },
{ "type": "Feature", "properties": { "osm_id": "226337243", "road_name": "Beulah Road", "highway": "residential", "maxspeed_kmh": 40.0, "length_km": 0.039667986580370046 }, "geometry": { "type": "LineString", "coordinates": [ [ 138.6406871, -34.9178639 ], [ 138.640260899999987, -34.917866600000011 ] ] } },
{ "type": "Feature", "properties": { "osm_id": "226337246", "road_name": "Beulah Road", "highway": "residential", "maxspeed_kmh": 40.0, "length_km": 0.031138309405523503 }, "geometry": { "type": "LineString", "coordinates": [ [ 138.640789, -34.9178091 ], [ 138.6411256, -34.9178215 ] ] } },
{ "type": "Feature", "properties": { "osm_id": "227520558", "road_name": "Leighton Lane", "highway": "residential", "maxspeed_kmh": 40.0, "length_km": 0.20197879243445591 }, "geometry": { "type": "LineString", "coordinates": [ [ 138.58016, -34.9052095 ], [ 138.5804015, -34.9049583 ], [ 138.579283, -34.9042278 ], [ 138.579041100000012, -34.904467599999982 ] ] } },
{ "type": "Feature", "properties": { "osm_id": "230400913", "road_name": "Alma Terrace", "highway": "residential", "maxspeed_kmh": 40.0, "length_km": 0.48080068242033852 }, "geometry": { "type": "LineString", "coordinates": [ [ 138.5220388, -34.8831705 ], [ 138.524336, -34.8806209 ], [ 138.5256829, -34.88049310000001 ] ] } },
{ "type": "Feature", "properties": { "osm_id": "230552396", "road_name": "Iris Court", "highway": "residential", "maxspeed_kmh": 40.0, "length_km": 0.068688977310369298 }, "geometry": { "type": "LineString", "coordinates": [ [ 138.5043354, -34.8982632 ], [ 138.5042095, -34.898123 ], [ 138.5044102, -34.898091 ], [ 138.5044565, -34.8981729 ], [ 138.5043354, -34.8982632 ] ] } },
{ "type": "Feature", "properties": { "osm_id": "230565960", "road_name": "Harris Court", "highway": "residential", "maxspeed_kmh": 40.0, "length_km": 0.037544202834386295 }, "geometry": { "type": "LineString", "coordinates": [ [ 138.5305361, -34.8877411 ], [ 138.5305874, -34.887428199999988 ] ] } },
{ "type": "Feature", "properties": { "osm_id": "230631703", "road_name": "Seaview Road", "highway": "residential", "maxspeed_kmh": 40.0, "length_km": 0.37033717019205825 }, "geometry": { "type": "LineString", "coordinates": [ [ 138.4872167, -34.891584 ], [ 138.4880748, -34.8947861 ] ] } },
{ "type": "Feature", "properties": { "osm_id": "230662878", "road_name": "Kelly Avenue", "highway": "residential", "maxspeed_kmh": 40.0, "length_km": 0.063887681417350614 }, "geometry": { "type": "LineString", "coordinates": [ [ 138.515604599999989, -34.8844827 ], [ 138.515579800000012, -34.8845982 ], [ 138.5154183, -34.8845819 ], [ 138.515442900000011, -34.8844545 ], [ 138.515604599999989, -34.8844827 ] ] } },
{ "type": "Feature", "properties": { "osm_id": "230662987", "road_name": "Bourn Place", "highway": "residential", "maxspeed_kmh": 40.0, "length_km": 0.05905839345651346 }, "geometry": { "type": "LineString", "coordinates": [ [ 138.5419236, -34.8940906 ], [ 138.541282700000011, -34.8941158 ] ] } },
{ "type": "Feature", "properties": { "osm_id": "230675104", "road_name": "Winona Street", "highway": "residential", "maxspeed_kmh": 40.0, "length_km": 0.22536945291221755 }, "geometry": { "type": "LineString", "coordinates": [ [ 138.5324392, -34.9040832 ], [ 138.53000080000001, -34.904168 ] ] } },
{ "type": "Feature", "properties": { "osm_id": "230847393", "road_name": "Robertson Court", "highway": "residential", "maxspeed_kmh": 40.0, "length_km": 0.11959929324607819 }, "geometry": { "type": "LineString", "coordinates": [ [ 138.5384115, -34.8705183 ], [ 138.5388041, -34.8700467 ], [ 138.538382899999988, -34.8697161 ] ] } },
{ "type": "Feature", "properties": { "osm_id": "230847398", "road_name": "Roan Lane", "highway": "residential", "maxspeed_kmh": 40.0, "length_km": 0.13689655482260263 }, "geometry": { "type": "LineString", "coordinates": [ [ 138.533857899999987, -34.871452 ], [ 138.5339357, -34.8706031 ], [ 138.533526, -34.870518 ] ] } },
{ "type": "Feature", "properties": { "osm_id": "230847401", "road_name": "Trainer Street", "highway": "residential", "maxspeed_kmh": 40.0, "length_km": 0.35331770658741718 }, "geometry": { "type": "LineString", "coordinates": [ [ 138.530515, -34.869852 ], [ 138.5334932, -34.8701533 ], [ 138.5334482, -34.8707947 ] ] } },
{ "type": "Feature", "properties": { "osm_id": "230847403", "road_name": "Derby Lane", "highway": "residential", "maxspeed_kmh": 40.0, "length_km": 0.14981894739715176 }, "geometry": { "type": "LineString", "coordinates": [ [ 138.53220730000001, -34.8719764 ], [ 138.5321951, -34.8723728 ], [ 138.5333253, -34.8724547 ] ] } },
{ "type": "Feature", "properties": { "osm_id": "230858744", "road_name": "Tourbridge Drive", "highway": "residential", "maxspeed_kmh": 40.0, "length_km": 0.057537491097940659 }, "geometry": { "type": "LineString", "coordinates": [ [ 138.4946305, -34.88096860000001 ], [ 138.4940121, -34.8809129 ] ] } },
{ "type": "Feature", "properties": { "osm_id": "230868223", "road_name": "Fort Street", "highway": "tertiary", "maxspeed_kmh": 40.0, "length_km": 0.31222704707825877 }, "geometry": { "type": "LineString", "coordinates": [ [ 138.4939511, -34.8969319 ], [ 138.494413, -34.8959115 ], [ 138.4940934, -34.8942552 ] ] } },
{ "type": "Feature", "properties": { "osm_id": "231085285", "road_name": "William Street", "highway": "residential", "maxspeed_kmh": 40.0, "length_km": 0.64479158808720793 }, "geometry": { "type": "LineString", "coordinates": [ [ 138.5473376, -34.8988885 ], [ 138.5477258, -34.9046514 ] ] } },
{ "type": "Feature", "properties": { "osm_id": "231290655", "road_name": "Harrow Road", "highway": "residential", "maxspeed_kmh": 40.0, "length_km": 0.11714549441179138 }, "geometry": { "type": "LineString", "coordinates": [ [ 138.617010599999986, -34.9073756 ], [ 138.616033, -34.9067235 ] ] } },
{ "type": "Feature", "properties": { "osm_id": "231422123", "road_name": "Seaview Road", "highway": "secondary", "maxspeed_kmh": 40.0, "length_km": 0.22981159571972215 }, "geometry": { "type": "LineString", "coordinates": [ [ 138.494002200000011, -34.9184633 ], [ 138.493452100000013, -34.9164569 ] ] } },
{ "type": "Feature", "properties": { "osm_id": "232235208", "road_name": "Tasman Avenue", "highway": "residential", "maxspeed_kmh": 40.0, "length_km": 0.21103843325778951 }, "geometry": { "type": "LineString", "coordinates": [ [ 138.5528588, -34.9069979 ], [ 138.5530087, -34.9088659 ] ] } },
{ "type": "Feature", "properties": { "osm_id": "240742752", "road_name": "Cedar Crescent", "highway": "residential", "maxspeed_kmh": 40.0, "length_km": 0.18522499705990209 }, "geometry": { "type": "LineString", "coordinates": [ [ 138.6307167, -34.944056 ], [ 138.6306032, -34.9424005 ] ] } },
{ "type": "Feature", "properties": { "osm_id": "242473206", "road_name": "Mount Lofty Summit Access Road", "highway": "service", "maxspeed_kmh": 40.0, "length_km": 0.16585731627572983 }, "geometry": { "type": "LineString", "coordinates": [ [ 138.710359899999986, -34.975482699999986 ], [ 138.709629299999989, -34.9768215 ] ] } },
{ "type": "Feature", "properties": { "osm_id": "248034044", "road_name": "Mollison Road", "highway": "service", "maxspeed_kmh": 40.0, "length_km": 0.36990208435961835 }, "geometry": { "type": "LineString", "coordinates": [ [ 138.6350557, -34.7892405 ], [ 138.6374293, -34.7865698 ] ] } },
{ "type": "Feature", "properties": { "osm_id": "248034047", "road_name": "Tiger Moth Lane", "highway": "service", "maxspeed_kmh": 40.0, "length_km": 0.15449241524930624 }, "geometry": { "type": "LineString", "coordinates": [ [ 138.6361248, -34.7880339 ], [ 138.6374644, -34.7888656 ] ] } },
{ "type": "Feature", "properties": { "osm_id": "248034048", "road_name": "Butler Avenue", "highway": "service", "maxspeed_kmh": 40.0, "length_km": 0.20409166817663485 }, "geometry": { "type": "LineString", "coordinates": [ [ 138.636818, -34.788464299999987 ], [ 138.6381189, -34.7869855 ] ] } },
{ "type": "Feature", "properties": { "osm_id": "248034051", "road_name": "Kittyhawk Lane", "highway": "service", "maxspeed_kmh": 40.0, "length_km": 0.28418140758036586 }, "geometry": { "type": "LineString", "coordinates": [ [ 138.6339104, -34.7885388 ], [ 138.6363863, -34.7900557 ] ] } },
{ "type": "Feature", "properties": { "osm_id": "248034052", "road_name": "Lockheed Lane", "highway": "service", "maxspeed_kmh": 40.0, "length_km": 0.28568966294265841 }, "geometry": { "type": "LineString", "coordinates": [ [ 138.638791200000014, -34.7873961 ], [ 138.636292700000013, -34.7858818 ] ] } },
{ "type": "Feature", "properties": { "osm_id": "249157214", "road_name": "Beltana Street", "highway": "residential", "maxspeed_kmh": 40.0, "length_km": 0.28401879544017639 }, "geometry": { "type": "LineString", "coordinates": [ [ 138.536600099999987, -34.9149364 ], [ 138.536457899999988, -34.9142194 ], [ 138.5343339, -34.9142527 ] ] } },
{ "type": "Feature", "properties": { "osm_id": "249317845", "road_name": "Edward Street", "highway": "residential", "maxspeed_kmh": 40.0, "length_km": 0.30940800300902477 }, "geometry": { "type": "LineString", "coordinates": [ [ 138.634426499999989, -34.9214482 ], [ 138.634639, -34.9242127 ] ] } },
{ "type": "Feature", "properties": { "osm_id": "255883298", "road_name": "Harrow Road", "highway": "tertiary", "maxspeed_kmh": 40.0, "length_km": 0.23629128576654682 }, "geometry": { "type": "LineString", "coordinates": [ [ 138.6189166, -34.9087931 ], [ 138.617010599999986, -34.9073756 ] ] } },
{ "type": "Feature", "properties": { "osm_id": "255885509", "road_name": "St Peters Street", "highway": "residential", "maxspeed_kmh": 40.0, "length_km": 0.07320911636264231 }, "geometry": { "type": "LineString", "coordinates": [ [ 138.6262132, -34.9103335 ], [ 138.6268449, -34.9107273 ] ] } },
{ "type": "Feature", "properties": { "osm_id": "255885510", "road_name": "St Peters Street", "highway": "residential", "maxspeed_kmh": 40.0, "length_km": 0.058420868019191399 }, "geometry": { "type": "LineString", "coordinates": [ [ 138.6261518, -34.9104059 ], [ 138.625610099999989, -34.9101426 ] ] } },
{ "type": "Feature", "properties": { "osm_id": "256668123", "road_name": "Machin Street", "highway": "residential", "maxspeed_kmh": 40.0, "length_km": 0.11951998069615254 }, "geometry": { "type": "LineString", "coordinates": [ [ 138.538601699999987, -34.8956233 ], [ 138.5396308, -34.8962621 ] ] } },
{ "type": "Feature", "properties": { "osm_id": "258308252", "road_name": "Chapman Street", "highway": "residential", "maxspeed_kmh": 40.0, "length_km": 0.10928941325100458 }, "geometry": { "type": "LineString", "coordinates": [ [ 138.5308971, -34.8988055 ], [ 138.5320831, -34.898758 ] ] } },
{ "type": "Feature", "properties": { "osm_id": "258308253", "road_name": "Mill Street", "highway": "residential", "maxspeed_kmh": 40.0, "length_km": 0.1082872656771536 }, "geometry": { "type": "LineString", "coordinates": [ [ 138.5229019, -34.8965329 ], [ 138.522819700000014, -34.895566 ] ] } },
{ "type": "Feature", "properties": { "osm_id": "258582004", "road_name": "William Street", "highway": "residential", "maxspeed_kmh": 40.0, "length_km": 0.62716447112418261 }, "geometry": { "type": "LineString", "coordinates": [ [ 138.5835863, -34.9666715 ], [ 138.5831589, -34.9610681 ] ] } },
{ "type": "Feature", "properties": { "osm_id": "258648436", "road_name": "Seaview Road", "highway": "residential", "maxspeed_kmh": 40.0, "length_km": 0.24382731787310755 }, "geometry": { "type": "LineString", "coordinates": [ [ 138.4893644, -34.8995526 ], [ 138.4889657, -34.8974137 ] ] } },
{ "type": "Feature", "properties": { "osm_id": "262052495", "road_name": "Maxwell Terrace", "highway": "residential", "maxspeed_kmh": 40.0, "length_km": 0.018093881668602395 }, "geometry": { "type": "LineString", "coordinates": [ [ 138.536347299999989, -34.976905 ], [ 138.53651450000001, -34.9768196 ] ] } },
{ "type": "Feature", "properties": { "osm_id": "264876683", "road_name": "McGrath Court", "highway": "residential", "maxspeed_kmh": 40.0, "length_km": 0.043018516195698644 }, "geometry": { "type": "LineString", "coordinates": [ [ 138.5558159, -34.907553 ], [ 138.555380899999989, -34.9076446 ] ] } },
{ "type": "Feature", "properties": { "osm_id": "264876684", "road_name": "Noble Terrace", "highway": "residential", "maxspeed_kmh": 40.0, "length_km": 0.017186639652862282 }, "geometry": { "type": "LineString", "coordinates": [ [ 138.555009899999988, -34.908312100000011 ], [ 138.5548293, -34.9082867 ] ] } },
{ "type": "Feature", "properties": { "osm_id": "264876685", "road_name": "Noble Terrace", "highway": "residential", "maxspeed_kmh": 40.0, "length_km": 0.039968981520583195 }, "geometry": { "type": "LineString", "coordinates": [ [ 138.554771499999987, -34.9074617 ], [ 138.5548168, -34.9071142 ] ] } },
{ "type": "Feature", "properties": { "osm_id": "264876686", "road_name": "Sellars Place", "highway": "residential", "maxspeed_kmh": 40.0, "length_km": 0.044426581730665396 }, "geometry": { "type": "LineString", "coordinates": [ [ 138.5557881, -34.90710760000001 ], [ 138.55530730000001, -34.9071078 ] ] } },
{ "type": "Feature", "properties": { "osm_id": "267024790", "road_name": "Rondo Avenue", "highway": "residential", "maxspeed_kmh": 40.0, "length_km": 0.34827560986085199 }, "geometry": { "type": "LineString", "coordinates": [ [ 138.53000080000001, -34.904168 ], [ 138.5298304, -34.9023337 ], [ 138.528319, -34.9024463 ] ] } },
{ "type": "Feature", "properties": { "osm_id": "267024791", "road_name": "Washington Crescent", "highway": "residential", "maxspeed_kmh": 40.0, "length_km": 0.19355923734838301 }, "geometry": { "type": "LineString", "coordinates": [ [ 138.531277, -34.9019219 ], [ 138.531216699999987, -34.9010367 ], [ 138.532242, -34.9009897 ] ] } },
{ "type": "Feature", "properties": { "osm_id": "268777529", "road_name": "Collingwood Avenue", "highway": "residential", "maxspeed_kmh": 40.0, "length_km": 0.024967941662564986 }, "geometry": { "type": "LineString", "coordinates": [ [ 138.546654100000012, -34.910382799999987 ], [ 138.546397899999988, -34.9104258 ] ] } },
{ "type": "Feature", "properties": { "osm_id": "268777531", "road_name": "Frobisher Avenue", "highway": "residential", "maxspeed_kmh": 40.0, "length_km": 0.027745098090592939 }, "geometry": { "type": "LineString", "coordinates": [ [ 138.5466064, -34.9101481 ], [ 138.546654100000012, -34.910382799999987 ] ] } },
{ "type": "Feature", "properties": { "osm_id": "268777534", "road_name": "Plane Tree Avenue", "highway": "residential", "maxspeed_kmh": 40.0, "length_km": 0.2704147390573991 }, "geometry": { "type": "LineString", "coordinates": [ [ 138.6312518, -34.9439956 ], [ 138.631239, -34.941619299999985 ] ] } },
{ "type": "Feature", "properties": { "osm_id": "268777535", "road_name": "Sturdee Street", "highway": "residential", "maxspeed_kmh": 40.0, "length_km": 0.012914811315615136 }, "geometry": { "type": "LineString", "coordinates": [ [ 138.546397899999988, -34.9104258 ], [ 138.5463717, -34.9103267 ] ] } },
{ "type": "Feature", "properties": { "osm_id": "270588362", "road_name": "Nelson Street", "highway": "secondary", "maxspeed_kmh": 40.0, "length_km": 0.039393804464656922 }, "geometry": { "type": "LineString", "coordinates": [ [ 138.5019785, -34.84324560000001 ], [ 138.5020774, -34.8435886 ] ] } },
{ "type": "Feature", "properties": { "osm_id": "271674054", "road_name": "Esplanade", "highway": "residential", "maxspeed_kmh": 40.0, "length_km": 0.058734848455454298 }, "geometry": { "type": "LineString", "coordinates": [ [ 138.498024500000014, -34.9339226 ], [ 138.4986437, -34.9337977 ] ] } },
{ "type": "Feature", "properties": { "osm_id": "273030096", "road_name": "St Vincent Street", "highway": "secondary", "maxspeed_kmh": 40.0, "length_km": 0.1802130211899888 }, "geometry": { "type": "LineString", "coordinates": [ [ 138.5053237, -34.8443915 ], [ 138.5034191, -34.8447547 ] ] } },
{ "type": "Feature", "properties": { "osm_id": "274229329", "road_name": "Hythe Street", "highway": "residential", "maxspeed_kmh": 40.0, "length_km": 0.32018086049837302 }, "geometry": { "type": "LineString", "coordinates": [ [ 138.567856299999988, -34.8960956 ], [ 138.5705858, -34.8978621 ] ] } },
{ "type": "Feature", "properties": { "osm_id": "276657113", "road_name": "Pinda Street", "highway": "residential", "maxspeed_kmh": 40.0, "length_km": 0.25218206350668038 }, "geometry": { "type": "LineString", "coordinates": [ [ 138.5498105, -34.8851062 ], [ 138.551926, -34.8865405 ] ] } },
{ "type": "Feature", "properties": { "osm_id": "276657114", "road_name": "Wilpena Terrace", "highway": "residential", "maxspeed_kmh": 40.0, "length_km": 0.056906062782955749 }, "geometry": { "type": "LineString", "coordinates": [ [ 138.5498105, -34.8851062 ], [ 138.5493918, -34.8854755 ] ] } },
{ "type": "Feature", "properties": { "osm_id": "276657115", "road_name": "Day Terrace", "highway": "residential", "maxspeed_kmh": 40.0, "length_km": 0.5313378602211356 }, "geometry": { "type": "LineString", "coordinates": [ [ 138.55662, -34.891297099999989 ], [ 138.552393200000012, -34.888057899999986 ] ] } },
{ "type": "Feature", "properties": { "osm_id": "276657123", "road_name": "Wood Avenue", "highway": "residential", "maxspeed_kmh": 40.0, "length_km": 0.17519803149455601 }, "geometry": { "type": "LineString", "coordinates": [ [ 138.568632400000013, -34.8998356 ], [ 138.5698193, -34.8986108 ] ] } },
{ "type": "Feature", "properties": { "osm_id": "276657124", "road_name": "Chief Street", "highway": "tertiary", "maxspeed_kmh": 40.0, "length_km": 0.50606713578688434 }, "geometry": { "type": "LineString", "coordinates": [ [ 138.575364400000012, -34.9022414 ], [ 138.578840899999989, -34.89873140000001 ] ] } },
{ "type": "Feature", "properties": { "osm_id": "276657125", "road_name": "Second Street", "highway": "residential", "maxspeed_kmh": 40.0, "length_km": 0.134460351658375 }, "geometry": { "type": "LineString", "coordinates": [ [ 138.575364400000012, -34.9022414 ], [ 138.576502799999986, -34.9029959 ] ] } },
{ "type": "Feature", "properties": { "osm_id": "276657126", "road_name": "Chief Street", "highway": "tertiary", "maxspeed_kmh": 40.0, "length_km": 0.25508942614273705 }, "geometry": { "type": "LineString", "coordinates": [ [ 138.5736207, -34.9040165 ], [ 138.575364400000012, -34.9022414 ] ] } },
{ "type": "Feature", "properties": { "osm_id": "276657130", "road_name": "Gibson Street", "highway": "residential", "maxspeed_kmh": 40.0, "length_km": 0.013582452096921462 }, "geometry": { "type": "LineString", "coordinates": [ [ 138.576465500000012, -34.9065651 ], [ 138.576371, -34.9066585 ] ] } },
{ "type": "Feature", "properties": { "osm_id": "276657131", "road_name": "Gibson Street", "highway": "residential", "maxspeed_kmh": 40.0, "length_km": 0.10977607502628489 }, "geometry": { "type": "LineString", "coordinates": [ [ 138.576371, -34.9066585 ], [ 138.5756077, -34.9074137 ] ] } },
{ "type": "Feature", "properties": { "osm_id": "276728646", "road_name": "Amber Woods Drive", "highway": "residential", "maxspeed_kmh": 40.0, "length_km": 0.15057691624362776 }, "geometry": { "type": "LineString", "coordinates": [ [ 138.6302227, -34.941602 ], [ 138.6301876, -34.9423161 ], [ 138.6295117, -34.942551699999989 ] ] } },
{ "type": "Feature", "properties": { "osm_id": "276909050", "road_name": "Beyer Street", "highway": "residential", "maxspeed_kmh": 40.0, "length_km": 0.32372219747048031 }, "geometry": { "type": "LineString", "coordinates": [ [ 138.5300336, -34.8704216 ], [ 138.5303146, -34.8706024 ], [ 138.5334482, -34.8707947 ] ] } },
{ "type": "Feature", "properties": { "osm_id": "276909051", "road_name": "Post Parade", "highway": "residential", "maxspeed_kmh": 40.0, "length_km": 0.19733578925820786 }, "geometry": { "type": "LineString", "coordinates": [ [ 138.5313052, -34.8690139 ], [ 138.5300336, -34.8704216 ] ] } },
{ "type": "Feature", "properties": { "osm_id": "276909053", "road_name": "Tulloch Drive", "highway": "residential", "maxspeed_kmh": 40.0, "length_km": 0.29197332447526742 }, "geometry": { "type": "LineString", "coordinates": [ [ 138.5334482, -34.8707947 ], [ 138.533304, -34.8726971 ], [ 138.5341036, -34.8728299 ] ] } },
{ "type": "Feature", "properties": { "osm_id": "276909055", "road_name": "Furlong Drive", "highway": "residential", "maxspeed_kmh": 40.0, "length_km": 0.48173856170999191 }, "geometry": { "type": "LineString", "coordinates": [ [ 138.534755600000011, -34.8715471 ], [ 138.53501, -34.8712191 ], [ 138.5352475, -34.8695295 ], [ 138.534058499999986, -34.8691998 ], [ 138.5332999, -34.868261499999988 ] ] } },
{ "type": "Feature", "properties": { "osm_id": "277554150", "road_name": "Cardinal Street", "highway": "residential", "maxspeed_kmh": 40.0, "length_km": 0.15984547626925738 }, "geometry": { "type": "LineString", "coordinates": [ [ 138.5296663, -34.867412 ], [ 138.5296922, -34.8680272 ], [ 138.53065380000001, -34.868111399999989 ] ] } },
{ "type": "Feature", "properties": { "osm_id": "277554151", "road_name": "Grace Crescent", "highway": "residential", "maxspeed_kmh": 40.0, "length_km": 0.30399937078444311 }, "geometry": { "type": "LineString", "coordinates": [ [ 138.5307755, -34.8668527 ], [ 138.529655600000012, -34.866788 ], [ 138.5296461, -34.86618069999998 ], [ 138.5307329, -34.86618690000001 ], [ 138.5309499, -34.8663603 ] ] } },
{ "type": "Feature", "properties": { "osm_id": "277554155", "road_name": "Eden Street", "highway": "residential", "maxspeed_kmh": 40.0, "length_km": 0.058091223195424257 }, "geometry": { "type": "LineString", "coordinates": [ [ 138.529655600000012, -34.866788 ], [ 138.5295969, -34.8673041 ] ] } },
{ "type": "Feature", "properties": { "osm_id": "277554156", "road_name": "Eden Street", "highway": "residential", "maxspeed_kmh": 40.0, "length_km": 0.11154290852852844 }, "geometry": { "type": "LineString", "coordinates": [ [ 138.5295969, -34.8673041 ], [ 138.530722200000014, -34.8674777 ] ] } },
{ "type": "Feature", "properties": { "osm_id": "277554162", "road_name": "McCloud Street", "highway": "residential", "maxspeed_kmh": 40.0, "length_km": 0.047859184411823484 }, "geometry": { "type": "LineString", "coordinates": [ [ 138.5305875, -34.8686894 ], [ 138.5305386, -34.8691159 ] ] } },
{ "type": "Feature", "properties": { "osm_id": "279936800", "road_name": "Harrow Road", "highway": "residential", "maxspeed_kmh": 40.0, "length_km": 0.06826679727736483 }, "geometry": { "type": "LineString", "coordinates": [ [ 138.616033, -34.9067235 ], [ 138.6153056, -34.9067509 ] ] } },
{ "type": "Feature", "properties": { "osm_id": "279936802", "road_name": "River Street", "highway": "residential", "maxspeed_kmh": 40.0, "length_km": 0.31814855937327663 }, "geometry": { "type": "LineString", "coordinates": [ [ 138.6186772, -34.9036146 ], [ 138.6179426, -34.9031729 ], [ 138.6159714, -34.9032161 ], [ 138.615846800000014, -34.9027752 ] ] } },
{ "type": "Feature", "properties": { "osm_id": "283376357", "road_name": "Marian Road", "highway": "residential", "maxspeed_kmh": 40.0, "length_km": 0.25286390988385837 }, "geometry": { "type": "LineString", "coordinates": [ [ 138.648287399999987, -34.90141 ], [ 138.645544300000012, -34.9015424 ] ] } },
{ "type": "Feature", "properties": { "osm_id": "286218095", "road_name": "Medallion Drive", "highway": "residential", "maxspeed_kmh": 40.0, "length_km": 0.034015891692599422 }, "geometry": { "type": "LineString", "coordinates": [ [ 138.5034024, -34.898752 ], [ 138.5034504, -34.8990515 ] ] } },
{ "type": "Feature", "properties": { "osm_id": "286218096", "road_name": "Medallion Drive", "highway": "residential", "maxspeed_kmh": 40.0, "length_km": 0.035944685802390956 }, "geometry": { "type": "LineString", "coordinates": [ [ 138.503353299999986, -34.8990564 ], [ 138.5034024, -34.898752 ] ] } },
{ "type": "Feature", "properties": { "osm_id": "286697116", "road_name": "Maxwell Terrace", "highway": "residential", "maxspeed_kmh": 40.0, "length_km": 0.021677081140582408 }, "geometry": { "type": "LineString", "coordinates": [ [ 138.5361416, -34.9769995 ], [ 138.536347299999989, -34.976905 ] ] } },
{ "type": "Feature", "properties": { "osm_id": "287099927", "road_name": "Kinross Avenue", "highway": "residential", "maxspeed_kmh": 40.0, "length_km": 0.091358634140179501 }, "geometry": { "type": "LineString", "coordinates": [ [ 138.5187489, -34.8967789 ], [ 138.5189202, -34.8973924 ], [ 138.518791700000037, -34.897435199999983 ] ] } },
{ "type": "Feature", "properties": { "osm_id": "287099935", "road_name": "Lawrence Avenue", "highway": "residential", "maxspeed_kmh": 40.0, "length_km": 0.16632981940729416 }, "geometry": { "type": "LineString", "coordinates": [ [ 138.5389391, -34.8860281 ], [ 138.5407425, -34.8859366 ] ] } },
{ "type": "Feature", "properties": { "osm_id": "297351312", "road_name": "Cox Street", "highway": "residential", "maxspeed_kmh": 40.0, "length_km": 0.093892465030733896 }, "geometry": { "type": "LineString", "coordinates": [ [ 138.6301733, -34.9153025 ], [ 138.6302382, -34.9161414 ] ] } },
{ "type": "Feature", "properties": { "osm_id": "301798228", "road_name": "Cheltenham Lane", "highway": "residential", "maxspeed_kmh": 40.0, "length_km": 0.16075299118596298 }, "geometry": { "type": "LineString", "coordinates": [ [ 138.5307573, -34.8671614 ], [ 138.531222, -34.8672333 ], [ 138.531135400000011, -34.8680983 ], [ 138.530959599999989, -34.868132899999985 ] ] } },
{ "type": "Feature", "properties": { "osm_id": "302507913", "road_name": "Steeplechase Avenue", "highway": "residential", "maxspeed_kmh": 40.0, "length_km": 0.18068575298567227 }, "geometry": { "type": "LineString", "coordinates": [ [ 138.5328501, -34.8698304 ], [ 138.5314768, -34.8696343 ], [ 138.5312075, -34.8699887 ] ] } },
{ "type": "Feature", "properties": { "osm_id": "310581553", "road_name": "East Street", "highway": "residential", "maxspeed_kmh": 40.0, "length_km": 0.50169928471771175 }, "geometry": { "type": "LineString", "coordinates": [ [ 138.5799575, -34.8995217 ], [ 138.576502799999986, -34.9029959 ] ] } },
{ "type": "Feature", "properties": { "osm_id": "316323285", "road_name": "Coglin Street", "highway": "residential", "maxspeed_kmh": 40.0, "length_km": 0.49724830834310735 }, "geometry": { "type": "LineString", "coordinates": [ [ 138.5771077, -34.8946704 ], [ 138.573739499999988, -34.89815 ] ] } },
{ "type": "Feature", "properties": { "osm_id": "316323287", "road_name": "Ninth Street", "highway": "residential", "maxspeed_kmh": 40.0, "length_km": 0.063641190891656249 }, "geometry": { "type": "LineString", "coordinates": [ [ 138.5815159, -34.9036042 ], [ 138.58205430000001, -34.9039605 ] ] } },
{ "type": "Feature", "properties": { "osm_id": "316323288", "road_name": "Trembath Street", "highway": "residential", "maxspeed_kmh": 40.0, "length_km": 0.20442988019356512 }, "geometry": { "type": "LineString", "coordinates": [ [ 138.5815159, -34.9036042 ], [ 138.582648, -34.9020299 ] ] } },
{ "type": "Feature", "properties": { "osm_id": "316323293", "road_name": "Park Terrace", "highway": "residential", "maxspeed_kmh": 40.0, "length_km": 0.030043710633980352 }, "geometry": { "type": "LineString", "coordinates": [ [ 138.5818568, -34.9043052 ], [ 138.5816335, -34.9045014 ] ] } },
{ "type": "Feature", "properties": { "osm_id": "316323295", "road_name": "Eighth Street", "highway": "residential", "maxspeed_kmh": 40.0, "length_km": 0.063025393787597986 }, "geometry": { "type": "LineString", "coordinates": [ [ 138.5810956, -34.9041531 ], [ 138.5816335, -34.9045014 ] ] } },
{ "type": "Feature", "properties": { "osm_id": "316323296", "road_name": "Ninth Street", "highway": "residential", "maxspeed_kmh": 40.0, "length_km": 0.15377589660453056 }, "geometry": { "type": "LineString", "coordinates": [ [ 138.580216400000012, -34.9027388 ], [ 138.5815159, -34.9036042 ] ] } },
{ "type": "Feature", "properties": { "osm_id": "316323297", "road_name": "Francis Ridley Circuit", "highway": "residential", "maxspeed_kmh": 40.0, "length_km": 0.27163215442791933 }, "geometry": { "type": "LineString", "coordinates": [ [ 138.5766099, -34.8943285 ], [ 138.5756271, -34.8937636 ], [ 138.5768108, -34.8928526 ] ] } },
{ "type": "Feature", "properties": { "osm_id": "316323300", "road_name": "Park Terrace", "highway": "residential", "maxspeed_kmh": 40.0, "length_km": 0.059577136262841141 }, "geometry": { "type": "LineString", "coordinates": [ [ 138.5816335, -34.9045014 ], [ 138.58118970000001, -34.9048897 ] ] } },
{ "type": "Feature", "properties": { "osm_id": "316323302", "road_name": "Trembath Street", "highway": "residential", "maxspeed_kmh": 40.0, "length_km": 0.072495898988165386 }, "geometry": { "type": "LineString", "coordinates": [ [ 138.5810956, -34.9041531 ], [ 138.5815159, -34.9036042 ] ] } },
{ "type": "Feature", "properties": { "osm_id": "316323380", "road_name": "Margaret Avenue", "highway": "residential", "maxspeed_kmh": 40.0, "length_km": 0.37247013111469557 }, "geometry": { "type": "LineString", "coordinates": [ [ 138.5570645, -34.8859644 ], [ 138.558243299999987, -34.886758399999984 ], [ 138.55863020000001, -34.8866486 ], [ 138.560239, -34.8877106 ] ] } },
{ "type": "Feature", "properties": { "osm_id": "316323381", "road_name": "Carlyle Avenue", "highway": "residential", "maxspeed_kmh": 40.0, "length_km": 0.21799344289990649 }, "geometry": { "type": "LineString", "coordinates": [ [ 138.5570645, -34.8859644 ], [ 138.5579021, -34.8851061 ], [ 138.5587663, -34.8855123 ] ] } },
{ "type": "Feature", "properties": { "osm_id": "316323383", "road_name": "Brown Street", "highway": "residential", "maxspeed_kmh": 40.0, "length_km": 0.093459746690405757 }, "geometry": { "type": "LineString", "coordinates": [ [ 138.5627423, -34.8882367 ], [ 138.5621026, -34.8888864 ] ] } },
{ "type": "Feature", "properties": { "osm_id": "320497215", "road_name": "Rose Street", "highway": "residential", "maxspeed_kmh": 40.0, "length_km": 0.77178696916832024 }, "geometry": { "type": "LineString", "coordinates": [ [ 138.594056599999988, -34.8882352 ], [ 138.5856832, -34.8885994 ] ] } },
{ "type": "Feature", "properties": { "osm_id": "329094470", "road_name": "Thornton Street", "highway": "residential", "maxspeed_kmh": 40.0, "length_km": 0.050399379149303904 }, "geometry": { "type": "LineString", "coordinates": [ [ 138.5239488, -34.9023552 ], [ 138.5240254, -34.902786399999982 ] ] } },
{ "type": "Feature", "properties": { "osm_id": "329426828", "road_name": "Hill Smith Boulevard", "highway": "residential", "maxspeed_kmh": 40.0, "length_km": 0.057978575056245436 }, "geometry": { "type": "LineString", "coordinates": [ [ 138.532190300000025, -34.8689069 ], [ 138.5323687, -34.8684215 ] ] } },
{ "type": "Feature", "properties": { "osm_id": "329426898", "road_name": "Actil Avenue South", "highway": "residential", "maxspeed_kmh": 40.0, "length_km": 0.13808838380708935 }, "geometry": { "type": "LineString", "coordinates": [ [ 138.5373099, -34.8742068 ], [ 138.5363518, -34.8751424 ] ] } },
{ "type": "Feature", "properties": { "osm_id": "331512928", "road_name": "Florence Street", "highway": "residential", "maxspeed_kmh": 40.0, "length_km": 0.21679624553260088 }, "geometry": { "type": "LineString", "coordinates": [ [ 138.6543221, -34.8903726 ], [ 138.6553577, -34.892116 ] ] } },
{ "type": "Feature", "properties": { "osm_id": "331661381", "road_name": "Share Street", "highway": "residential", "maxspeed_kmh": 40.0, "length_km": 0.04181486498439041 }, "geometry": { "type": "LineString", "coordinates": [ [ 138.549254499999989, -34.886351199999986 ], [ 138.548903599999989, -34.8861135 ] ] } },
{ "type": "Feature", "properties": { "osm_id": "331665766", "road_name": "Maclagan Avenue", "highway": "residential", "maxspeed_kmh": 40.0, "length_km": 0.22661144643475972 }, "geometry": { "type": "LineString", "coordinates": [ [ 138.551470099999989, -34.896752 ], [ 138.5538264, -34.8962026 ] ] } },
{ "type": "Feature", "properties": { "osm_id": "331666337", "road_name": "Eucalypt Avenue", "highway": "residential", "maxspeed_kmh": 40.0, "length_km": 0.095287833019558149 }, "geometry": { "type": "LineString", "coordinates": [ [ 138.539691400000038, -34.9106825 ], [ 138.5396288, -34.9098311 ] ] } },
{ "type": "Feature", "properties": { "osm_id": "331666588", "road_name": "Lilac Avenue", "highway": "residential", "maxspeed_kmh": 40.0, "length_km": 0.3559287321589627 }, "geometry": { "type": "LineString", "coordinates": [ [ 138.5369701, -34.9136377 ], [ 138.5408315, -34.9134547 ] ] } },
{ "type": "Feature", "properties": { "osm_id": "331672092", "road_name": "Koolunda Avenue", "highway": "residential", "maxspeed_kmh": 40.0, "length_km": 0.099935385211278135 }, "geometry": { "type": "LineString", "coordinates": [ [ 138.539168, -34.8893187 ], [ 138.539238, -34.8902114 ] ] } },
{ "type": "Feature", "properties": { "osm_id": "331679752", "road_name": "Burley Griffin Boulevard", "highway": "residential", "maxspeed_kmh": 40.0, "length_km": 0.20867689160657593 }, "geometry": { "type": "LineString", "coordinates": [ [ 138.5719578, -34.8983136 ], [ 138.573042, -34.8972991 ], [ 138.573551, -34.8970993 ] ] } },
{ "type": "Feature", "properties": { "osm_id": "331683049", "road_name": "Norman Gibson Court", "highway": "residential", "maxspeed_kmh": 40.0, "length_km": 0.030134960301934605 }, "geometry": { "type": "LineString", "coordinates": [ [ 138.4989132, -34.8776046 ], [ 138.498687600000011, -34.8777671 ] ] } },
{ "type": "Feature", "properties": { "osm_id": "331855320", "road_name": "Tenterden Street", "highway": "residential", "maxspeed_kmh": 40.0, "length_km": 0.21104963197939883 }, "geometry": { "type": "LineString", "coordinates": [ [ 138.5323048, -34.8809767 ], [ 138.5322736, -34.8791062 ] ] } },
{ "type": "Feature", "properties": { "osm_id": "331872644", "road_name": "Kenneth Lane", "highway": "residential", "maxspeed_kmh": 40.0, "length_km": 0.056156521027797106 }, "geometry": { "type": "LineString", "coordinates": [ [ 138.53643790000001, -34.9021317 ], [ 138.536479500000013, -34.9026332 ] ] } },
{ "type": "Feature", "properties": { "osm_id": "331872645", "road_name": "Kenneth Street", "highway": "residential", "maxspeed_kmh": 40.0, "length_km": 0.2154877346060092 }, "geometry": { "type": "LineString", "coordinates": [ [ 138.5369595, -34.9021092 ], [ 138.5359958, -34.9021816 ], [ 138.536026600000014, -34.9032898 ] ] } },
{ "type": "Feature", "properties": { "osm_id": "331988443", "road_name": "Karrayarta Drive", "highway": "residential", "maxspeed_kmh": 40.0, "length_km": 0.20662799954957695 }, "geometry": { "type": "LineString", "coordinates": [ [ 138.6267426, -34.944286099999985 ], [ 138.6268354, -34.94501420000001 ], [ 138.6271505, -34.945335 ], [ 138.6271667, -34.9460191 ] ] } },
{ "type": "Feature", "properties": { "osm_id": "331988538", "road_name": "George Street", "highway": "residential", "maxspeed_kmh": 40.0, "length_km": 0.13810011783632184 }, "geometry": { "type": "LineString", "coordinates": [ [ 138.5615463, -34.8885887 ], [ 138.5603781, -34.887813 ] ] } },
{ "type": "Feature", "properties": { "osm_id": "331996044", "road_name": "Nubeena Lane", "highway": "residential", "maxspeed_kmh": 40.0, "length_km": 0.14446799581700009 }, "geometry": { "type": "LineString", "coordinates": [ [ 138.5305874, -34.887428199999988 ], [ 138.5290341, -34.8874344 ] ] } },
{ "type": "Feature", "properties": { "osm_id": "331996149", "road_name": "David Avenue", "highway": "residential", "maxspeed_kmh": 40.0, "length_km": 0.28391659739391772 }, "geometry": { "type": "LineString", "coordinates": [ [ 138.5307881, -34.8975945 ], [ 138.530983100000014, -34.9001262 ] ] } },
{ "type": "Feature", "properties": { "osm_id": "331996455", "road_name": "Winall Street", "highway": "residential", "maxspeed_kmh": 40.0, "length_km": 0.10349415812237021 }, "geometry": { "type": "LineString", "coordinates": [ [ 138.529991700000011, -34.9046325 ], [ 138.5300911, -34.9055507 ] ] } },
{ "type": "Feature", "properties": { "osm_id": "333411180", "road_name": "Cyan Lane", "highway": "residential", "maxspeed_kmh": 40.0, "length_km": 0.038510174410512805 }, "geometry": { "type": "LineString", "coordinates": [ [ 138.633798600000034, -34.920055 ], [ 138.6339379, -34.9202975 ] ] } },
{ "type": "Feature", "properties": { "osm_id": "333411181", "road_name": "Cyan Place", "highway": "residential", "maxspeed_kmh": 40.0, "length_km": 0.092381289630735552 }, "geometry": { "type": "LineString", "coordinates": [ [ 138.6329342, -34.9200293 ], [ 138.6335258, -34.9199847 ], [ 138.633564, -34.9203203 ] ] } },
{ "type": "Feature", "properties": { "osm_id": "340974677", "road_name": "Mccormack Avenue", "highway": "residential", "maxspeed_kmh": 40.0, "length_km": 0.14941195143405611 }, "geometry": { "type": "LineString", "coordinates": [ [ 138.64117920000001, -34.9048633 ], [ 138.6413081, -34.9061966 ] ] } },
{ "type": "Feature", "properties": { "osm_id": "340974678", "road_name": "Stacey Court", "highway": "residential", "maxspeed_kmh": 40.0, "length_km": 0.049877299238983694 }, "geometry": { "type": "LineString", "coordinates": [ [ 138.635398900000013, -34.9075669 ], [ 138.6354454, -34.9080118 ] ] } },
{ "type": "Feature", "properties": { "osm_id": "355938324", "road_name": "Oaks Drive", "highway": "residential", "maxspeed_kmh": 40.0, "length_km": 0.094697215642236515 }, "geometry": { "type": "LineString", "coordinates": [ [ 138.5362165, -34.8695539 ], [ 138.5352475, -34.8695295 ] ] } },
{ "type": "Feature", "properties": { "osm_id": "355938325", "road_name": "Masterdale Court", "highway": "residential", "maxspeed_kmh": 40.0, "length_km": 0.13674616935825787 }, "geometry": { "type": "LineString", "coordinates": [ [ 138.5354075, -34.8694341 ], [ 138.5355649, -34.8688705 ], [ 138.536327699999987, -34.8689335 ] ] } },
{ "type": "Feature", "properties": { "osm_id": "355938326", "road_name": "O'Neil Lane", "highway": "residential", "maxspeed_kmh": 40.0, "length_km": 0.12056669365214037 }, "geometry": { "type": "LineString", "coordinates": [ [ 138.5358483, -34.8688863 ], [ 138.5359209, -34.8685418 ], [ 138.536373200000014, -34.86859350000001 ], [ 138.536327699999987, -34.8689335 ] ] } },
{ "type": "Feature", "properties": { "osm_id": "355938328", "road_name": "Pyers Street", "highway": "residential", "maxspeed_kmh": 40.0, "length_km": 0.29147150204796451 }, "geometry": { "type": "LineString", "coordinates": [ [ 138.534647400000011, -34.86781950000001 ], [ 138.5352038, -34.8682667 ], [ 138.5350933, -34.8688452 ], [ 138.5344265, -34.8686415 ], [ 138.533978499999989, -34.8680047 ] ] } },
{ "type": "Feature", "properties": { "osm_id": "355938330", "road_name": "St Clair Avenue", "highway": "residential", "maxspeed_kmh": 40.0, "length_km": 0.13359650321799554 }, "geometry": { "type": "LineString", "coordinates": [ [ 138.531098500000013, -34.8686822 ], [ 138.5315506, -34.8691045 ], [ 138.532190300000025, -34.8689069 ] ] } },
{ "type": "Feature", "properties": { "osm_id": "361259825", "road_name": "Prospect Road", "highway": "secondary", "maxspeed_kmh": 40.0, "length_km": 0.37858879246537058 }, "geometry": { "type": "LineString", "coordinates": [ [ 138.593958500000014, -34.885484 ], [ 138.5941817, -34.888868199999983 ] ] } },
{ "type": "Feature", "properties": { "osm_id": "361259826", "road_name": "Prospect Road", "highway": "secondary", "maxspeed_kmh": 40.0, "length_km": 0.3784883661266728 }, "geometry": { "type": "LineString", "coordinates": [ [ 138.5941014, -34.888871199999983 ], [ 138.5938774, -34.8854881 ] ] } },
{ "type": "Feature", "properties": { "osm_id": "363244631", "road_name": "Brown Hill Creek Road", "highway": "residential", "maxspeed_kmh": 40.0, "length_km": 1.8802159236563636 }, "geometry": { "type": "LineString", "coordinates": [ [ 138.6492754, -34.9890675 ], [ 138.6479234, -34.9893152 ], [ 138.646185800000012, -34.98779 ], [ 138.6451262, -34.9871943 ], [ 138.6426729, -34.9867786 ], [ 138.6411061, -34.9876309 ], [ 138.6401349, -34.9885123 ], [ 138.6371891, -34.9898741 ], [ 138.6363599, -34.9904564 ], [ 138.63444290000001, -34.9910769 ], [ 138.631697800000012, -34.9913891 ] ] } },
{ "type": "Feature", "properties": { "osm_id": "365018320", "road_name": "Beatrice Street", "highway": "residential", "maxspeed_kmh": 40.0, "length_km": 0.5533130310347274 }, "geometry": { "type": "LineString", "coordinates": [ [ 138.5906587, -34.8814633 ], [ 138.5846583, -34.881748499999986 ] ] } },
{ "type": "Feature", "properties": { "osm_id": "365018323", "road_name": "Redin Street", "highway": "residential", "maxspeed_kmh": 40.0, "length_km": 0.10658988798153747 }, "geometry": { "type": "LineString", "coordinates": [ [ 138.5893442, -34.8760957 ], [ 138.590500100000014, -34.8760401 ] ] } },
{ "type": "Feature", "properties": { "osm_id": "365018325", "road_name": "Redin Street", "highway": "residential", "maxspeed_kmh": 40.0, "length_km": 0.25414730242981581 }, "geometry": { "type": "LineString", "coordinates": [ [ 138.590500100000014, -34.8760401 ], [ 138.593257599999987, -34.8759312 ] ] } },
{ "type": "Feature", "properties": { "osm_id": "365018326", "road_name": "Albert Street", "highway": "residential", "maxspeed_kmh": 40.0, "length_km": 0.10556944396750517 }, "geometry": { "type": "LineString", "coordinates": [ [ 138.5892876, -34.8784555 ], [ 138.5904325, -34.8784009 ] ] } },
{ "type": "Feature", "properties": { "osm_id": "365018327", "road_name": "Albert Street", "highway": "residential", "maxspeed_kmh": 40.0, "length_km": 0.25762423719339056 }, "geometry": { "type": "LineString", "coordinates": [ [ 138.5904325, -34.8784009 ], [ 138.5932278, -34.8782887 ] ] } },
{ "type": "Feature", "properties": { "osm_id": "366702481", "road_name": "Fife Street", "highway": "residential", "maxspeed_kmh": 40.0, "length_km": 0.030392218039984251 }, "geometry": { "type": "LineString", "coordinates": [ [ 138.531959300000011, -34.8910368 ], [ 138.5316307, -34.8910236 ] ] } },
{ "type": "Feature", "properties": { "osm_id": "366702482", "road_name": "Fife Street", "highway": "residential", "maxspeed_kmh": 40.0, "length_km": 0.031886163015865672 }, "geometry": { "type": "LineString", "coordinates": [ [ 138.531624500000021, -34.890974500000013 ], [ 138.531959300000011, -34.8910368 ] ] } },
{ "type": "Feature", "properties": { "osm_id": "368948137", "road_name": "Hindmarsh Place", "highway": "residential", "maxspeed_kmh": 40.0, "length_km": 0.086095701289950963 }, "geometry": { "type": "LineString", "coordinates": [ [ 138.5678481, -34.9082607 ], [ 138.5687725, -34.9081543 ] ] } },
{ "type": "Feature", "properties": { "osm_id": "368948157", "road_name": "Chimney Place", "highway": "residential", "maxspeed_kmh": 40.0, "length_km": 0.050174351082673152 }, "geometry": { "type": "LineString", "coordinates": [ [ 138.554886900000014, -34.9062951 ], [ 138.554913699999986, -34.9067437 ] ] } },
{ "type": "Feature", "properties": { "osm_id": "368948202", "road_name": "Rudolph Avenue", "highway": "residential", "maxspeed_kmh": 40.0, "length_km": 0.10384334492016847 }, "geometry": { "type": "LineString", "coordinates": [ [ 138.5321352, -34.8994832 ], [ 138.5332612, -34.8994246 ] ] } },
{ "type": "Feature", "properties": { "osm_id": "369021624", "road_name": "Third Avenue", "highway": "residential", "maxspeed_kmh": 40.0, "length_km": 0.093044579412254233 }, "geometry": { "type": "LineString", "coordinates": [ [ 138.6531827, -34.9116237 ], [ 138.6541901, -34.9115508 ] ] } },
{ "type": "Feature", "properties": { "osm_id": "369021625", "road_name": "Janet Street", "highway": "residential", "maxspeed_kmh": 40.0, "length_km": 0.079217412386596076 }, "geometry": { "type": "LineString", "coordinates": [ [ 138.6348633, -34.9075962 ], [ 138.634004300000015, -34.9076436 ] ] } },
{ "type": "Feature", "properties": { "osm_id": "369021626", "road_name": "Davis Road", "highway": "residential", "maxspeed_kmh": 40.0, "length_km": 0.31219160650265448 }, "geometry": { "type": "LineString", "coordinates": [ [ 138.6547803, -34.8973943 ], [ 138.6513941, -34.8975583 ] ] } },
{ "type": "Feature", "properties": { "osm_id": "369021627", "road_name": "Hereford Avenue", "highway": "residential", "maxspeed_kmh": 40.0, "length_km": 0.63537547277680384 }, "geometry": { "type": "LineString", "coordinates": [ [ 138.6483665, -34.9087117 ], [ 138.6487189, -34.9143922 ] ] } },
{ "type": "Feature", "properties": { "osm_id": "369021628", "road_name": "Margaret Street", "highway": "residential", "maxspeed_kmh": 40.0, "length_km": 0.21188263065712584 }, "geometry": { "type": "LineString", "coordinates": [ [ 138.655189, -34.9039781 ], [ 138.6574872, -34.9038602 ] ] } },
{ "type": "Feature", "properties": { "osm_id": "369021630", "road_name": "Henry Street", "highway": "residential", "maxspeed_kmh": 40.0, "length_km": 0.29973207365433441 }, "geometry": { "type": "LineString", "coordinates": [ [ 138.6262318, -34.914044 ], [ 138.6240455, -34.9150472 ], [ 138.624354899999986, -34.9155967 ] ] } },
{ "type": "Feature", "properties": { "osm_id": "369021631", "road_name": "Third Avenue", "highway": "residential", "maxspeed_kmh": 40.0, "length_km": 0.15501650035265729 }, "geometry": { "type": "LineString", "coordinates": [ [ 138.6497305, -34.9120624 ], [ 138.6514113, -34.9119671 ] ] } },
{ "type": "Feature", "properties": { "osm_id": "369021633", "road_name": "Amherst Avenue", "highway": "residential", "maxspeed_kmh": 40.0, "length_km": 0.59513231073715234 }, "geometry": { "type": "LineString", "coordinates": [ [ 138.641404, -34.9094181 ], [ 138.641795800000011, -34.91473640000001 ] ] } },
{ "type": "Feature", "properties": { "osm_id": "369021634", "road_name": "Janet Street", "highway": "residential", "maxspeed_kmh": 40.0, "length_km": 0.070745952847642457 }, "geometry": { "type": "LineString", "coordinates": [ [ 138.635630600000013, -34.907556 ], [ 138.6348633, -34.9075962 ] ] } },
{ "type": "Feature", "properties": { "osm_id": "369021635", "road_name": "Kapunda Terrace", "highway": "residential", "maxspeed_kmh": 40.0, "length_km": 0.11916553815655537 }, "geometry": { "type": "LineString", "coordinates": [ [ 138.635956599999986, -34.9021354 ], [ 138.6352382, -34.9030198 ] ] } },
{ "type": "Feature", "properties": { "osm_id": "369021636", "road_name": "Gage Street", "highway": "residential", "maxspeed_kmh": 40.0, "length_km": 0.35700210496149359 }, "geometry": { "type": "LineString", "coordinates": [ [ 138.651390099999986, -34.911746 ], [ 138.651148, -34.9085567 ] ] } },
{ "type": "Feature", "properties": { "osm_id": "369021637", "road_name": "Green Street", "highway": "residential", "maxspeed_kmh": 40.0, "length_km": 0.12433705181890418 }, "geometry": { "type": "LineString", "coordinates": [ [ 138.6529409, -34.9084859 ], [ 138.6528558, -34.9073749 ] ] } },
{ "type": "Feature", "properties": { "osm_id": "369021639", "road_name": "Llandower Avenue", "highway": "residential", "maxspeed_kmh": 40.0, "length_km": 0.51614109207492742 }, "geometry": { "type": "LineString", "coordinates": [ [ 138.6352382, -34.9030198 ], [ 138.6381948, -34.9029854 ], [ 138.638471, -34.9051298 ] ] } },
{ "type": "Feature", "properties": { "osm_id": "371835650", "road_name": null, "highway": "service", "maxspeed_kmh": 40.0, "length_km": 0.11921077145104485 }, "geometry": { "type": "LineString", "coordinates": [ [ 138.6968439, -34.9668464 ], [ 138.697336, -34.9668558 ], [ 138.697481, -34.966206 ] ] } },
{ "type": "Feature", "properties": { "osm_id": "371835651", "road_name": null, "highway": "service", "maxspeed_kmh": 40.0, "length_km": 0.16724951403593599 }, "geometry": { "type": "LineString", "coordinates": [ [ 138.6986116, -34.9654604 ], [ 138.6977331, -34.965549399999986 ], [ 138.6974232, -34.9659079 ], [ 138.697481, -34.966206 ] ] } },
{ "type": "Feature", "properties": { "osm_id": "397387255", "road_name": "Mount Barker Road", "highway": "primary", "maxspeed_kmh": 40.0, "length_km": 0.06624986913940574 }, "geometry": { "type": "LineString", "coordinates": [ [ 138.716198100000014, -35.003880399999986 ], [ 138.7163137, -35.0044654 ] ] } },
{ "type": "Feature", "properties": { "osm_id": "397387258", "road_name": "Mount Barker Road", "highway": "primary", "maxspeed_kmh": 40.0, "length_km": 0.06034170437862571 }, "geometry": { "type": "LineString", "coordinates": [ [ 138.716175, -35.0042856 ], [ 138.715993700000013, -35.0037711 ] ] } },
{ "type": "Feature", "properties": { "osm_id": "397387261", "road_name": "Mount Barker Road", "highway": "primary", "maxspeed_kmh": 40.0, "length_km": 0.010422864155323178 }, "geometry": { "type": "LineString", "coordinates": [ [ 138.7166963, -35.0052722 ], [ 138.716752, -35.0053535 ] ] } },
{ "type": "Feature", "properties": { "osm_id": "397887170", "road_name": "Braund Road", "highway": "residential", "maxspeed_kmh": 40.0, "length_km": 0.21400167663987787 }, "geometry": { "type": "LineString", "coordinates": [ [ 138.59038480000001, -34.8987996 ], [ 138.590261, -34.8968868 ] ] } },
{ "type": "Feature", "properties": { "osm_id": "400400602", "road_name": "Parker Terrace", "highway": "residential", "maxspeed_kmh": 40.0, "length_km": 0.35411622973765644 }, "geometry": { "type": "LineString", "coordinates": [ [ 138.5811597, -34.9610656 ], [ 138.5783729, -34.963249 ] ] } },
{ "type": "Feature", "properties": { "osm_id": "400400603", "road_name": "Parker Terrace", "highway": "residential", "maxspeed_kmh": 40.0, "length_km": 0.016786977367100289 }, "geometry": { "type": "LineString", "coordinates": [ [ 138.5811597, -34.9610656 ], [ 138.5812875, -34.9609586 ] ] } },
{ "type": "Feature", "properties": { "osm_id": "409893213", "road_name": "Gibson Street", "highway": "residential", "maxspeed_kmh": 40.0, "length_km": 0.53775047595289738 }, "geometry": { "type": "LineString", "coordinates": [ [ 138.58234680000001, -34.9006094 ], [ 138.578670499999987, -34.9043484 ] ] } },
{ "type": "Feature", "properties": { "osm_id": "415059980", "road_name": "Walkerville Terrace", "highway": "tertiary", "maxspeed_kmh": 40.0, "length_km": 0.1397137084162188 }, "geometry": { "type": "LineString", "coordinates": [ [ 138.6146338, -34.8973263 ], [ 138.6157335, -34.896464 ] ] } },
{ "type": "Feature", "properties": { "osm_id": "420212643", "road_name": "Everton Lane", "highway": "residential", "maxspeed_kmh": 40.0, "length_km": 0.051990839967983662 }, "geometry": { "type": "LineString", "coordinates": [ [ 138.519753, -34.886054099999988 ], [ 138.5194794, -34.8864575 ] ] } },
{ "type": "Feature", "properties": { "osm_id": "420212645", "road_name": null, "highway": "residential", "maxspeed_kmh": 40.0, "length_km": 0.012801022323603257 }, "geometry": { "type": "LineString", "coordinates": [ [ 138.5195525, -34.88637330000001 ], [ 138.519437900000042, -34.8863084 ] ] } },
{ "type": "Feature", "properties": { "osm_id": "420212647", "road_name": "Northcote Lane", "highway": "residential", "maxspeed_kmh": 40.0, "length_km": 0.17481713878446739 }, "geometry": { "type": "LineString", "coordinates": [ [ 138.5210279, -34.8850871 ], [ 138.520599200000021, -34.8851594 ], [ 138.5206037, -34.8854346 ], [ 138.5199236, -34.8860914 ] ] } },
{ "type": "Feature", "properties": { "osm_id": "420212652", "road_name": "Hyde Lane", "highway": "residential", "maxspeed_kmh": 40.0, "length_km": 0.044927782347997082 }, "geometry": { "type": "LineString", "coordinates": [ [ 138.520603599999987, -34.8859908 ], [ 138.520712800000013, -34.886376 ] ] } },
{ "type": "Feature", "properties": { "osm_id": "420212654", "road_name": "Hyde Lane", "highway": "residential", "maxspeed_kmh": 40.0, "length_km": 0.012882243334296923 }, "geometry": { "type": "LineString", "coordinates": [ [ 138.520554800000014, -34.886247 ], [ 138.520694099999986, -34.886236 ] ] } },
{ "type": "Feature", "properties": { "osm_id": "430674449", "road_name": "Hill Smith Boulevard", "highway": "residential", "maxspeed_kmh": 40.0, "length_km": 0.06000694537571799 }, "geometry": { "type": "LineString", "coordinates": [ [ 138.533354800000012, -34.8681605 ], [ 138.533978499999989, -34.8680047 ] ] } },
{ "type": "Feature", "properties": { "osm_id": "441439639", "road_name": "First Avenue", "highway": "residential", "maxspeed_kmh": 40.0, "length_km": 0.01897992187174926 }, "geometry": { "type": "LineString", "coordinates": [ [ 138.628408, -34.9066867 ], [ 138.6283224, -34.9068413 ] ] } },
{ "type": "Feature", "properties": { "osm_id": "441439640", "road_name": "Westminster Street", "highway": "residential", "maxspeed_kmh": 40.0, "length_km": 0.01882975909466509 }, "geometry": { "type": "LineString", "coordinates": [ [ 138.62801060000001, -34.9067514 ], [ 138.6282007, -34.9068138 ] ] } },
{ "type": "Feature", "properties": { "osm_id": "441653576", "road_name": "Glen Rowan Road", "highway": "residential", "maxspeed_kmh": 40.0, "length_km": 0.031341641536037489 }, "geometry": { "type": "LineString", "coordinates": [ [ 138.5316967, -34.8854107 ], [ 138.531366100000014, -34.8853681 ] ] } },
{ "type": "Feature", "properties": { "osm_id": "441669868", "road_name": "Battams Road", "highway": "residential", "maxspeed_kmh": 40.0, "length_km": 0.017112303690432162 }, "geometry": { "type": "LineString", "coordinates": [ [ 138.6350032, -34.89705 ], [ 138.6348176, -34.8970406 ] ] } },
{ "type": "Feature", "properties": { "osm_id": "442668464", "road_name": "Battams Road", "highway": "residential", "maxspeed_kmh": 40.0, "length_km": 0.011624668358514995 }, "geometry": { "type": "LineString", "coordinates": [ [ 138.634599900000012, -34.8969179 ], [ 138.634722900000043, -34.8969416 ] ] } },
{ "type": "Feature", "properties": { "osm_id": "447248072", "road_name": "The Pinery", "highway": "residential", "maxspeed_kmh": 40.0, "length_km": 0.10597038364119336 }, "geometry": { "type": "LineString", "coordinates": [ [ 138.5006153, -34.8798433 ], [ 138.500592500000039, -34.8807915 ] ] } },
{ "type": "Feature", "properties": { "osm_id": "447248073", "road_name": "Banksia Street", "highway": "residential", "maxspeed_kmh": 40.0, "length_km": 0.19075454194658667 }, "geometry": { "type": "LineString", "coordinates": [ [ 138.500599, -34.8801713 ], [ 138.4994097, -34.8801637 ], [ 138.4995458, -34.8808562 ] ] } },
{ "type": "Feature", "properties": { "osm_id": "447248074", "road_name": "Troubridge Drive", "highway": "residential", "maxspeed_kmh": 40.0, "length_km": 0.27884662677889488 }, "geometry": { "type": "LineString", "coordinates": [ [ 138.5004854, -34.8808741 ], [ 138.4974574, -34.8808215 ] ] } },
{ "type": "Feature", "properties": { "osm_id": "447248075", "road_name": "Sheoak Lane", "highway": "residential", "maxspeed_kmh": 40.0, "length_km": 0.10787851593590565 }, "geometry": { "type": "LineString", "coordinates": [ [ 138.4994337, -34.8804927 ], [ 138.5001776, -34.880511 ], [ 138.500178299999988, -34.8801587 ] ] } },
{ "type": "Feature", "properties": { "osm_id": "447248076", "road_name": "McCoy Place", "highway": "residential", "maxspeed_kmh": 40.0, "length_km": 0.04940921336169378 }, "geometry": { "type": "LineString", "coordinates": [ [ 138.497843499999988, -34.8808281 ], [ 138.4978355, -34.8812703 ] ] } },
{ "type": "Feature", "properties": { "osm_id": "447248077", "road_name": "McCoy Place", "highway": "residential", "maxspeed_kmh": 40.0, "length_km": 0.1367713471006741 }, "geometry": { "type": "LineString", "coordinates": [ [ 138.4974923, -34.8812734 ], [ 138.498976199999987, -34.8813064 ] ] } },
{ "type": "Feature", "properties": { "osm_id": "459206345", "road_name": "Reserve Parade", "highway": "residential", "maxspeed_kmh": 40.0, "length_km": 0.16260446866055392 }, "geometry": { "type": "LineString", "coordinates": [ [ 138.5253631, -34.8926156 ], [ 138.5271258, -34.8925201 ] ] } },
{ "type": "Feature", "properties": { "osm_id": "459258653", "road_name": "Myrtle Street", "highway": "residential", "maxspeed_kmh": 40.0, "length_km": 0.7659235383896672 }, "geometry": { "type": "LineString", "coordinates": [ [ 138.5933834, -34.8873379 ], [ 138.5850739, -34.8876983 ] ] } },
{ "type": "Feature", "properties": { "osm_id": "465067619", "road_name": "Broad Street", "highway": "residential", "maxspeed_kmh": 40.0, "length_km": 0.14122083176989034 }, "geometry": { "type": "LineString", "coordinates": [ [ 138.631645, -34.8924686 ], [ 138.6302117, -34.892018699999987 ] ] } },
{ "type": "Feature", "properties": { "osm_id": "465067621", "road_name": "Beasley Street", "highway": "residential", "maxspeed_kmh": 40.0, "length_km": 0.35308979813693797 }, "geometry": { "type": "LineString", "coordinates": [ [ 138.6336853, -34.89318930000001 ], [ 138.6322213, -34.8961109 ] ] } },
{ "type": "Feature", "properties": { "osm_id": "465067648", "road_name": "Grivell Road", "highway": "residential", "maxspeed_kmh": 40.0, "length_km": 0.18133578214248314 }, "geometry": { "type": "LineString", "coordinates": [ [ 138.63194, -34.8942532 ], [ 138.6311787, -34.8957506 ] ] } },
{ "type": "Feature", "properties": { "osm_id": "465067649", "road_name": "Broad Street", "highway": "residential", "maxspeed_kmh": 40.0, "length_km": 0.10326441082420919 }, "geometry": { "type": "LineString", "coordinates": [ [ 138.6336853, -34.89318930000001 ], [ 138.6326607, -34.8928159 ] ] } },
{ "type": "Feature", "properties": { "osm_id": "465067652", "road_name": "Broad Street", "highway": "residential", "maxspeed_kmh": 40.0, "length_km": 0.10120618254605343 }, "geometry": { "type": "LineString", "coordinates": [ [ 138.6326607, -34.8928159 ], [ 138.631645, -34.8924686 ] ] } },
{ "type": "Feature", "properties": { "osm_id": "465067657", "road_name": "Caleb Street", "highway": "residential", "maxspeed_kmh": 40.0, "length_km": 0.10039724206468296 }, "geometry": { "type": "LineString", "coordinates": [ [ 138.63194, -34.8942532 ], [ 138.6309357, -34.8939022 ] ] } },
{ "type": "Feature", "properties": { "osm_id": "475187132", "road_name": null, "highway": "service", "maxspeed_kmh": 40.0, "length_km": 0.022753064272787959 }, "geometry": { "type": "LineString", "coordinates": [ [ 138.6948342, -34.8312361 ], [ 138.695080700000034, -34.8312224 ] ] } },
{ "type": "Feature", "properties": { "osm_id": "475453592", "road_name": "Magill Road", "highway": "secondary", "maxspeed_kmh": 40.0, "length_km": 0.12467223620328366 }, "geometry": { "type": "LineString", "coordinates": [ [ 138.6736883, -34.91313 ], [ 138.675040599999988, -34.9130582 ] ] } },
{ "type": "Feature", "properties": { "osm_id": "481699913", "road_name": "St Clair Avenue", "highway": "residential", "maxspeed_kmh": 40.0, "length_km": 0.29976532763406322 }, "geometry": { "type": "LineString", "coordinates": [ [ 138.5373099, -34.8742068 ], [ 138.5386235, -34.8754448 ], [ 138.5388428, -34.8764516 ] ] } },
{ "type": "Feature", "properties": { "osm_id": "485515945", "road_name": "Parker Terrace", "highway": "residential", "maxspeed_kmh": 40.0, "length_km": 0.015902116990849681 }, "geometry": { "type": "LineString", "coordinates": [ [ 138.5813228, -34.9611061 ], [ 138.5811597, -34.9610656 ] ] } },
{ "type": "Feature", "properties": { "osm_id": "485515948", "road_name": "Canterbury Terrace", "highway": "residential", "maxspeed_kmh": 40.0, "length_km": 0.024461841305535262 }, "geometry": { "type": "LineString", "coordinates": [ [ 138.5811109, -34.9606841 ], [ 138.581298800000013, -34.9605291 ] ] } },
{ "type": "Feature", "properties": { "osm_id": "488244330", "road_name": "Harriet Lucy Drive", "highway": "residential", "maxspeed_kmh": 40.0, "length_km": 0.090953428179027268 }, "geometry": { "type": "LineString", "coordinates": [ [ 138.6265515, -34.9427539 ], [ 138.6266498, -34.9419498 ] ] } },
{ "type": "Feature", "properties": { "osm_id": "492926447", "road_name": "Colton Street", "highway": "residential", "maxspeed_kmh": 40.0, "length_km": 0.12720538752469154 }, "geometry": { "type": "LineString", "coordinates": [ [ 138.5012063, -34.8802004 ], [ 138.5025785, -34.8802263 ] ] } },
{ "type": "Feature", "properties": { "osm_id": "493652180", "road_name": "Threlfall Avenue", "highway": "residential", "maxspeed_kmh": 40.0, "length_km": 0.1846119060724071 }, "geometry": { "type": "LineString", "coordinates": [ [ 138.6254328, -34.9222549 ], [ 138.6261547, -34.9222227 ], [ 138.6262427, -34.9232774 ] ] } },
{ "type": "Feature", "properties": { "osm_id": "508199729", "road_name": "Liberty Avenue", "highway": "residential", "maxspeed_kmh": 40.0, "length_km": 0.20614698986302668 }, "geometry": { "type": "LineString", "coordinates": [ [ 138.486847399999988, -34.7847556 ], [ 138.487497100000013, -34.7838767 ], [ 138.4870948, -34.7831534 ] ] } },
{ "type": "Feature", "properties": { "osm_id": "515148531", "road_name": "Weston Street", "highway": "residential", "maxspeed_kmh": 40.0, "length_km": 0.11819912531842974 }, "geometry": { "type": "LineString", "coordinates": [ [ 138.5904363, -34.9534602 ], [ 138.5917182, -34.9533844 ] ] } },
{ "type": "Feature", "properties": { "osm_id": "517982716", "road_name": "Ryan Avenue", "highway": "residential", "maxspeed_kmh": 40.0, "length_km": 0.18236505847319551 }, "geometry": { "type": "LineString", "coordinates": [ [ 138.5241958, -34.8868761 ], [ 138.5260639, -34.8863997 ] ] } },
{ "type": "Feature", "properties": { "osm_id": "517982717", "road_name": "Ryan Avenue", "highway": "residential", "maxspeed_kmh": 40.0, "length_km": 0.23596311864796909 }, "geometry": { "type": "LineString", "coordinates": [ [ 138.5286018, -34.886277 ], [ 138.5311508, -34.8860962 ] ] } },
{ "type": "Feature", "properties": { "osm_id": "517982718", "road_name": "Rosemary Street", "highway": "residential", "maxspeed_kmh": 40.0, "length_km": 0.30599714452710441 }, "geometry": { "type": "LineString", "coordinates": [ [ 138.528539200000012, -34.8862273 ], [ 138.528347800000034, -34.8834928 ] ] } },
{ "type": "Feature", "properties": { "osm_id": "517982719", "road_name": null, "highway": "residential", "maxspeed_kmh": 40.0, "length_km": 0.037218636301513244 }, "geometry": { "type": "LineString", "coordinates": [ [ 138.5284749, -34.8862658 ], [ 138.528558, -34.8862301 ], [ 138.5286, -34.8862933 ], [ 138.5285221, -34.886332 ], [ 138.5284749, -34.8862658 ] ] } },
{ "type": "Feature", "properties": { "osm_id": "519063521", "road_name": "Lyons Parade", "highway": "residential", "maxspeed_kmh": 40.0, "length_km": 0.17559207987829376 }, "geometry": { "type": "LineString", "coordinates": [ [ 138.585780699999987, -34.9536006 ], [ 138.584978400000011, -34.9521761 ] ] } },
{ "type": "Feature", "properties": { "osm_id": "519063522", "road_name": "Victoria Street", "highway": "tertiary", "maxspeed_kmh": 40.0, "length_km": 0.039083847599961953 }, "geometry": { "type": "LineString", "coordinates": [ [ 138.58585020000001, -34.9537279 ], [ 138.586274300000014, -34.9537056 ] ] } },
{ "type": "Feature", "properties": { "osm_id": "519063523", "road_name": "Railway Terrace South", "highway": "residential", "maxspeed_kmh": 40.0, "length_km": 0.020021908763923329 }, "geometry": { "type": "LineString", "coordinates": [ [ 138.5892916, -34.9499855 ], [ 138.5894954, -34.9499244 ] ] } },
{ "type": "Feature", "properties": { "osm_id": "519316249", "road_name": "Richards Terrace", "highway": "residential", "maxspeed_kmh": 40.0, "length_km": 0.20663379179355004 }, "geometry": { "type": "LineString", "coordinates": [ [ 138.5848109, -34.950635 ], [ 138.584366, -34.948825 ] ] } },
{ "type": "Feature", "properties": { "osm_id": "541456487", "road_name": null, "highway": "service", "maxspeed_kmh": 40.0, "length_km": 0.041216754769768785 }, "geometry": { "type": "LineString", "coordinates": [ [ 138.5214499, -34.8850029 ], [ 138.5210279, -34.8850871 ] ] } },
{ "type": "Feature", "properties": { "osm_id": "541456488", "road_name": "Bristol Lane", "highway": "residential", "maxspeed_kmh": 40.0, "length_km": 0.083489480838318433 }, "geometry": { "type": "LineString", "coordinates": [ [ 138.5223195, -34.8845476 ], [ 138.522519100000011, -34.8852729 ] ] } },
{ "type": "Feature", "properties": { "osm_id": "542846935", "road_name": "Bardia Avenue", "highway": "residential", "maxspeed_kmh": 40.0, "length_km": 0.19998531958472526 }, "geometry": { "type": "LineString", "coordinates": [ [ 138.531703599999986, -34.8941392 ], [ 138.5295352, -34.8942513 ] ] } },
{ "type": "Feature", "properties": { "osm_id": "543518180", "road_name": "Pampas Court", "highway": "residential", "maxspeed_kmh": 40.0, "length_km": 0.040722021648737283 }, "geometry": { "type": "LineString", "coordinates": [ [ 138.499319500000013, -34.8914662 ], [ 138.4997611, -34.891444700000015 ] ] } },
{ "type": "Feature", "properties": { "osm_id": "543518181", "road_name": "Chester Court", "highway": "residential", "maxspeed_kmh": 40.0, "length_km": 0.039942639263354576 }, "geometry": { "type": "LineString", "coordinates": [ [ 138.4992814, -34.89078 ], [ 138.49971450000001, -34.8907583 ] ] } },
{ "type": "Feature", "properties": { "osm_id": "543537695", "road_name": "Terminus Street", "highway": "residential", "maxspeed_kmh": 40.0, "length_km": 0.14044871206849247 }, "geometry": { "type": "LineString", "coordinates": [ [ 138.4902496, -34.8997563 ], [ 138.488754699999987, -34.8998854 ] ] } },
{ "type": "Feature", "properties": { "osm_id": "544117885", "road_name": "Orsmond Street", "highway": "residential", "maxspeed_kmh": 40.0, "length_km": 0.37471698082663002 }, "geometry": { "type": "LineString", "coordinates": [ [ 138.5710278, -34.906322 ], [ 138.5731802, -34.907743600000011 ], [ 138.5723792, -34.9086008 ] ] } },
{ "type": "Feature", "properties": { "osm_id": "544117886", "road_name": "Crawford Lane", "highway": "residential", "maxspeed_kmh": 40.0, "length_km": 0.12000458480964453 }, "geometry": { "type": "LineString", "coordinates": [ [ 138.5710278, -34.906322 ], [ 138.5702168, -34.9071632 ] ] } },
{ "type": "Feature", "properties": { "osm_id": "567983468", "road_name": "Frederick Street", "highway": "residential", "maxspeed_kmh": 40.0, "length_km": 0.22396836141452003 }, "geometry": { "type": "LineString", "coordinates": [ [ 138.6117524, -34.9492064 ], [ 138.614183200000014, -34.9490862 ] ] } },
{ "type": "Feature", "properties": { "osm_id": "569723737", "road_name": "Jetty Road", "highway": "tertiary", "maxspeed_kmh": 40.0, "length_km": 0.0116818097835943 }, "geometry": { "type": "LineString", "coordinates": [ [ 138.5201276, -34.979978 ], [ 138.5202509, -34.9800032 ] ] } },
{ "type": "Feature", "properties": { "osm_id": "571077879", "road_name": "Brebner Drive", "highway": "tertiary", "maxspeed_kmh": 40.0, "length_km": 0.017114626222668704 }, "geometry": { "type": "LineString", "coordinates": [ [ 138.4918212, -34.8766117 ], [ 138.4919854, -34.8765399 ] ] } },
{ "type": "Feature", "properties": { "osm_id": "576072336", "road_name": "West Street", "highway": "residential", "maxspeed_kmh": 40.0, "length_km": 0.13595446278272935 }, "geometry": { "type": "LineString", "coordinates": [ [ 138.571231899999987, -34.904481 ], [ 138.5721792, -34.9035471 ] ] } },
{ "type": "Feature", "properties": { "osm_id": "576075009", "road_name": "South Road", "highway": "trunk", "maxspeed_kmh": 40.0, "length_km": 0.0073296667425102047 }, "geometry": { "type": "LineString", "coordinates": [ [ 138.566216700000012, -34.9145737 ], [ 138.566235299999988, -34.9146375 ] ] } },
{ "type": "Feature", "properties": { "osm_id": "576075010", "road_name": "South Road", "highway": "trunk", "maxspeed_kmh": 40.0, "length_km": 0.23458954625121856 }, "geometry": { "type": "LineString", "coordinates": [ [ 138.5646166, -34.9119941 ], [ 138.565924200000012, -34.913773100000014 ] ] } },
{ "type": "Feature", "properties": { "osm_id": "576075011", "road_name": "West Thebarton Road", "highway": "tertiary", "maxspeed_kmh": 40.0, "length_km": 0.059760356514882658 }, "geometry": { "type": "LineString", "coordinates": [ [ 138.565576099999987, -34.9146617 ], [ 138.566216700000012, -34.9145737 ] ] } },
{ "type": "Feature", "properties": { "osm_id": "576087024", "road_name": "Romford Street", "highway": "residential", "maxspeed_kmh": 40.0, "length_km": 0.0086375905708900285 }, "geometry": { "type": "LineString", "coordinates": [ [ 138.5617284, -34.9040682 ], [ 138.561721299999988, -34.9041453 ] ] } },
{ "type": "Feature", "properties": { "osm_id": "576410752", "road_name": "Rokeby Avenue", "highway": "residential", "maxspeed_kmh": 40.0, "length_km": 0.13286144058642382 }, "geometry": { "type": "LineString", "coordinates": [ [ 138.625034699999986, -34.9216498 ], [ 138.624946099999988, -34.9204626 ] ] } },
{ "type": "Feature", "properties": { "osm_id": "576426888", "road_name": "Myrona Avenue", "highway": "residential", "maxspeed_kmh": 40.0, "length_km": 0.0089394576954295712 }, "geometry": { "type": "LineString", "coordinates": [ [ 138.643799800000011, -34.9568586 ], [ 138.6437028, -34.9568639 ] ] } },
{ "type": "Feature", "properties": { "osm_id": "576455530", "road_name": "Penn Place", "highway": "residential", "maxspeed_kmh": 40.0, "length_km": 0.074488863696970442 }, "geometry": { "type": "LineString", "coordinates": [ [ 138.601070600000014, -34.8953868 ], [ 138.600478, -34.8949326 ] ] } },
{ "type": "Feature", "properties": { "osm_id": "576463136", "road_name": "Rosevear Street", "highway": "residential", "maxspeed_kmh": 40.0, "length_km": 0.19928249922372188 }, "geometry": { "type": "LineString", "coordinates": [ [ 138.6033352, -34.96575630000001 ], [ 138.6034917, -34.9675357 ] ] } },
{ "type": "Feature", "properties": { "osm_id": "576463884", "road_name": "Denning Street", "highway": "residential", "maxspeed_kmh": 40.0, "length_km": 0.009405680066954138 }, "geometry": { "type": "LineString", "coordinates": [ [ 138.600935, -34.96587 ], [ 138.600927899999988, -34.965786 ] ] } },
{ "type": "Feature", "properties": { "osm_id": "576463995", "road_name": "View Street", "highway": "residential", "maxspeed_kmh": 40.0, "length_km": 0.0087712273654452569 }, "geometry": { "type": "LineString", "coordinates": [ [ 138.6066228, -34.9655784 ], [ 138.6066156, -34.9655001 ] ] } },
{ "type": "Feature", "properties": { "osm_id": "576483366", "road_name": "Leven Avenue", "highway": "residential", "maxspeed_kmh": 40.0, "length_km": 0.27218278601239804 }, "geometry": { "type": "LineString", "coordinates": [ [ 138.515876600000013, -34.9062563 ], [ 138.5157212, -34.9038234 ] ] } },
{ "type": "Feature", "properties": { "osm_id": "576823248", "road_name": "St Clair Avenue", "highway": "residential", "maxspeed_kmh": 40.0, "length_km": 0.012730472115154979 }, "geometry": { "type": "LineString", "coordinates": [ [ 138.528987699999988, -34.8684218 ], [ 138.528849900000012, -34.8684125 ] ] } },
{ "type": "Feature", "properties": { "osm_id": "576857762", "road_name": "Prospect Road", "highway": "secondary", "maxspeed_kmh": 40.0, "length_km": 0.017508306990549224 }, "geometry": { "type": "LineString", "coordinates": [ [ 138.5941817, -34.888868199999983 ], [ 138.5941942, -34.8890246 ] ] } },
{ "type": "Feature", "properties": { "osm_id": "576857763", "road_name": "Prospect Road", "highway": "secondary", "maxspeed_kmh": 40.0, "length_km": 0.017586333787809834 }, "geometry": { "type": "LineString", "coordinates": [ [ 138.5941139, -34.8890283 ], [ 138.5941014, -34.888871199999983 ] ] } },
{ "type": "Feature", "properties": { "osm_id": "576857769", "road_name": "Daphne Street", "highway": "residential", "maxspeed_kmh": 40.0, "length_km": 0.0068589489557302659 }, "geometry": { "type": "LineString", "coordinates": [ [ 138.5942895, -34.8903059 ], [ 138.594215100000042, -34.8903094 ] ] } },
{ "type": "Feature", "properties": { "osm_id": "576857969", "road_name": "Anderson Drive", "highway": "unclassified", "maxspeed_kmh": 40.0, "length_km": 0.010518349592831346 }, "geometry": { "type": "LineString", "coordinates": [ [ 138.6392239, -34.78690730000001 ], [ 138.639156500000013, -34.7869833 ] ] } },
{ "type": "Feature", "properties": { "osm_id": "576919999", "road_name": "Cook Street", "highway": "residential", "maxspeed_kmh": 40.0, "length_km": 0.062747903742013195 }, "geometry": { "type": "LineString", "coordinates": [ [ 138.559909800000014, -34.8822664 ], [ 138.559508099999988, -34.8827202 ] ] } },
{ "type": "Feature", "properties": { "osm_id": "576920013", "road_name": "Rosetta Street", "highway": "tertiary", "maxspeed_kmh": 40.0, "length_km": 0.015023596117003648 }, "geometry": { "type": "LineString", "coordinates": [ [ 138.563419, -34.8846272 ], [ 138.5632912, -34.8847072 ] ] } },
{ "type": "Feature", "properties": { "osm_id": "576920014", "road_name": "Rosetta Street", "highway": "tertiary", "maxspeed_kmh": 40.0, "length_km": 0.01727257843486207 }, "geometry": { "type": "LineString", "coordinates": [ [ 138.563379, -34.8845588 ], [ 138.5635116, -34.8844494 ] ] } },
{ "type": "Feature", "properties": { "osm_id": "576920020", "road_name": "Rosetta Street", "highway": "tertiary", "maxspeed_kmh": 40.0, "length_km": 0.073369333873806369 }, "geometry": { "type": "LineString", "coordinates": [ [ 138.5571324, -34.8910045 ], [ 138.5576283, -34.8904903 ] ] } },
{ "type": "Feature", "properties": { "osm_id": "576920022", "road_name": "Rosetta Street", "highway": "tertiary", "maxspeed_kmh": 40.0, "length_km": 0.065616514272260132 }, "geometry": { "type": "LineString", "coordinates": [ [ 138.5560796, -34.8920801 ], [ 138.5565123, -34.8916133 ] ] } },
{ "type": "Feature", "properties": { "osm_id": "579346450", "road_name": "Conyngham Street", "highway": "tertiary", "maxspeed_kmh": 40.0, "length_km": 0.011670305078619313 }, "geometry": { "type": "LineString", "coordinates": [ [ 138.633611, -34.9397129 ], [ 138.6336035, -34.9396086 ] ] } },
{ "type": "Feature", "properties": { "osm_id": "579348292", "road_name": "Cator Street", "highway": "residential", "maxspeed_kmh": 40.0, "length_km": 0.12385673894059682 }, "geometry": { "type": "LineString", "coordinates": [ [ 138.6409377, -34.942463199999985 ], [ 138.6422824, -34.9424035 ] ] } },
{ "type": "Feature", "properties": { "osm_id": "579402644", "road_name": "Sage Crescent", "highway": "residential", "maxspeed_kmh": 40.0, "length_km": 0.013252344479357392 }, "geometry": { "type": "LineString", "coordinates": [ [ 138.5313341, -34.88689870000001 ], [ 138.5311906, -34.8869082 ] ] } },
{ "type": "Feature", "properties": { "osm_id": "579403955", "road_name": "Patricia Street", "highway": "residential", "maxspeed_kmh": 40.0, "length_km": 0.0093027375435085751 }, "geometry": { "type": "LineString", "coordinates": [ [ 138.5310642, -34.8846269 ], [ 138.53116510000001, -34.8846223 ] ] } },
{ "type": "Feature", "properties": { "osm_id": "579403956", "road_name": "Shirley Avenue", "highway": "residential", "maxspeed_kmh": 40.0, "length_km": 0.011484600760115699 }, "geometry": { "type": "LineString", "coordinates": [ [ 138.5309612, -34.8833627 ], [ 138.5310858, -34.883357599999989 ] ] } },
{ "type": "Feature", "properties": { "osm_id": "579404293", "road_name": "Claire Street", "highway": "residential", "maxspeed_kmh": 40.0, "length_km": 0.011496023115043746 }, "geometry": { "type": "LineString", "coordinates": [ [ 138.530720300000013, -34.8797234 ], [ 138.530845, -34.879718 ] ] } },
{ "type": "Feature", "properties": { "osm_id": "579406666", "road_name": "Edward Street", "highway": "residential", "maxspeed_kmh": 40.0, "length_km": 0.2132169635043169 }, "geometry": { "type": "LineString", "coordinates": [ [ 138.6479871, -34.8928996 ], [ 138.648960499999987, -34.8946319 ] ] } },
{ "type": "Feature", "properties": { "osm_id": "579409290", "road_name": "South Road", "highway": "trunk", "maxspeed_kmh": 40.0, "length_km": 0.19433698838483968 }, "geometry": { "type": "LineString", "coordinates": [ [ 138.5663141, -34.91496020000001 ], [ 138.5670503, -34.9165868 ] ] } },
{ "type": "Feature", "properties": { "osm_id": "579409292", "road_name": "South Road", "highway": "trunk", "maxspeed_kmh": 40.0, "length_km": 0.10501397780893978 }, "geometry": { "type": "LineString", "coordinates": [ [ 138.567038200000013, -34.9170537 ], [ 138.5662666, -34.9163632 ] ] } },
{ "type": "Feature", "properties": { "osm_id": "579640991", "road_name": "Queen Street", "highway": "residential", "maxspeed_kmh": 40.0, "length_km": 0.15464122162074442 }, "geometry": { "type": "LineString", "coordinates": [ [ 138.6430579, -34.9483309 ], [ 138.641381200000012, -34.9484353 ] ] } },
{ "type": "Feature", "properties": { "osm_id": "579675507", "road_name": "Glen Elder Street", "highway": "residential", "maxspeed_kmh": 40.0, "length_km": 0.10639981396702307 }, "geometry": { "type": "LineString", "coordinates": [ [ 138.544116300000013, -34.9032735 ], [ 138.544859, -34.9025436 ] ] } },
{ "type": "Feature", "properties": { "osm_id": "579715161", "road_name": "Taylor Avenue", "highway": "residential", "maxspeed_kmh": 40.0, "length_km": 0.13922049682219836 }, "geometry": { "type": "LineString", "coordinates": [ [ 138.639442699999989, -34.8995427 ], [ 138.640954099999988, -34.8994873 ] ] } },
{ "type": "Feature", "properties": { "osm_id": "580244401", "road_name": "Addison Road", "highway": "residential", "maxspeed_kmh": 40.0, "length_km": 0.010161428681990327 }, "geometry": { "type": "LineString", "coordinates": [ [ 138.572507800000011, -34.9616776 ], [ 138.5726181, -34.9616722 ] ] } },
{ "type": "Feature", "properties": { "osm_id": "580955140", "road_name": "Uxbridge Street", "highway": "residential", "maxspeed_kmh": 40.0, "length_km": 0.26188537253605343 }, "geometry": { "type": "LineString", "coordinates": [ [ 138.65126810000001, -34.9258199 ], [ 138.651091900000011, -34.9234797 ] ] } },
{ "type": "Feature", "properties": { "osm_id": "589123312", "road_name": "Flinders Parade", "highway": "residential", "maxspeed_kmh": 40.0, "length_km": 0.042860321696742525 }, "geometry": { "type": "LineString", "coordinates": [ [ 138.537940600000013, -34.909744799999984 ], [ 138.5383951, -34.9098269 ] ] } },
{ "type": "Feature", "properties": { "osm_id": "589123313", "road_name": "Flinders Parade", "highway": "residential", "maxspeed_kmh": 40.0, "length_km": 0.51641988500085201 }, "geometry": { "type": "LineString", "coordinates": [ [ 138.5383951, -34.9098269 ], [ 138.5439821, -34.9095647 ] ] } },
{ "type": "Feature", "properties": { "osm_id": "589123315", "road_name": "Drake Avenue", "highway": "residential", "maxspeed_kmh": 40.0, "length_km": 0.21031938773001574 }, "geometry": { "type": "LineString", "coordinates": [ [ 138.5415588, -34.907981 ], [ 138.543840100000011, -34.907869 ] ] } },
{ "type": "Feature", "properties": { "osm_id": "609024183", "road_name": "Lawton Crescent", "highway": "residential", "maxspeed_kmh": 40.0, "length_km": 0.04179852723179215 }, "geometry": { "type": "LineString", "coordinates": [ [ 138.5210279, -34.8850871 ], [ 138.5211323, -34.885445 ] ] } },
{ "type": "Feature", "properties": { "osm_id": "609024184", "road_name": "Lawton Lane", "highway": "residential", "maxspeed_kmh": 40.0, "length_km": 0.2060707530967989 }, "geometry": { "type": "LineString", "coordinates": [ [ 138.5219553, -34.8849717 ], [ 138.5214499, -34.8850029 ], [ 138.5213838, -34.8845285 ], [ 138.5210439, -34.8844806 ], [ 138.5210279, -34.8850871 ] ] } },
{ "type": "Feature", "properties": { "osm_id": "611686215", "road_name": "Birrell Street", "highway": "residential", "maxspeed_kmh": 40.0, "length_km": 0.21865325583704925 }, "geometry": { "type": "LineString", "coordinates": [ [ 138.6357559, -34.9261856 ], [ 138.635606599999988, -34.9242319 ] ] } },
{ "type": "Feature", "properties": { "osm_id": "615694180", "road_name": null, "highway": "service", "maxspeed_kmh": 40.0, "length_km": 0.090296753255077106 }, "geometry": { "type": "LineString", "coordinates": [ [ 138.697811300000012, -34.9662623 ], [ 138.6987861, -34.9662405 ] ] } },
{ "type": "Feature", "properties": { "osm_id": "618302656", "road_name": "Bloomsbury Street", "highway": "residential", "maxspeed_kmh": 40.0, "length_km": 0.15497807799075372 }, "geometry": { "type": "LineString", "coordinates": [ [ 138.5998571, -34.952095 ], [ 138.59818, -34.952171899999989 ] ] } },
{ "type": "Feature", "properties": { "osm_id": "618318398", "road_name": "Symon Lane", "highway": "residential", "maxspeed_kmh": 40.0, "length_km": 0.077575066434348305 }, "geometry": { "type": "LineString", "coordinates": [ [ 138.502031, -34.8801974 ], [ 138.502016200000014, -34.8808916 ] ] } },
{ "type": "Feature", "properties": { "osm_id": "618318399", "road_name": "Colton Street", "highway": "residential", "maxspeed_kmh": 40.0, "length_km": 0.077482995664505852 }, "geometry": { "type": "LineString", "coordinates": [ [ 138.5011676, -34.8808913 ], [ 138.5012063, -34.8802004 ] ] } },
{ "type": "Feature", "properties": { "osm_id": "618318400", "road_name": "Troubridge Drive", "highway": "residential", "maxspeed_kmh": 40.0, "length_km": 0.044531763428524745 }, "geometry": { "type": "LineString", "coordinates": [ [ 138.500684100000029, -34.88088 ], [ 138.5011676, -34.8808913 ] ] } },
{ "type": "Feature", "properties": { "osm_id": "618318401", "road_name": "Marsden Street", "highway": "residential", "maxspeed_kmh": 40.0, "length_km": 0.054880680115140051 }, "geometry": { "type": "LineString", "coordinates": [ [ 138.502016200000014, -34.8808916 ], [ 138.5025609, -34.8808194 ] ] } },
{ "type": "Feature", "properties": { "osm_id": "628803726", "road_name": "Rose Terrace", "highway": "residential", "maxspeed_kmh": 40.0, "length_km": 0.20967926592977149 }, "geometry": { "type": "LineString", "coordinates": [ [ 138.5887247, -34.9431352 ], [ 138.5864487, -34.9432403 ] ] } },
{ "type": "Feature", "properties": { "osm_id": "628803727", "road_name": "Rose Terrace", "highway": "residential", "maxspeed_kmh": 40.0, "length_km": 0.027647423686525521 }, "geometry": { "type": "LineString", "coordinates": [ [ 138.5887247, -34.9431352 ], [ 138.5889785, -34.9430026 ] ] } },
{ "type": "Feature", "properties": { "osm_id": "628803728", "road_name": "Rose Terrace", "highway": "residential", "maxspeed_kmh": 40.0, "length_km": 0.02263161144466759 }, "geometry": { "type": "LineString", "coordinates": [ [ 138.5890784, -34.9430528 ], [ 138.5893163, -34.9431045 ] ] } },
{ "type": "Feature", "properties": { "osm_id": "628803729", "road_name": "Rose Terrace", "highway": "residential", "maxspeed_kmh": 40.0, "length_km": 0.024368083501552229 }, "geometry": { "type": "LineString", "coordinates": [ [ 138.5893163, -34.9431045 ], [ 138.589065799999986, -34.9431755 ] ] } },
{ "type": "Feature", "properties": { "osm_id": "628803730", "road_name": "Rose Terrace", "highway": "residential", "maxspeed_kmh": 40.0, "length_km": 0.027970373052157441 }, "geometry": { "type": "LineString", "coordinates": [ [ 138.5890245, -34.9431771 ], [ 138.5887247, -34.9431352 ] ] } },
{ "type": "Feature", "properties": { "osm_id": "632674465", "road_name": "Judith Avenue", "highway": "residential", "maxspeed_kmh": 40.0, "length_km": 0.1456197229062344 }, "geometry": { "type": "LineString", "coordinates": [ [ 138.529141900000042, -34.892419 ], [ 138.529054800000011, -34.8911175 ] ] } },
{ "type": "Feature", "properties": { "osm_id": "636909423", "road_name": "Bournemouth Street", "highway": "residential", "maxspeed_kmh": 40.0, "length_km": 0.045659805705706588 }, "geometry": { "type": "LineString", "coordinates": [ [ 138.4844091, -34.884018499999989 ], [ 138.483913300000012, -34.8840084 ] ] } },
{ "type": "Feature", "properties": { "osm_id": "636924553", "road_name": "Northcote Lane", "highway": "residential", "maxspeed_kmh": 40.0, "length_km": 0.045259387553941231 }, "geometry": { "type": "LineString", "coordinates": [ [ 138.4862104, -34.8882822 ], [ 138.4857189, -34.8882915 ] ] } },
{ "type": "Feature", "properties": { "osm_id": "637215442", "road_name": "Parklink Terrace", "highway": "residential", "maxspeed_kmh": 40.0, "length_km": 0.13398484924503201 }, "geometry": { "type": "LineString", "coordinates": [ [ 138.582585, -34.8898746 ], [ 138.5825112, -34.8896019 ], [ 138.5816127, -34.8896261 ], [ 138.581556400000011, -34.8897647 ] ] } },
{ "type": "Feature", "properties": { "osm_id": "637621178", "road_name": "Symon Lane", "highway": "residential", "maxspeed_kmh": 40.0, "length_km": 0.077925133357838808 }, "geometry": { "type": "LineString", "coordinates": [ [ 138.5011809, -34.8805353 ], [ 138.502027199999986, -34.8805462 ] ] } },
{ "type": "Feature", "properties": { "osm_id": "637621181", "road_name": "Troubridge Drive", "highway": "residential", "maxspeed_kmh": 40.0, "length_km": 0.088153441817377692 }, "geometry": { "type": "LineString", "coordinates": [ [ 138.5021295, -34.8814936 ], [ 138.501539, -34.8808978 ] ] } },
{ "type": "Feature", "properties": { "osm_id": "641920820", "road_name": "Elderslie Avenue", "highway": "residential", "maxspeed_kmh": 40.0, "length_km": 0.23594373987563108 }, "geometry": { "type": "LineString", "coordinates": [ [ 138.590300500000012, -34.897797 ], [ 138.5877422, -34.897934 ] ] } },
{ "type": "Feature", "properties": { "osm_id": "641920821", "road_name": "Elderslie Avenue", "highway": "residential", "maxspeed_kmh": 40.0, "length_km": 0.40930638015531334 }, "geometry": { "type": "LineString", "coordinates": [ [ 138.5947356, -34.897524900000015 ], [ 138.590300500000012, -34.897797 ] ] } },
{ "type": "Feature", "properties": { "osm_id": "653360033", "road_name": "Ethelbert Square", "highway": "residential", "maxspeed_kmh": 40.0, "length_km": 0.17162325621711094 }, "geometry": { "type": "LineString", "coordinates": [ [ 138.5773187, -34.9002669 ], [ 138.5777692, -34.900615 ], [ 138.577654200000012, -34.9008441 ], [ 138.577308499999987, -34.900952 ], [ 138.576908800000041, -34.9006866 ] ] } },
{ "type": "Feature", "properties": { "osm_id": "653886586", "road_name": "Terminus Street", "highway": "residential", "maxspeed_kmh": 40.0, "length_km": 0.1673944195645346 }, "geometry": { "type": "LineString", "coordinates": [ [ 138.492054, -34.8996014 ], [ 138.4902496, -34.8997563 ] ] } },
{ "type": "Feature", "properties": { "osm_id": "654178487", "road_name": "Gulf Point Drive", "highway": "residential", "maxspeed_kmh": 40.0, "length_km": 0.045247398460038571 }, "geometry": { "type": "LineString", "coordinates": [ [ 138.4858396, -34.7905034 ], [ 138.4861036, -34.7901797 ] ] } },
{ "type": "Feature", "properties": { "osm_id": "659468422", "road_name": "Magill Road", "highway": "secondary", "maxspeed_kmh": 40.0, "length_km": 0.094642580579811578 }, "geometry": { "type": "LineString", "coordinates": [ [ 138.6771852, -34.9129505 ], [ 138.6782122, -34.9129017 ] ] } },
{ "type": "Feature", "properties": { "osm_id": "659468987", "road_name": "Carey Street", "highway": "residential", "maxspeed_kmh": 40.0, "length_km": 0.41036210435782505 }, "geometry": { "type": "LineString", "coordinates": [ [ 138.673695, -34.9132164 ], [ 138.6739332, -34.91688 ] ] } },
{ "type": "Feature", "properties": { "osm_id": "659637500", "road_name": null, "highway": "trunk_link", "maxspeed_kmh": 40.0, "length_km": 0.042113724946134232 }, "geometry": { "type": "LineString", "coordinates": [ [ 138.562702300000012, -35.0233213 ], [ 138.5630059, -35.0230389 ] ] } },
{ "type": "Feature", "properties": { "osm_id": "659637501", "road_name": null, "highway": "trunk_link", "maxspeed_kmh": 40.0, "length_km": 0.054088436026105011 }, "geometry": { "type": "LineString", "coordinates": [ [ 138.5630059, -35.0230389 ], [ 138.563463500000012, -35.0228048 ] ] } },
{ "type": "Feature", "properties": { "osm_id": "659637502", "road_name": null, "highway": "trunk_link", "maxspeed_kmh": 40.0, "length_km": 0.08978671186863664 }, "geometry": { "type": "LineString", "coordinates": [ [ 138.5611366, -35.0245384 ], [ 138.5619092, -35.0240493 ] ] } },
{ "type": "Feature", "properties": { "osm_id": "659637505", "road_name": null, "highway": "trunk_link", "maxspeed_kmh": 40.0, "length_km": 0.092473029363086573 }, "geometry": { "type": "LineString", "coordinates": [ [ 138.5620393, -35.0239438 ], [ 138.562702300000012, -35.0233213 ] ] } },
{ "type": "Feature", "properties": { "osm_id": "677588953", "road_name": "Heywood Avenue", "highway": "residential", "maxspeed_kmh": 40.0, "length_km": 0.034869862339677871 }, "geometry": { "type": "LineString", "coordinates": [ [ 138.6006075, -34.9630939 ], [ 138.6002287, -34.9631082 ] ] } },
{ "type": "Feature", "properties": { "osm_id": "677588954", "road_name": "Heywood Avenue", "highway": "residential", "maxspeed_kmh": 40.0, "length_km": 0.0074318035236959189 }, "geometry": { "type": "LineString", "coordinates": [ [ 138.6006882, -34.9630903 ], [ 138.6006075, -34.9630939 ] ] } },
{ "type": "Feature", "properties": { "osm_id": "679370712", "road_name": null, "highway": "trunk_link", "maxspeed_kmh": 40.0, "length_km": 0.02624598011607757 }, "geometry": { "type": "LineString", "coordinates": [ [ 138.5794845, -34.9233294 ], [ 138.5794575, -34.9235633 ] ] } },
{ "type": "Feature", "properties": { "osm_id": "683027784", "road_name": "Gage Street", "highway": "residential", "maxspeed_kmh": 40.0, "length_km": 0.78873238054157779 }, "geometry": { "type": "LineString", "coordinates": [ [ 138.6509671, -34.9083202 ], [ 138.6502987, -34.9012977 ] ] } },
{ "type": "Feature", "properties": { "osm_id": "683027786", "road_name": "Seventh Avenue", "highway": "residential", "maxspeed_kmh": 40.0, "length_km": 0.16515506196536142 }, "geometry": { "type": "LineString", "coordinates": [ [ 138.651148, -34.9085567 ], [ 138.6529409, -34.9084859 ] ] } },
{ "type": "Feature", "properties": { "osm_id": "690640265", "road_name": "Morialta Falls Road", "highway": "unclassified", "maxspeed_kmh": 40.0, "length_km": 0.095072546933656993 }, "geometry": { "type": "LineString", "coordinates": [ [ 138.6915123, -34.899549099999987 ], [ 138.692141099999986, -34.8988745 ] ] } },
{ "type": "Feature", "properties": { "osm_id": "698191675", "road_name": null, "highway": "residential", "maxspeed_kmh": 40.0, "length_km": 0.039768563754537876 }, "geometry": { "type": "LineString", "coordinates": [ [ 138.528469300000012, -34.8827779 ], [ 138.5283787, -34.8827442 ], [ 138.5284149, -34.8826733 ], [ 138.528506900000025, -34.882701 ], [ 138.528469300000012, -34.8827779 ] ] } },
{ "type": "Feature", "properties": { "osm_id": "698191676", "road_name": "Holden Avenue", "highway": "residential", "maxspeed_kmh": 40.0, "length_km": 0.23146777178667169 }, "geometry": { "type": "LineString", "coordinates": [ [ 138.5258638, -34.8828301 ], [ 138.5283747, -34.882722 ] ] } },
{ "type": "Feature", "properties": { "osm_id": "698191677", "road_name": "James Street", "highway": "residential", "maxspeed_kmh": 40.0, "length_km": 0.078420977058406907 }, "geometry": { "type": "LineString", "coordinates": [ [ 138.5284925, -34.8834825 ], [ 138.5284414, -34.882781799999989 ] ] } },
{ "type": "Feature", "properties": { "osm_id": "698363394", "road_name": "Ellen Street", "highway": "residential", "maxspeed_kmh": 40.0, "length_km": 0.20860929621157825 }, "geometry": { "type": "LineString", "coordinates": [ [ 138.5633737, -34.8938294 ], [ 138.5647869, -34.8923695 ] ] } },
{ "type": "Feature", "properties": { "osm_id": "698363395", "road_name": "Cedar Avenue", "highway": "residential", "maxspeed_kmh": 40.0, "length_km": 0.43237499580096567 }, "geometry": { "type": "LineString", "coordinates": [ [ 138.564795299999986, -34.8922942 ], [ 138.561343099999988, -34.8896695 ] ] } },
{ "type": "Feature", "properties": { "osm_id": "698364723", "road_name": null, "highway": "residential", "maxspeed_kmh": 40.0, "length_km": 0.046519704854240299 }, "geometry": { "type": "LineString", "coordinates": [ [ 138.5464648, -34.907804 ], [ 138.5463552, -34.9077636 ], [ 138.5464041, -34.9076809 ], [ 138.546505, -34.907714 ], [ 138.5464648, -34.907804 ] ] } },
{ "type": "Feature", "properties": { "osm_id": "698364724", "road_name": "Frobisher Avenue", "highway": "residential", "maxspeed_kmh": 40.0, "length_km": 0.32030589176965174 }, "geometry": { "type": "LineString", "coordinates": [ [ 138.5464268, -34.907677 ], [ 138.5462129, -34.9048152 ] ] } },
{ "type": "Feature", "properties": { "osm_id": "698364725", "road_name": "Drake Avenue", "highway": "residential", "maxspeed_kmh": 40.0, "length_km": 0.21347338691811266 }, "geometry": { "type": "LineString", "coordinates": [ [ 138.544035799999989, -34.907856 ], [ 138.5463513, -34.9077418 ] ] } },
{ "type": "Feature", "properties": { "osm_id": "702682879", "road_name": "The Pinery", "highway": "residential", "maxspeed_kmh": 40.0, "length_km": 0.033553387025707843 }, "geometry": { "type": "LineString", "coordinates": [ [ 138.500575199999986, -34.8809542 ], [ 138.5005701, -34.8812545 ] ] } },
{ "type": "Feature", "properties": { "osm_id": "703027971", "road_name": "Harris Court", "highway": "residential", "maxspeed_kmh": 40.0, "length_km": 0.026213523165288969 }, "geometry": { "type": "LineString", "coordinates": [ [ 138.5304978, -34.887970499999987 ], [ 138.5305361, -34.8877411 ] ] } },
{ "type": "Feature", "properties": { "osm_id": "703027973", "road_name": "McCole Circuit", "highway": "residential", "maxspeed_kmh": 40.0, "length_km": 0.028198528344422977 }, "geometry": { "type": "LineString", "coordinates": [ [ 138.556187, -34.9069317 ], [ 138.556149799999986, -34.9066833 ] ] } },
{ "type": "Feature", "properties": { "osm_id": "703027978", "road_name": "Riverside Avenue", "highway": "residential", "maxspeed_kmh": 40.0, "length_km": 0.03830026944950389 }, "geometry": { "type": "LineString", "coordinates": [ [ 138.5546618, -34.9095967 ], [ 138.554677700000013, -34.9099393 ] ] } },
{ "type": "Feature", "properties": { "osm_id": "703027980", "road_name": "Botanic Lane", "highway": "residential", "maxspeed_kmh": 40.0, "length_km": 0.059945700494203578 }, "geometry": { "type": "LineString", "coordinates": [ [ 138.5540107, -34.9096132 ], [ 138.5546618, -34.9095967 ] ] } },
{ "type": "Feature", "properties": { "osm_id": "703027981", "road_name": "Harley Place", "highway": "residential", "maxspeed_kmh": 40.0, "length_km": 0.046256786773754922 }, "geometry": { "type": "LineString", "coordinates": [ [ 138.5261892, -34.8921543 ], [ 138.5261875, -34.8917437 ] ] } },
{ "type": "Feature", "properties": { "osm_id": "703027982", "road_name": "Harley Place", "highway": "residential", "maxspeed_kmh": 40.0, "length_km": 0.096973031181177685 }, "geometry": { "type": "LineString", "coordinates": [ [ 138.525328699999989, -34.8922246 ], [ 138.526368600000012, -34.8921752 ] ] } },
{ "type": "Feature", "properties": { "osm_id": "703030047", "road_name": "Plenty Place", "highway": "residential", "maxspeed_kmh": 40.0, "length_km": 0.077411696414100478 }, "geometry": { "type": "LineString", "coordinates": [ [ 138.5767844, -34.9056 ], [ 138.577311, -34.9050596 ] ] } },
{ "type": "Feature", "properties": { "osm_id": "703030048", "road_name": "Guild Place", "highway": "residential", "maxspeed_kmh": 40.0, "length_km": 0.077374825599350092 }, "geometry": { "type": "LineString", "coordinates": [ [ 138.576146200000011, -34.9051782 ], [ 138.5766786, -34.9046421 ] ] } },
{ "type": "Feature", "properties": { "osm_id": "703280617", "road_name": "Sheoak Lane", "highway": "unclassified", "maxspeed_kmh": 40.0, "length_km": 0.11356541406841 }, "geometry": { "type": "LineString", "coordinates": [ [ 138.62590130000001, -34.9442605 ], [ 138.6262152, -34.9442066 ], [ 138.626207099999988, -34.943796 ], [ 138.6258651, -34.9437372 ] ] } },
{ "type": "Feature", "properties": { "osm_id": "703280618", "road_name": "Peppercorn Lane", "highway": "unclassified", "maxspeed_kmh": 40.0, "length_km": 0.12372319174822184 }, "geometry": { "type": "LineString", "coordinates": [ [ 138.62640540000001, -34.945642 ], [ 138.6263309, -34.9448712 ], [ 138.6259363, -34.9448692 ] ] } },
{ "type": "Feature", "properties": { "osm_id": "703280619", "road_name": "Banksia Street", "highway": "residential", "maxspeed_kmh": 40.0, "length_km": 0.31907662495248801 }, "geometry": { "type": "LineString", "coordinates": [ [ 138.6271624, -34.945601899999986 ], [ 138.626022, -34.9456423 ], [ 138.6258651, -34.9437372 ] ] } },
{ "type": "Feature", "properties": { "osm_id": "703280620", "road_name": "Jacaranda Boulevard", "highway": "residential", "maxspeed_kmh": 40.0, "length_km": 0.075140081389408975 }, "geometry": { "type": "LineString", "coordinates": [ [ 138.6267346, -34.9445083 ], [ 138.6259201, -34.9445606 ] ] } },
{ "type": "Feature", "properties": { "osm_id": "706961932", "road_name": "Hallam Terrace", "highway": "residential", "maxspeed_kmh": 40.0, "length_km": 0.028593829616493108 }, "geometry": { "type": "LineString", "coordinates": [ [ 138.4872167, -34.891584 ], [ 138.4869414, -34.8915313 ] ] } },
{ "type": "Feature", "properties": { "osm_id": "711605536", "road_name": "Seaview Road", "highway": "secondary", "maxspeed_kmh": 40.0, "length_km": 0.040302462967100952 }, "geometry": { "type": "LineString", "coordinates": [ [ 138.494002200000011, -34.9184633 ], [ 138.494114599999989, -34.9188117 ] ] } },
{ "type": "Feature", "properties": { "osm_id": "711605537", "road_name": "Seaview Road", "highway": "secondary", "maxspeed_kmh": 40.0, "length_km": 0.035403037719500569 }, "geometry": { "type": "LineString", "coordinates": [ [ 138.4940517, -34.9187775 ], [ 138.494002200000011, -34.9184633 ] ] } },
{ "type": "Feature", "properties": { "osm_id": "711612721", "road_name": "Mount Barker Road", "highway": "primary", "maxspeed_kmh": 40.0, "length_km": 0.035487472813102099 }, "geometry": { "type": "LineString", "coordinates": [ [ 138.7163516, -35.0045778 ], [ 138.7164687, -35.0048806 ] ] } },
{ "type": "Feature", "properties": { "osm_id": "711612723", "road_name": "Mount Barker Road", "highway": "primary", "maxspeed_kmh": 40.0, "length_km": 0.013027019539156977 }, "geometry": { "type": "LineString", "coordinates": [ [ 138.7163137, -35.0044654 ], [ 138.7163516, -35.0045778 ] ] } },
{ "type": "Feature", "properties": { "osm_id": "711706442", "road_name": "Adelaide Street", "highway": "residential", "maxspeed_kmh": 40.0, "length_km": 0.25085950836947968 }, "geometry": { "type": "LineString", "coordinates": [ [ 138.6761449, -34.9143631 ], [ 138.678861399999988, -34.9142369 ] ] } },
{ "type": "Feature", "properties": { "osm_id": "711804663", "road_name": "Woods Street", "highway": "residential", "maxspeed_kmh": 40.0, "length_km": 0.18992155229308788 }, "geometry": { "type": "LineString", "coordinates": [ [ 138.629541, -34.9183885 ], [ 138.6296767, -34.9200808 ] ] } },
{ "type": "Feature", "properties": { "osm_id": "711811789", "road_name": null, "highway": "service", "maxspeed_kmh": 40.0, "length_km": 0.024448865247493509 }, "geometry": { "type": "LineString", "coordinates": [ [ 138.697226699999987, -34.9660488 ], [ 138.6974232, -34.9659079 ] ] } },
{ "type": "Feature", "properties": { "osm_id": "711811791", "road_name": null, "highway": "service", "maxspeed_kmh": 40.0, "length_km": 0.029677505136596893 }, "geometry": { "type": "LineString", "coordinates": [ [ 138.697481, -34.966206 ], [ 138.6971666, -34.966255500000017 ] ] } },
{ "type": "Feature", "properties": { "osm_id": "711811792", "road_name": null, "highway": "service", "maxspeed_kmh": 40.0, "length_km": 0.095642867872385295 }, "geometry": { "type": "LineString", "coordinates": [ [ 138.6968857, -34.9670403 ], [ 138.6971666, -34.966255500000017 ] ] } },
{ "type": "Feature", "properties": { "osm_id": "711839473", "road_name": null, "highway": "service", "maxspeed_kmh": 40.0, "length_km": 0.011723125401909793 }, "geometry": { "type": "LineString", "coordinates": [ [ 138.697001300000011, -34.9670846 ], [ 138.6968857, -34.9670403 ] ] } },
{ "type": "Feature", "properties": { "osm_id": "711850544", "road_name": "Fifth Street", "highway": "residential", "maxspeed_kmh": 40.0, "length_km": 0.25722641589962913 }, "geometry": { "type": "LineString", "coordinates": [ [ 138.5791152, -34.9054094 ], [ 138.57693, -34.9039737 ] ] } },
{ "type": "Feature", "properties": { "osm_id": "711850768", "road_name": "East Street", "highway": "residential", "maxspeed_kmh": 40.0, "length_km": 0.25853881826296377 }, "geometry": { "type": "LineString", "coordinates": [ [ 138.5817597, -34.8977463 ], [ 138.5799575, -34.8995217 ] ] } },
{ "type": "Feature", "properties": { "osm_id": "711987563", "road_name": "Jetty Road", "highway": "tertiary", "maxspeed_kmh": 40.0, "length_km": 0.011683759392257853 }, "geometry": { "type": "LineString", "coordinates": [ [ 138.5202509, -34.9800032 ], [ 138.520131600000013, -34.9800392 ] ] } },
{ "type": "Feature", "properties": { "osm_id": "717463311", "road_name": "Charles Street", "highway": "residential", "maxspeed_kmh": 40.0, "length_km": 0.33173996828951385 }, "geometry": { "type": "LineString", "coordinates": [ [ 138.6258496, -34.9277721 ], [ 138.625611099999986, -34.9248088 ] ] } },
{ "type": "Feature", "properties": { "osm_id": "732683630", "road_name": "Sir Reginald Ansett Drive", "highway": "residential", "maxspeed_kmh": 40.0, "length_km": 0.015500239373418712 }, "geometry": { "type": "LineString", "coordinates": [ [ 138.5177942, -34.9446894 ], [ 138.5176277, -34.9446681 ] ] } },
{ "type": "Feature", "properties": { "osm_id": "739677508", "road_name": "Ashwin Parade", "highway": "tertiary", "maxspeed_kmh": 40.0, "length_km": 0.023437562387881968 }, "geometry": { "type": "LineString", "coordinates": [ [ 138.5653222, -34.9146784 ], [ 138.565576099999987, -34.9146617 ] ] } },
{ "type": "Feature", "properties": { "osm_id": "741113170", "road_name": "Chief Street", "highway": "tertiary", "maxspeed_kmh": 40.0, "length_km": 0.12728850144559231 }, "geometry": { "type": "LineString", "coordinates": [ [ 138.5724021, -34.905258299999986 ], [ 138.5732711, -34.9043718 ] ] } },
{ "type": "Feature", "properties": { "osm_id": "741948948", "road_name": "South Road", "highway": "trunk", "maxspeed_kmh": 40.0, "length_km": 0.049592003470531776 }, "geometry": { "type": "LineString", "coordinates": [ [ 138.5656707, -34.9151925 ], [ 138.565586599999989, -34.914754 ] ] } },
{ "type": "Feature", "properties": { "osm_id": "742076938", "road_name": "St Clair Avenue", "highway": "residential", "maxspeed_kmh": 40.0, "length_km": 0.041583914240166109 }, "geometry": { "type": "LineString", "coordinates": [ [ 138.5305289, -34.8685349 ], [ 138.5300827, -34.8684876 ] ] } },
{ "type": "Feature", "properties": { "osm_id": "742076939", "road_name": "St Clair Avenue", "highway": "residential", "maxspeed_kmh": 40.0, "length_km": 0.06788086657686751 }, "geometry": { "type": "LineString", "coordinates": [ [ 138.5300827, -34.8684876 ], [ 138.529347800000011, -34.868439500000015 ] ] } },
{ "type": "Feature", "properties": { "osm_id": "742331368", "road_name": "Magill Road", "highway": "secondary", "maxspeed_kmh": 40.0, "length_km": 0.0094769792582669338 }, "geometry": { "type": "LineString", "coordinates": [ [ 138.675994300000013, -34.9130076 ], [ 138.6760971, -34.9130022 ] ] } },
{ "type": "Feature", "properties": { "osm_id": "744806249", "road_name": "Threlfall Avenue", "highway": "residential", "maxspeed_kmh": 40.0, "length_km": 0.067700587617590638 }, "geometry": { "type": "LineString", "coordinates": [ [ 138.62632450000001, -34.9242598 ], [ 138.625590100000011, -34.9242985 ] ] } },
{ "type": "Feature", "properties": { "osm_id": "749465595", "road_name": "Pope Court", "highway": "residential", "maxspeed_kmh": 40.0, "length_km": 0.18264169067300534 }, "geometry": { "type": "LineString", "coordinates": [ [ 138.54497520000001, -34.8911843 ], [ 138.545138799999989, -34.8928053 ] ] } },
{ "type": "Feature", "properties": { "osm_id": "750628298", "road_name": "John Street", "highway": "residential", "maxspeed_kmh": 40.0, "length_km": 0.53479922370782784 }, "geometry": { "type": "LineString", "coordinates": [ [ 138.645301, -34.900012900000014 ], [ 138.6394981, -34.9002744 ] ] } },
{ "type": "Feature", "properties": { "osm_id": "750628299", "road_name": "Ashbrook Avenue", "highway": "residential", "maxspeed_kmh": 40.0, "length_km": 0.33169680052154205 }, "geometry": { "type": "LineString", "coordinates": [ [ 138.645357500000017, -34.8999627 ], [ 138.64515750000001, -34.8969976 ] ] } },
{ "type": "Feature", "properties": { "osm_id": "758312842", "road_name": "East Street", "highway": "residential", "maxspeed_kmh": 40.0, "length_km": 0.11845658753064889 }, "geometry": { "type": "LineString", "coordinates": [ [ 138.5743589, -34.9052012 ], [ 138.573555199999987, -34.9060294 ] ] } },
{ "type": "Feature", "properties": { "osm_id": "764334634", "road_name": "Reynell Street", "highway": "residential", "maxspeed_kmh": 40.0, "length_km": 0.26282021403578015 }, "geometry": { "type": "LineString", "coordinates": [ [ 138.5621298, -34.8866922 ], [ 138.5599616, -34.8851799 ] ] } },
{ "type": "Feature", "properties": { "osm_id": "764334636", "road_name": "Yallum Terrace", "highway": "residential", "maxspeed_kmh": 40.0, "length_km": 0.16100894095022744 }, "geometry": { "type": "LineString", "coordinates": [ [ 138.551763200000011, -34.8813882 ], [ 138.5503974, -34.8804879 ] ] } },
{ "type": "Feature", "properties": { "osm_id": "768282043", "road_name": "Conyngham Street", "highway": "tertiary", "maxspeed_kmh": 40.0, "length_km": 0.0174784095551117 }, "geometry": { "type": "LineString", "coordinates": [ [ 138.6336224, -34.9398691 ], [ 138.633611, -34.9397129 ] ] } },
{ "type": "Feature", "properties": { "osm_id": "768371828", "road_name": null, "highway": "trunk_link", "maxspeed_kmh": 40.0, "length_km": 0.018613918386886249 }, "geometry": { "type": "LineString", "coordinates": [ [ 138.5793918, -34.9236222 ], [ 138.5791896, -34.9236166 ] ] } },
{ "type": "Feature", "properties": { "osm_id": "768629387", "road_name": "Harrow Road", "highway": "tertiary", "maxspeed_kmh": 40.0, "length_km": 0.587099583144154 }, "geometry": { "type": "LineString", "coordinates": [ [ 138.6236285, -34.9123364 ], [ 138.6189166, -34.9087931 ] ] } },
{ "type": "Feature", "properties": { "osm_id": "768659505", "road_name": "Hawker Street", "highway": "tertiary", "maxspeed_kmh": 40.0, "length_km": 0.051781776320246137 }, "geometry": { "type": "LineString", "coordinates": [ [ 138.569690900000012, -34.8928459 ], [ 138.5692372, -34.8925719 ] ] } },
{ "type": "Feature", "properties": { "osm_id": "775185648", "road_name": "Jetty Road", "highway": "tertiary", "maxspeed_kmh": 40.0, "length_km": 0.28566977784369679 }, "geometry": { "type": "LineString", "coordinates": [ [ 138.4864701, -34.8253031 ], [ 138.4892816, -34.826381399999988 ] ] } },
{ "type": "Feature", "properties": { "osm_id": "775897368", "road_name": "Military Road", "highway": "residential", "maxspeed_kmh": 40.0, "length_km": 0.05166230130870457 }, "geometry": { "type": "LineString", "coordinates": [ [ 138.496973200000014, -34.925086 ], [ 138.4972415, -34.9254922 ] ] } },
{ "type": "Feature", "properties": { "osm_id": "780858425", "road_name": "Anderson Drive", "highway": "unclassified", "maxspeed_kmh": 40.0, "length_km": 0.034471361982174951 }, "geometry": { "type": "LineString", "coordinates": [ [ 138.639008600000011, -34.787145 ], [ 138.638791200000014, -34.7873961 ] ] } },
{ "type": "Feature", "properties": { "osm_id": "780858426", "road_name": "Anderson Drive", "highway": "unclassified", "maxspeed_kmh": 40.0, "length_km": 0.022626366999481274 }, "geometry": { "type": "LineString", "coordinates": [ [ 138.639156500000013, -34.7869833 ], [ 138.639008600000011, -34.787145 ] ] } },
{ "type": "Feature", "properties": { "osm_id": "782259841", "road_name": "Grant Avenue", "highway": "residential", "maxspeed_kmh": 40.0, "length_km": 0.29305764484995034 }, "geometry": { "type": "LineString", "coordinates": [ [ 138.6247921, -34.9323605 ], [ 138.62797230000001, -34.9322045 ] ] } },
{ "type": "Feature", "properties": { "osm_id": "782419745", "road_name": "Richmond Street", "highway": "residential", "maxspeed_kmh": 40.0, "length_km": 0.056313130308534104 }, "geometry": { "type": "LineString", "coordinates": [ [ 138.613, -34.9101757 ], [ 138.6135945, -34.910056 ] ] } },
{ "type": "Feature", "properties": { "osm_id": "782984977", "road_name": "Richmond Street", "highway": "residential", "maxspeed_kmh": 40.0, "length_km": 0.073046773771323098 }, "geometry": { "type": "LineString", "coordinates": [ [ 138.6135945, -34.910056 ], [ 138.6143569, -34.9098758 ] ] } },
{ "type": "Feature", "properties": { "osm_id": "784218374", "road_name": "Balcombe Avenue", "highway": "residential", "maxspeed_kmh": 40.0, "length_km": 0.076092165026238417 }, "geometry": { "type": "LineString", "coordinates": [ [ 138.529437600000023, -34.8953168 ], [ 138.5302628, -34.895276 ] ] } },
{ "type": "Feature", "properties": { "osm_id": "784218375", "road_name": "Balcombe Avenue", "highway": "residential", "maxspeed_kmh": 40.0, "length_km": 0.095682722950738625 }, "geometry": { "type": "LineString", "coordinates": [ [ 138.530794, -34.8952516 ], [ 138.5318316, -34.8952 ] ] } },
{ "type": "Feature", "properties": { "osm_id": "786600507", "road_name": "Woodville Road", "highway": "secondary", "maxspeed_kmh": 40.0, "length_km": 0.06707314695397977 }, "geometry": { "type": "LineString", "coordinates": [ [ 138.531818500000014, -34.8847229 ], [ 138.5322287, -34.8842267 ] ] } },
{ "type": "Feature", "properties": { "osm_id": "787924158", "road_name": "George Street", "highway": "residential", "maxspeed_kmh": 40.0, "length_km": 0.18306939514025419 }, "geometry": { "type": "LineString", "coordinates": [ [ 138.6252652, -34.9126116 ], [ 138.6262318, -34.914044 ] ] } },
{ "type": "Feature", "properties": { "osm_id": "787924159", "road_name": "Sydenham Road", "highway": "residential", "maxspeed_kmh": 40.0, "length_km": 0.029033851754455567 }, "geometry": { "type": "LineString", "coordinates": [ [ 138.6271246, -34.9154534 ], [ 138.6271448, -34.9157128 ] ] } },
{ "type": "Feature", "properties": { "osm_id": "787934656", "road_name": "Harrow Road", "highway": "tertiary", "maxspeed_kmh": 40.0, "length_km": 0.06721091859345063 }, "geometry": { "type": "LineString", "coordinates": [ [ 138.624167300000011, -34.9127427 ], [ 138.6236285, -34.9123364 ] ] } },
{ "type": "Feature", "properties": { "osm_id": "789724151", "road_name": "Mount Barker Road", "highway": "primary", "maxspeed_kmh": 40.0, "length_km": 0.011787532002573037 }, "geometry": { "type": "LineString", "coordinates": [ [ 138.716752, -35.0053535 ], [ 138.7168198, -35.0054431 ] ] } },
{ "type": "Feature", "properties": { "osm_id": "789724152", "road_name": "Mount Barker Road", "highway": "primary", "maxspeed_kmh": 40.0, "length_km": 0.022469835396971453 }, "geometry": { "type": "LineString", "coordinates": [ [ 138.7168198, -35.0054431 ], [ 138.716956900000014, -35.0056097 ] ] } },
{ "type": "Feature", "properties": { "osm_id": "789724153", "road_name": "Mount Barker Road", "highway": "primary", "maxspeed_kmh": 40.0, "length_km": 0.10657884909260601 }, "geometry": { "type": "LineString", "coordinates": [ [ 138.716956900000014, -35.0056097 ], [ 138.7177792, -35.0062806 ] ] } },
{ "type": "Feature", "properties": { "osm_id": "789791556", "road_name": "Mount Barker Road", "highway": "primary", "maxspeed_kmh": 40.0, "length_km": 0.0089984840566470787 }, "geometry": { "type": "LineString", "coordinates": [ [ 138.7161865, -35.0038004 ], [ 138.716198100000014, -35.003880399999986 ] ] } },
{ "type": "Feature", "properties": { "osm_id": "789984682", "road_name": "South Road", "highway": "trunk", "maxspeed_kmh": 40.0, "length_km": 0.06016323526968502 }, "geometry": { "type": "LineString", "coordinates": [ [ 138.5655224, -34.914334599999989 ], [ 138.5653929, -34.9138067 ] ] } },
{ "type": "Feature", "properties": { "osm_id": "789984683", "road_name": "South Road", "highway": "trunk", "maxspeed_kmh": 40.0, "length_km": 0.036872687288445526 }, "geometry": { "type": "LineString", "coordinates": [ [ 138.565576099999987, -34.9146617 ], [ 138.5655224, -34.914334599999989 ] ] } },
{ "type": "Feature", "properties": { "osm_id": "789984684", "road_name": "Ashwin Parade", "highway": "tertiary", "maxspeed_kmh": 40.0, "length_km": 0.1689925426242723 }, "geometry": { "type": "LineString", "coordinates": [ [ 138.563090100000011, -34.9143923 ], [ 138.5648793, -34.9146953 ] ] } },
{ "type": "Feature", "properties": { "osm_id": "789985350", "road_name": "South Road", "highway": "trunk", "maxspeed_kmh": 40.0, "length_km": 0.036770535521960676 }, "geometry": { "type": "LineString", "coordinates": [ [ 138.566235299999988, -34.9146375 ], [ 138.5663141, -34.91496020000001 ] ] } },
{ "type": "Feature", "properties": { "osm_id": "790013041", "road_name": "South Road", "highway": "trunk", "maxspeed_kmh": 40.0, "length_km": 0.093396696321910139 }, "geometry": { "type": "LineString", "coordinates": [ [ 138.565924200000012, -34.913773100000014 ], [ 138.566216700000012, -34.9145737 ] ] } },
{ "type": "Feature", "properties": { "osm_id": "790013398", "road_name": "Ashwin Parade", "highway": "tertiary", "maxspeed_kmh": 40.0, "length_km": 0.096902092277263471 }, "geometry": { "type": "LineString", "coordinates": [ [ 138.565586599999989, -34.914754 ], [ 138.564535400000011, -34.9147666 ] ] } },
{ "type": "Feature", "properties": { "osm_id": "790014886", "road_name": "South Road", "highway": "trunk", "maxspeed_kmh": 40.0, "length_km": 0.073394171257369148 }, "geometry": { "type": "LineString", "coordinates": [ [ 138.5662666, -34.9163632 ], [ 138.5658741, -34.9157928 ] ] } },
{ "type": "Feature", "properties": { "osm_id": "790017779", "road_name": "West Thebarton Road", "highway": "tertiary", "maxspeed_kmh": 40.0, "length_km": 0.077578638299177397 }, "geometry": { "type": "LineString", "coordinates": [ [ 138.5673411, -34.9144272 ], [ 138.566515, -34.9145659 ] ] } },
{ "type": "Feature", "properties": { "osm_id": "804843732", "road_name": "Henry Street", "highway": "residential", "maxspeed_kmh": 40.0, "length_km": 0.4766455822184486 }, "geometry": { "type": "LineString", "coordinates": [ [ 138.630743700000011, -34.9119475 ], [ 138.6262318, -34.914044 ] ] } },
{ "type": "Feature", "properties": { "osm_id": "804843733", "road_name": "Ann Street", "highway": "residential", "maxspeed_kmh": 40.0, "length_km": 0.40337147859758232 }, "geometry": { "type": "LineString", "coordinates": [ [ 138.630743700000011, -34.9119475 ], [ 138.632703, -34.9151781 ] ] } },
{ "type": "Feature", "properties": { "osm_id": "815698637", "road_name": "Vine Street", "highway": "residential", "maxspeed_kmh": 40.0, "length_km": 0.78752606564047134 }, "geometry": { "type": "LineString", "coordinates": [ [ 138.593491699999987, -34.8864091 ], [ 138.584949099999989, -34.8868007 ] ] } },
{ "type": "Feature", "properties": { "osm_id": "839521187", "road_name": "The Valley Road", "highway": "unclassified", "maxspeed_kmh": 40.0, "length_km": 1.9175283879491367 }, "geometry": { "type": "LineString", "coordinates": [ [ 138.657120600000013, -35.0177016 ], [ 138.6555244, -35.0177095 ], [ 138.654077300000012, -35.0172676 ], [ 138.652873199999988, -35.0166586 ], [ 138.652027299999986, -35.0159109 ], [ 138.6515861, -35.0147914 ], [ 138.650942500000014, -35.01405960000001 ], [ 138.6504732, -35.0137968 ], [ 138.6496228, -35.0138951 ], [ 138.649358, -35.0137621 ], [ 138.647012600000011, -35.0117806 ], [ 138.645341800000011, -35.010699799999983 ], [ 138.644374199999987, -35.0091725 ], [ 138.6414397, -35.0083556 ] ] } },
{ "type": "Feature", "properties": { "osm_id": "850715156", "road_name": "Karra Tapa Lane", "highway": "residential", "maxspeed_kmh": 40.0, "length_km": 0.071665712104938564 }, "geometry": { "type": "LineString", "coordinates": [ [ 138.5759086, -34.9058454 ], [ 138.576397, -34.905345699999984 ] ] } },
{ "type": "Feature", "properties": { "osm_id": "864533903", "road_name": "Conyngham Street", "highway": "tertiary", "maxspeed_kmh": 40.0, "length_km": 0.078851859000641775 }, "geometry": { "type": "LineString", "coordinates": [ [ 138.6336734, -34.9405738 ], [ 138.6336224, -34.9398691 ] ] } },
{ "type": "Feature", "properties": { "osm_id": "871768754", "road_name": "Gibson Street", "highway": "residential", "maxspeed_kmh": 40.0, "length_km": 0.15119328120834372 }, "geometry": { "type": "LineString", "coordinates": [ [ 138.577156, -34.9058455 ], [ 138.578197499999987, -34.9047988 ] ] } },
{ "type": "Feature", "properties": { "osm_id": "871768755", "road_name": "Gibson Street", "highway": "residential", "maxspeed_kmh": 40.0, "length_km": 0.067159083672949621 }, "geometry": { "type": "LineString", "coordinates": [ [ 138.578197499999987, -34.9047988 ], [ 138.578670499999987, -34.9043484 ] ] } },
{ "type": "Feature", "properties": { "osm_id": "871768756", "road_name": "Gibson Street", "highway": "residential", "maxspeed_kmh": 40.0, "length_km": 0.29021017948016714 }, "geometry": { "type": "LineString", "coordinates": [ [ 138.578670499999987, -34.9043484 ], [ 138.5766792, -34.906353599999989 ] ] } },
{ "type": "Feature", "properties": { "osm_id": "871768757", "road_name": "Gibson Street", "highway": "residential", "maxspeed_kmh": 40.0, "length_km": 0.030739720113975102 }, "geometry": { "type": "LineString", "coordinates": [ [ 138.5766792, -34.906353599999989 ], [ 138.576465500000012, -34.9065651 ] ] } },
{ "type": "Feature", "properties": { "osm_id": "871768758", "road_name": "Gibson Street", "highway": "residential", "maxspeed_kmh": 40.0, "length_km": 0.071821424055488164 }, "geometry": { "type": "LineString", "coordinates": [ [ 138.5766792, -34.906353599999989 ], [ 138.577156, -34.9058455 ] ] } },
{ "type": "Feature", "properties": { "osm_id": "871911637", "road_name": "Seaview Road", "highway": "secondary", "maxspeed_kmh": 40.0, "length_km": 0.040124843867382326 }, "geometry": { "type": "LineString", "coordinates": [ [ 138.4941382, -34.9191293 ], [ 138.4940517, -34.9187775 ] ] } },
{ "type": "Feature", "properties": { "osm_id": "871911639", "road_name": "Military Road", "highway": "residential", "maxspeed_kmh": 40.0, "length_km": 0.23677529069992367 }, "geometry": { "type": "LineString", "coordinates": [ [ 138.4953367, -34.9201886 ], [ 138.495007500000014, -34.918096 ] ] } },
{ "type": "Feature", "properties": { "osm_id": "871911642", "road_name": "Military Road", "highway": "residential", "maxspeed_kmh": 40.0, "length_km": 0.23466643355463246 }, "geometry": { "type": "LineString", "coordinates": [ [ 138.495007500000014, -34.918096 ], [ 138.4954171, -34.9201592 ] ] } },
{ "type": "Feature", "properties": { "osm_id": "896342343", "road_name": "Brown Hill Creek Road", "highway": "residential", "maxspeed_kmh": 40.0, "length_km": 0.24362314840235891 }, "geometry": { "type": "LineString", "coordinates": [ [ 138.631697800000012, -34.9913891 ], [ 138.630841, -34.9914162 ], [ 138.62935, -34.9906902 ] ] } },
{ "type": "Feature", "properties": { "osm_id": "908616752", "road_name": "Reserve Parade", "highway": "residential", "maxspeed_kmh": 40.0, "length_km": 0.016759482064005692 }, "geometry": { "type": "LineString", "coordinates": [ [ 138.531378, -34.892317 ], [ 138.5315597, -34.8923074 ] ] } },
{ "type": "Feature", "properties": { "osm_id": "909545092", "road_name": "Military Road", "highway": "residential", "maxspeed_kmh": 40.0, "length_km": 0.041173186952236367 }, "geometry": { "type": "LineString", "coordinates": [ [ 138.4954171, -34.9201592 ], [ 138.49551, -34.9205182 ] ] } },
{ "type": "Feature", "properties": { "osm_id": "909545093", "road_name": "Military Road", "highway": "residential", "maxspeed_kmh": 40.0, "length_km": 0.040283808765406222 }, "geometry": { "type": "LineString", "coordinates": [ [ 138.49551, -34.9205182 ], [ 138.4953367, -34.9201886 ] ] } },
{ "type": "Feature", "properties": { "osm_id": "915354058", "road_name": "Beulah Road", "highway": "residential", "maxspeed_kmh": 40.0, "length_km": 0.14816066878468975 }, "geometry": { "type": "LineString", "coordinates": [ [ 138.6583049, -34.9170165 ], [ 138.6569979, -34.9170861 ], [ 138.6567479, -34.9169649 ] ] } },
{ "type": "Feature", "properties": { "osm_id": "921558340", "road_name": "Tourbridge Drive", "highway": "residential", "maxspeed_kmh": 40.0, "length_km": 0.22257955002903262 }, "geometry": { "type": "LineString", "coordinates": [ [ 138.494831799999986, -34.8809753 ], [ 138.497232200000042, -34.8808831 ] ] } },
{ "type": "Feature", "properties": { "osm_id": "921558345", "road_name": "Phillips Street", "highway": "residential", "maxspeed_kmh": 40.0, "length_km": 0.032862121818899352 }, "geometry": { "type": "LineString", "coordinates": [ [ 138.494741299999987, -34.8810452 ], [ 138.4947584, -34.881339 ] ] } },
{ "type": "Feature", "properties": { "osm_id": "936308773", "road_name": "Brown Hill Creek Road", "highway": "residential", "maxspeed_kmh": 40.0, "length_km": 0.07182591253086848 }, "geometry": { "type": "LineString", "coordinates": [ [ 138.6505163, -34.9887771 ], [ 138.649752799999987, -34.988913499999988 ] ] } },
{ "type": "Feature", "properties": { "osm_id": "953252691", "road_name": "Grangeville Lane", "highway": "residential", "maxspeed_kmh": 40.0, "length_km": 0.13518913534735236 }, "geometry": { "type": "LineString", "coordinates": [ [ 138.5224523, -34.8834276 ], [ 138.522168, -34.8837901 ], [ 138.5227673, -34.8843761 ] ] } },
{ "type": "Feature", "properties": { "osm_id": "953253159", "road_name": "Caversham Lane", "highway": "residential", "maxspeed_kmh": 40.0, "length_km": 0.10136557285335815 }, "geometry": { "type": "LineString", "coordinates": [ [ 138.523537, -34.8850392 ], [ 138.522915500000011, -34.884295299999984 ] ] } },
{ "type": "Feature", "properties": { "osm_id": "953262229", "road_name": null, "highway": "service", "maxspeed_kmh": 40.0, "length_km": 0.075159227589840213 }, "geometry": { "type": "LineString", "coordinates": [ [ 138.573887, -34.8893318 ], [ 138.574337899999989, -34.8887713 ] ] } },
{ "type": "Feature", "properties": { "osm_id": "953262230", "road_name": null, "highway": "service", "maxspeed_kmh": 40.0, "length_km": 0.093040960519161761 }, "geometry": { "type": "LineString", "coordinates": [ [ 138.574568199999987, -34.889748499999989 ], [ 138.5750557, -34.889299 ], [ 138.575302100000016, -34.8893731 ] ] } },
{ "type": "Feature", "properties": { "osm_id": "953264250", "road_name": null, "highway": "service", "maxspeed_kmh": 40.0, "length_km": 0.072808816494250972 }, "geometry": { "type": "LineString", "coordinates": [ [ 138.5236447, -34.891377199999987 ], [ 138.5236004, -34.8907265 ] ] } },
{ "type": "Feature", "properties": { "osm_id": "953880766", "road_name": "Pym Street", "highway": "tertiary", "maxspeed_kmh": 40.0, "length_km": 0.1353273766751775 }, "geometry": { "type": "LineString", "coordinates": [ [ 138.5845885, -34.8818406 ], [ 138.5831217, -34.881922 ] ] } },
{ "type": "Feature", "properties": { "osm_id": "956436766", "road_name": "Mulberry Road", "highway": "residential", "maxspeed_kmh": 40.0, "length_km": 0.24619370216652289 }, "geometry": { "type": "LineString", "coordinates": [ [ 138.6287768, -34.9423832 ], [ 138.6286254, -34.941857599999985 ], [ 138.6266498, -34.9419498 ] ] } },
{ "type": "Feature", "properties": { "osm_id": "956436767", "road_name": "Dianella Street", "highway": "residential", "maxspeed_kmh": 40.0, "length_km": 0.1007631296334785 }, "geometry": { "type": "LineString", "coordinates": [ [ 138.6284276, -34.9418668 ], [ 138.6283527, -34.9409668 ] ] } },
{ "type": "Feature", "properties": { "osm_id": "956436768", "road_name": "Tea Tree Street", "highway": "residential", "maxspeed_kmh": 40.0, "length_km": 0.098897118632237518 }, "geometry": { "type": "LineString", "coordinates": [ [ 138.627681700000011, -34.9410148 ], [ 138.6277503, -34.9418984 ] ] } },
{ "type": "Feature", "properties": { "osm_id": "956436769", "road_name": "Lomandra Avenue", "highway": "residential", "maxspeed_kmh": 40.0, "length_km": 0.42021063055831687 }, "geometry": { "type": "LineString", "coordinates": [ [ 138.626587, -34.9411149 ], [ 138.628961299999986, -34.9409456 ], [ 138.6291546, -34.9418368 ], [ 138.6301829, -34.9417904 ] ] } },
{ "type": "Feature", "properties": { "osm_id": "956436770", "road_name": "Harriet Lucy Drive", "highway": "residential", "maxspeed_kmh": 40.0, "length_km": 0.19418816122906235 }, "geometry": { "type": "LineString", "coordinates": [ [ 138.6266498, -34.9419498 ], [ 138.6264529, -34.940227899999989 ] ] } },
{ "type": "Feature", "properties": { "osm_id": "956436771", "road_name": "Blue Gum Drive", "highway": "residential", "maxspeed_kmh": 40.0, "length_km": 0.33205579984585809 }, "geometry": { "type": "LineString", "coordinates": [ [ 138.6265995, -34.9413292 ], [ 138.6254717, -34.9414828 ], [ 138.625601, -34.9426557 ], [ 138.626573799999989, -34.9426371 ] ] } },
{ "type": "Feature", "properties": { "osm_id": "959037644", "road_name": "Norman Road", "highway": "residential", "maxspeed_kmh": 40.0, "length_km": 0.23099212902198565 }, "geometry": { "type": "LineString", "coordinates": [ [ 138.496365, -34.8816126 ], [ 138.4938618, -34.8816805 ] ] } },
{ "type": "Feature", "properties": { "osm_id": "959037645", "road_name": "Walter Lane", "highway": "residential", "maxspeed_kmh": 40.0, "length_km": 0.14830222761053524 }, "geometry": { "type": "LineString", "coordinates": [ [ 138.4947584, -34.881339 ], [ 138.4963687, -34.8813094 ] ] } },
{ "type": "Feature", "properties": { "osm_id": "959037646", "road_name": "Walter Lane", "highway": "residential", "maxspeed_kmh": 40.0, "length_km": 0.082994643811529503 }, "geometry": { "type": "LineString", "coordinates": [ [ 138.4947584, -34.881339 ], [ 138.493857, -34.881344 ] ] } },
{ "type": "Feature", "properties": { "osm_id": "959037647", "road_name": "Walter Lane", "highway": "residential", "maxspeed_kmh": 40.0, "length_km": 0.037597475058986439 }, "geometry": { "type": "LineString", "coordinates": [ [ 138.493857, -34.881344 ], [ 138.4938618, -34.8816805 ] ] } },
{ "type": "Feature", "properties": { "osm_id": "959037648", "road_name": "Phillips Street", "highway": "residential", "maxspeed_kmh": 40.0, "length_km": 0.036632162262265504 }, "geometry": { "type": "LineString", "coordinates": [ [ 138.4947584, -34.881339 ], [ 138.4947716, -34.8816667 ] ] } },
{ "type": "Feature", "properties": { "osm_id": "959037649", "road_name": "Haru Lane", "highway": "residential", "maxspeed_kmh": 40.0, "length_km": 0.07512183251726097 }, "geometry": { "type": "LineString", "coordinates": [ [ 138.4955685, -34.8809756 ], [ 138.4955881, -34.8816478 ] ] } },
{ "type": "Feature", "properties": { "osm_id": "959037653", "road_name": "Neighbour Road", "highway": "residential", "maxspeed_kmh": 40.0, "length_km": 0.072647118235389441 }, "geometry": { "type": "LineString", "coordinates": [ [ 138.496365, -34.8816126 ], [ 138.4963577, -34.8809649 ] ] } },
{ "type": "Feature", "properties": { "osm_id": "959041501", "road_name": "Tea Tree Lane", "highway": "residential", "maxspeed_kmh": 40.0, "length_km": 0.055647742831989963 }, "geometry": { "type": "LineString", "coordinates": [ [ 138.4995011, -34.8813531 ], [ 138.499512, -34.8808551 ] ] } },
{ "type": "Feature", "properties": { "osm_id": "987113733", "road_name": "Harrington Street", "highway": "residential", "maxspeed_kmh": 40.0, "length_km": 0.35967195256261875 }, "geometry": { "type": "LineString", "coordinates": [ [ 138.5937419, -34.891973299999989 ], [ 138.5898389, -34.8921334 ] ] } },
{ "type": "Feature", "properties": { "osm_id": "992700232", "road_name": "McCole Circuit", "highway": "residential", "maxspeed_kmh": 40.0, "length_km": 0.13239005503778684 }, "geometry": { "type": "LineString", "coordinates": [ [ 138.5571567, -34.9077339 ], [ 138.5568091, -34.907749 ], [ 138.556663500000013, -34.9068774 ] ] } },
{ "type": "Feature", "properties": { "osm_id": "1006110240", "road_name": "University Boulevard", "highway": "residential", "maxspeed_kmh": 40.0, "length_km": 0.22202266661492734 }, "geometry": { "type": "LineString", "coordinates": [ [ 138.621043, -34.8133599 ], [ 138.621110499999986, -34.8113835 ] ] } },
{ "type": "Feature", "properties": { "osm_id": "1007173557", "road_name": "Semaphore Road", "highway": "secondary", "maxspeed_kmh": 40.0, "length_km": 0.01681893972124764 }, "geometry": { "type": "LineString", "coordinates": [ [ 138.4803789, -34.8381762 ], [ 138.4805574, -34.838207799999985 ] ] } },
{ "type": "Feature", "properties": { "osm_id": "1007485055", "road_name": "Hawker Street", "highway": "tertiary", "maxspeed_kmh": 40.0, "length_km": 0.030546216094159306 }, "geometry": { "type": "LineString", "coordinates": [ [ 138.5692372, -34.8925719 ], [ 138.5689372, -34.8924593 ] ] } },
{ "type": "Feature", "properties": { "osm_id": "1007487228", "road_name": "South Road", "highway": "trunk", "maxspeed_kmh": 40.0, "length_km": 0.010355931382800459 }, "geometry": { "type": "LineString", "coordinates": [ [ 138.565586599999989, -34.914754 ], [ 138.565576099999987, -34.9146617 ] ] } },
{ "type": "Feature", "properties": { "osm_id": "1020966112", "road_name": "Baliol Street", "highway": "residential", "maxspeed_kmh": 40.0, "length_km": 0.24510962620261717 }, "geometry": { "type": "LineString", "coordinates": [ [ 138.6223004, -34.9153809 ], [ 138.6205472, -34.9137287 ] ] } },
{ "type": "Feature", "properties": { "osm_id": "1020983982", "road_name": "Nora Street", "highway": "residential", "maxspeed_kmh": 40.0, "length_km": 0.27965963797266929 }, "geometry": { "type": "LineString", "coordinates": [ [ 138.6400093, -34.9086056 ], [ 138.6369786, -34.908739 ] ] } },
{ "type": "Feature", "properties": { "osm_id": "1027717611", "road_name": "Semaphore Road", "highway": "secondary", "maxspeed_kmh": 40.0, "length_km": 0.11769126171224666 }, "geometry": { "type": "LineString", "coordinates": [ [ 138.4871837, -34.839521 ], [ 138.485935899999987, -34.8392947 ] ] } },
{ "type": "Feature", "properties": { "osm_id": "1027717615", "road_name": "Semaphore Road", "highway": "secondary", "maxspeed_kmh": 40.0, "length_km": 0.062251887037862219 }, "geometry": { "type": "LineString", "coordinates": [ [ 138.485935899999987, -34.8392947 ], [ 138.485274299999986, -34.839181199999985 ] ] } },
{ "type": "Feature", "properties": { "osm_id": "1027717616", "road_name": "Semaphore Road", "highway": "secondary", "maxspeed_kmh": 40.0, "length_km": 0.11711506558330609 }, "geometry": { "type": "LineString", "coordinates": [ [ 138.4859542, -34.839223099999984 ], [ 138.487194499999987, -34.8394535 ] ] } },
{ "type": "Feature", "properties": { "osm_id": "1027717617", "road_name": "Semaphore Road", "highway": "secondary", "maxspeed_kmh": 40.0, "length_km": 0.11958718203835128 }, "geometry": { "type": "LineString", "coordinates": [ [ 138.485274299999986, -34.839181199999985 ], [ 138.4840045, -34.8389594 ] ] } },
{ "type": "Feature", "properties": { "osm_id": "1027717619", "road_name": "Semaphore Road", "highway": "secondary", "maxspeed_kmh": 40.0, "length_km": 0.062255813679815176 }, "geometry": { "type": "LineString", "coordinates": [ [ 138.4852926, -34.8391093 ], [ 138.4859542, -34.839223099999984 ] ] } },
{ "type": "Feature", "properties": { "osm_id": "1031889849", "road_name": "Leah Street", "highway": "tertiary", "maxspeed_kmh": 40.0, "length_km": 0.01770704874869997 }, "geometry": { "type": "LineString", "coordinates": [ [ 138.581429500000013, -34.95395 ], [ 138.5813569, -34.9538032 ] ] } },
{ "type": "Feature", "properties": { "osm_id": "1032476764", "road_name": "Little Charles Street", "highway": "service", "maxspeed_kmh": 40.0, "length_km": 0.01017181200772106 }, "geometry": { "type": "LineString", "coordinates": [ [ 138.6052549, -34.9471861 ], [ 138.6052483, -34.9470952 ] ] } },
{ "type": "Feature", "properties": { "osm_id": "1032476765", "road_name": "Little Charles Street", "highway": "service", "maxspeed_kmh": 40.0, "length_km": 0.0044080397853796301 }, "geometry": { "type": "LineString", "coordinates": [ [ 138.605257599999987, -34.9472255 ], [ 138.6052549, -34.9471861 ] ] } },
{ "type": "Feature", "properties": { "osm_id": "1035204860", "road_name": "Sir Reginald Ansett Drive", "highway": "residential", "maxspeed_kmh": 40.0, "length_km": 0.016336324281486143 }, "geometry": { "type": "LineString", "coordinates": [ [ 138.5181667, -34.9499031 ], [ 138.5183441, -34.9498962 ] ] } },
{ "type": "Feature", "properties": { "osm_id": "1035204861", "road_name": "Sir Reginald Ansett Drive", "highway": "residential", "maxspeed_kmh": 40.0, "length_km": 0.0033059672108321963 }, "geometry": { "type": "LineString", "coordinates": [ [ 138.5183441, -34.9498962 ], [ 138.5183707, -34.9499161 ] ] } },
{ "type": "Feature", "properties": { "osm_id": "1035210821", "road_name": "Sir Reginald Ansett Drive", "highway": "residential", "maxspeed_kmh": 40.0, "length_km": 0.044739864187793486 }, "geometry": { "type": "LineString", "coordinates": [ [ 138.518278100000032, -34.9446572 ], [ 138.5177942, -34.9446894 ] ] } },
{ "type": "Feature", "properties": { "osm_id": "1037435944", "road_name": null, "highway": "service", "maxspeed_kmh": 40.0, "length_km": 0.052185942873740954 }, "geometry": { "type": "LineString", "coordinates": [ [ 138.6970024, -34.9665068 ], [ 138.697222600000032, -34.9664993 ], [ 138.6972639, -34.9662282 ] ] } },
{ "type": "Feature", "properties": { "osm_id": "1037435945", "road_name": null, "highway": "service", "maxspeed_kmh": 40.0, "length_km": 0.09932532023303707 }, "geometry": { "type": "LineString", "coordinates": [ [ 138.6986252, -34.9662743 ], [ 138.6987035, -34.966623 ], [ 138.698516500000011, -34.9666588 ], [ 138.6984352, -34.9662881 ] ] } },
{ "type": "Feature", "properties": { "osm_id": "1037435946", "road_name": null, "highway": "service", "maxspeed_kmh": 40.0, "length_km": 0.093066853660133522 }, "geometry": { "type": "LineString", "coordinates": [ [ 138.6982999, -34.9662837 ], [ 138.6983325, -34.966579699999983 ], [ 138.698117, -34.9666238 ], [ 138.698045799999989, -34.966275399999986 ] ] } },
{ "type": "Feature", "properties": { "osm_id": "1037435947", "road_name": null, "highway": "service", "maxspeed_kmh": 40.0, "length_km": 0.060948856409763705 }, "geometry": { "type": "LineString", "coordinates": [ [ 138.697868, -34.9662696 ], [ 138.6979493, -34.9666655 ], [ 138.698117, -34.9666238 ] ] } },
{ "type": "Feature", "properties": { "osm_id": "1037435954", "road_name": null, "highway": "service", "maxspeed_kmh": 40.0, "length_km": 0.014251564435037526 }, "geometry": { "type": "LineString", "coordinates": [ [ 138.6988514, -34.9665708 ], [ 138.6988652, -34.9666979 ] ] } },
{ "type": "Feature", "properties": { "osm_id": "1061250576", "road_name": "Tynte Street", "highway": "tertiary", "maxspeed_kmh": 40.0, "length_km": 0.075466261890858102 }, "geometry": { "type": "LineString", "coordinates": [ [ 138.596697799999987, -34.9057774 ], [ 138.5959081, -34.9059596 ] ] } },
{ "type": "Feature", "properties": { "osm_id": "1061250579", "road_name": "Archer Street", "highway": "residential", "maxspeed_kmh": 40.0, "length_km": 0.074026977329926483 }, "geometry": { "type": "LineString", "coordinates": [ [ 138.597160699999989, -34.9071205 ], [ 138.596385700000013, -34.9072982 ] ] } },
{ "type": "Feature", "properties": { "osm_id": "1068186737", "road_name": "Avenue Road", "highway": "residential", "maxspeed_kmh": 40.0, "length_km": 0.3001347178708994 }, "geometry": { "type": "LineString", "coordinates": [ [ 138.590106100000014, -34.8950153 ], [ 138.586851700000011, -34.895187 ] ] } },
{ "type": "Feature", "properties": { "osm_id": "1081404579", "road_name": "Hone Street", "highway": "residential", "maxspeed_kmh": 40.0, "length_km": 0.044991312340644372 }, "geometry": { "type": "LineString", "coordinates": [ [ 138.625063899999986, -34.9469529 ], [ 138.6245762, -34.9469843 ] ] } },
{ "type": "Feature", "properties": { "osm_id": "1081404580", "road_name": "Hone Street", "highway": "residential", "maxspeed_kmh": 40.0, "length_km": 0.12146306796418609 }, "geometry": { "type": "LineString", "coordinates": [ [ 138.6245433, -34.9469853 ], [ 138.623225100000013, -34.947048 ] ] } },
{ "type": "Feature", "properties": { "osm_id": "1081404581", "road_name": "Hone Street", "highway": "residential", "maxspeed_kmh": 40.0, "length_km": 0.0030279164926092913 }, "geometry": { "type": "LineString", "coordinates": [ [ 138.6245762, -34.9469843 ], [ 138.6245433, -34.9469853 ] ] } },
{ "type": "Feature", "properties": { "osm_id": "1082446796", "road_name": "Cypress Crescent", "highway": "residential", "maxspeed_kmh": 40.0, "length_km": 0.14697397609824686 }, "geometry": { "type": "LineString", "coordinates": [ [ 138.6290448, -34.9410388 ], [ 138.6296958, -34.9410438 ], [ 138.6297688, -34.9418123 ] ] } },
{ "type": "Feature", "properties": { "osm_id": "1082446797", "road_name": "Dahlia Lane", "highway": "unclassified", "maxspeed_kmh": 40.0, "length_km": 0.061256941501169219 }, "geometry": { "type": "LineString", "coordinates": [ [ 138.629079, -34.9415144 ], [ 138.629743600000012, -34.9414788 ] ] } },
{ "type": "Feature", "properties": { "osm_id": "1084595742", "road_name": "Ninth Avenue", "highway": "residential", "maxspeed_kmh": 40.0, "length_km": 0.15452251824594029 }, "geometry": { "type": "LineString", "coordinates": [ [ 138.6200412, -34.9019863 ], [ 138.621002800000014, -34.9008524 ] ] } },
{ "type": "Feature", "properties": { "osm_id": "1087945814", "road_name": "Canterbury Terrace", "highway": "residential", "maxspeed_kmh": 40.0, "length_km": 0.19821527477477141 }, "geometry": { "type": "LineString", "coordinates": [ [ 138.5795622, -34.9619179 ], [ 138.5811109, -34.9606841 ] ] } },
{ "type": "Feature", "properties": { "osm_id": "1089965129", "road_name": "Drayton Street", "highway": "residential", "maxspeed_kmh": 40.0, "length_km": 0.046392078840615983 }, "geometry": { "type": "LineString", "coordinates": [ [ 138.574353699999989, -34.9065545 ], [ 138.574029599999989, -34.9068726 ] ] } },
{ "type": "Feature", "properties": { "osm_id": "1089965130", "road_name": null, "highway": "trunk_link", "maxspeed_kmh": 40.0, "length_km": 0.047139390147383754 }, "geometry": { "type": "LineString", "coordinates": [ [ 138.571231899999987, -34.904481 ], [ 138.5709043, -34.9048054 ] ] } },
{ "type": "Feature", "properties": { "osm_id": "1089965131", "road_name": "Anne Street", "highway": "trunk_link", "maxspeed_kmh": 40.0, "length_km": 0.0477135635076784 }, "geometry": { "type": "LineString", "coordinates": [ [ 138.5701095, -34.903735799999986 ], [ 138.569799100000012, -34.9040779 ] ] } },
{ "type": "Feature", "properties": { "osm_id": "1089965132", "road_name": "Welland Avenue", "highway": "residential", "maxspeed_kmh": 40.0, "length_km": 0.050978689043418089 }, "geometry": { "type": "LineString", "coordinates": [ [ 138.55919750000001, -34.8970391 ], [ 138.5595357, -34.8966777 ] ] } },
{ "type": "Feature", "properties": { "osm_id": "1089965133", "road_name": "Jane Street", "highway": "residential", "maxspeed_kmh": 40.0, "length_km": 0.047686832466588315 }, "geometry": { "type": "LineString", "coordinates": [ [ 138.552920699999987, -34.8923048 ], [ 138.5525964, -34.8926377 ] ] } },
{ "type": "Feature", "properties": { "osm_id": "1089965134", "road_name": null, "highway": "trunk_link", "maxspeed_kmh": 40.0, "length_km": 0.050058606609496972 }, "geometry": { "type": "LineString", "coordinates": [ [ 138.5452027, -34.8871379 ], [ 138.5448977, -34.8875085 ] ] } },
{ "type": "Feature", "properties": { "osm_id": "1089965135", "road_name": "Howards Road", "highway": "residential", "maxspeed_kmh": 40.0, "length_km": 0.049554726316352056 }, "geometry": { "type": "LineString", "coordinates": [ [ 138.54393330000002, -34.8862964 ], [ 138.5436025, -34.8866462 ] ] } },
{ "type": "Feature", "properties": { "osm_id": "1089965136", "road_name": "Park Street South", "highway": "residential", "maxspeed_kmh": 40.0, "length_km": 0.054076463214723022 }, "geometry": { "type": "LineString", "coordinates": [ [ 138.5398894, -34.8842022 ], [ 138.540261, -34.8838273 ] ] } },
{ "type": "Feature", "properties": { "osm_id": "1089965137", "road_name": "Oval Avenue", "highway": "residential", "maxspeed_kmh": 40.0, "length_km": 0.056434743190732731 }, "geometry": { "type": "LineString", "coordinates": [ [ 138.53828630000001, -34.8831491 ], [ 138.5386593, -34.8827482 ] ] } },
{ "type": "Feature", "properties": { "osm_id": "1089965138", "road_name": "Diana Street", "highway": "residential", "maxspeed_kmh": 40.0, "length_km": 0.050921379018552572 }, "geometry": { "type": "LineString", "coordinates": [ [ 138.532673499999987, -34.87938 ], [ 138.5330124, -34.8790198 ] ] } },
{ "type": "Feature", "properties": { "osm_id": "1089984844", "road_name": "King Street", "highway": "residential", "maxspeed_kmh": 40.0, "length_km": 0.049528085474712227 }, "geometry": { "type": "LineString", "coordinates": [ [ 138.5607006, -34.8974681 ], [ 138.5603634, -34.8978136 ] ] } },
{ "type": "Feature", "properties": { "osm_id": "1090619813", "road_name": null, "highway": "trunk_link", "maxspeed_kmh": 40.0, "length_km": 0.016787689809249225 }, "geometry": { "type": "LineString", "coordinates": [ [ 138.5619092, -35.0240493 ], [ 138.5620393, -35.0239438 ] ] } },
{ "type": "Feature", "properties": { "osm_id": "1091485090", "road_name": "Clyde Street", "highway": "residential", "maxspeed_kmh": 40.0, "length_km": 0.048271011610438279 }, "geometry": { "type": "LineString", "coordinates": [ [ 138.607444, -34.9432899 ], [ 138.6069197, -34.9433089 ] ] } },
{ "type": "Feature", "properties": { "osm_id": "1091961678", "road_name": null, "highway": "service", "maxspeed_kmh": 40.0, "length_km": 0.031017264991015394 }, "geometry": { "type": "LineString", "coordinates": [ [ 138.697481, -34.966206 ], [ 138.697811300000012, -34.9662623 ] ] } },
{ "type": "Feature", "properties": { "osm_id": "1100993878", "road_name": "Frick Avenue", "highway": "residential", "maxspeed_kmh": 40.0, "length_km": 0.20955082934051178 }, "geometry": { "type": "LineString", "coordinates": [ [ 138.6573636, -34.9021633 ], [ 138.655093599999987, -34.9023086 ] ] } },
{ "type": "Feature", "properties": { "osm_id": "1101204240", "road_name": "Kemp Street", "highway": "residential", "maxspeed_kmh": 40.0, "length_km": 0.14316427395925865 }, "geometry": { "type": "LineString", "coordinates": [ [ 138.5388972, -34.8790075 ], [ 138.5377765, -34.8781197 ] ] } },
{ "type": "Feature", "properties": { "osm_id": "1103666079", "road_name": "Whistler Avenue", "highway": "residential", "maxspeed_kmh": 40.0, "length_km": 0.4101590607504535 }, "geometry": { "type": "LineString", "coordinates": [ [ 138.6004423, -34.965815400000011 ], [ 138.6001501, -34.96215140000001 ] ] } },
{ "type": "Feature", "properties": { "osm_id": "1105946815", "road_name": "Third Street", "highway": "residential", "maxspeed_kmh": 40.0, "length_km": 0.046268041269826719 }, "geometry": { "type": "LineString", "coordinates": [ [ 138.57847, -34.9067156 ], [ 138.5788604, -34.9069766 ] ] } },
{ "type": "Feature", "properties": { "osm_id": "1118786489", "road_name": "Railway Terrace North", "highway": "residential", "maxspeed_kmh": 40.0, "length_km": 0.018831199096447586 }, "geometry": { "type": "LineString", "coordinates": [ [ 138.589292199999988, -34.9497183 ], [ 138.589467500000012, -34.9496312 ] ] } },
{ "type": "Feature", "properties": { "osm_id": "1120269839", "road_name": "South Australia One Drive", "highway": "residential", "maxspeed_kmh": 40.0, "length_km": 0.030807798056232252 }, "geometry": { "type": "LineString", "coordinates": [ [ 138.4843152, -34.7812869 ], [ 138.484165499999989, -34.7815334 ] ] } },
{ "type": "Feature", "properties": { "osm_id": "1134019269", "road_name": "Esmond Street", "highway": "residential", "maxspeed_kmh": 40.0, "length_km": 0.099332400445465249 }, "geometry": { "type": "LineString", "coordinates": [ [ 138.6022505, -34.9564576 ], [ 138.6011725, -34.9565133 ] ] } },
{ "type": "Feature", "properties": { "osm_id": "1134019272", "road_name": "Opey Avenue", "highway": "residential", "maxspeed_kmh": 40.0, "length_km": 0.2112756370495151 }, "geometry": { "type": "LineString", "coordinates": [ [ 138.6022931, -34.95386460000001 ], [ 138.600000099999988, -34.9539802 ] ] } },
{ "type": "Feature", "properties": { "osm_id": "1134019273", "road_name": "Opey Avenue", "highway": "residential", "maxspeed_kmh": 40.0, "length_km": 0.11462107882561602 }, "geometry": { "type": "LineString", "coordinates": [ [ 138.603537100000011, -34.9538019 ], [ 138.6022931, -34.95386460000001 ] ] } },
{ "type": "Feature", "properties": { "osm_id": "1134019274", "road_name": "Thomas Street", "highway": "residential", "maxspeed_kmh": 40.0, "length_km": 0.32600991043789279 }, "geometry": { "type": "LineString", "coordinates": [ [ 138.6034257, -34.9523149 ], [ 138.599887700000011, -34.9524936 ] ] } },
{ "type": "Feature", "properties": { "osm_id": "1134019275", "road_name": "Thomas Street", "highway": "residential", "maxspeed_kmh": 40.0, "length_km": 0.14347679634667082 }, "geometry": { "type": "LineString", "coordinates": [ [ 138.6049826, -34.9522332 ], [ 138.6034257, -34.9523149 ] ] } },
{ "type": "Feature", "properties": { "osm_id": "1134019276", "road_name": "Arthur Street", "highway": "residential", "maxspeed_kmh": 40.0, "length_km": 0.23455505807298385 }, "geometry": { "type": "LineString", "coordinates": [ [ 138.6074403, -34.9502001 ], [ 138.604894699999988, -34.9503279 ] ] } },
{ "type": "Feature", "properties": { "osm_id": "1134019277", "road_name": "Arthur Street", "highway": "residential", "maxspeed_kmh": 40.0, "length_km": 0.0094209379566885052 }, "geometry": { "type": "LineString", "coordinates": [ [ 138.604894699999988, -34.9503279 ], [ 138.6047925, -34.9503336 ] ] } },
{ "type": "Feature", "properties": { "osm_id": "1134019278", "road_name": "Austell Street", "highway": "residential", "maxspeed_kmh": 40.0, "length_km": 0.054771048912489823 }, "geometry": { "type": "LineString", "coordinates": [ [ 138.6053359, -34.9498098 ], [ 138.605292, -34.9493208 ] ] } },
{ "type": "Feature", "properties": { "osm_id": "1134019279", "road_name": "Mary Street", "highway": "residential", "maxspeed_kmh": 40.0, "length_km": 0.12756375584603016 }, "geometry": { "type": "LineString", "coordinates": [ [ 138.606789600000013, -34.9483216 ], [ 138.6054054, -34.9483938 ] ] } },
{ "type": "Feature", "properties": { "osm_id": "1134019280", "road_name": "Mary Street", "highway": "residential", "maxspeed_kmh": 40.0, "length_km": 0.018041503777662126 }, "geometry": { "type": "LineString", "coordinates": [ [ 138.6054054, -34.9483938 ], [ 138.6052096, -34.9484036 ] ] } },
{ "type": "Feature", "properties": { "osm_id": "1134019281", "road_name": "Charles Street", "highway": "residential", "maxspeed_kmh": 40.0, "length_km": 0.16118164854176156 }, "geometry": { "type": "LineString", "coordinates": [ [ 138.6052858, -34.9476162 ], [ 138.603537, -34.9477096 ] ] } },
{ "type": "Feature", "properties": { "osm_id": "1134019282", "road_name": "Charles Street", "highway": "residential", "maxspeed_kmh": 40.0, "length_km": 0.0050779396335659116 }, "geometry": { "type": "LineString", "coordinates": [ [ 138.605341, -34.9476153 ], [ 138.6052858, -34.9476162 ] ] } },
{ "type": "Feature", "properties": { "osm_id": "1175572029", "road_name": null, "highway": "residential", "maxspeed_kmh": 40.0, "length_km": 0.14048058926721058 }, "geometry": { "type": "LineString", "coordinates": [ [ 138.6285465, -34.9129504 ], [ 138.6283321, -34.9126077 ], [ 138.6289887, -34.9122459 ], [ 138.6288769, -34.9120742 ] ] } },
{ "type": "Feature", "properties": { "osm_id": "1175572030", "road_name": null, "highway": "residential", "maxspeed_kmh": 40.0, "length_km": 0.048919915596359831 }, "geometry": { "type": "LineString", "coordinates": [ [ 138.6289887, -34.9122459 ], [ 138.6292522, -34.9126263 ] ] } },
{ "type": "Feature", "properties": { "osm_id": "1176851729", "road_name": "Watahuna Avenue", "highway": "tertiary", "maxspeed_kmh": 40.0, "length_km": 0.031198984780434518 }, "geometry": { "type": "LineString", "coordinates": [ [ 138.623281600000013, -35.0208448 ], [ 138.6230971, -35.0210788 ] ] } },
{ "type": "Feature", "properties": { "osm_id": "1181068730", "road_name": "Dakota Drive", "highway": "service", "maxspeed_kmh": 40.0, "length_km": 0.36914685689853444 }, "geometry": { "type": "LineString", "coordinates": [ [ 138.636292700000013, -34.7858818 ], [ 138.6339104, -34.7885388 ] ] } },
{ "type": "Feature", "properties": { "osm_id": "1187707128", "road_name": "Coles Street", "highway": "residential", "maxspeed_kmh": 40.0, "length_km": 0.011976718916088095 }, "geometry": { "type": "LineString", "coordinates": [ [ 138.553284600000012, -34.8782427 ], [ 138.55336650000001, -34.8781594 ] ] } },
{ "type": "Feature", "properties": { "osm_id": "1189969962", "road_name": "Alma Terrace", "highway": "residential", "maxspeed_kmh": 40.0, "length_km": 0.08539837401026075 }, "geometry": { "type": "LineString", "coordinates": [ [ 138.5188771, -34.8865288 ], [ 138.5194691, -34.8859485 ] ] } },
{ "type": "Feature", "properties": { "osm_id": "1189969964", "road_name": "Alma Terrace", "highway": "residential", "maxspeed_kmh": 40.0, "length_km": 0.01961391142421617 }, "geometry": { "type": "LineString", "coordinates": [ [ 138.5161185, -34.8895792 ], [ 138.5162096, -34.8894206 ] ] } },
{ "type": "Feature", "properties": { "osm_id": "1189969965", "road_name": "May Street", "highway": "residential", "maxspeed_kmh": 40.0, "length_km": 0.1439001535456515 }, "geometry": { "type": "LineString", "coordinates": [ [ 138.5255972, -34.879207 ], [ 138.5256829, -34.88049310000001 ] ] } },
{ "type": "Feature", "properties": { "osm_id": "1192041632", "road_name": "Second Street", "highway": "residential", "maxspeed_kmh": 40.0, "length_km": 0.09919584561062518 }, "geometry": { "type": "LineString", "coordinates": [ [ 138.5774988, -34.9068816 ], [ 138.5783343, -34.9074426 ] ] } },
{ "type": "Feature", "properties": { "osm_id": "1192041633", "road_name": "Second Street", "highway": "residential", "maxspeed_kmh": 40.0, "length_km": 0.019983930863694373 }, "geometry": { "type": "LineString", "coordinates": [ [ 138.577329, -34.9067702 ], [ 138.5774988, -34.9068816 ] ] } },
{ "type": "Feature", "properties": { "osm_id": "1193274489", "road_name": "Rowley Terrace", "highway": "residential", "maxspeed_kmh": 40.0, "length_km": 0.024570762226470033 }, "geometry": { "type": "LineString", "coordinates": [ [ 138.5324187, -34.8761915 ], [ 138.5321621, -34.8762429 ] ] } },
{ "type": "Feature", "properties": { "osm_id": "1193500126", "road_name": "Grady Way", "highway": "residential", "maxspeed_kmh": 40.0, "length_km": 0.014920031934250531 }, "geometry": { "type": "LineString", "coordinates": [ [ 138.500175899999988, -34.8950706 ], [ 138.500337800000011, -34.8950642 ] ] } },
{ "type": "Feature", "properties": { "osm_id": "1197340469", "road_name": "Salisbury Street", "highway": "residential", "maxspeed_kmh": 40.0, "length_km": 0.019604989456844468 }, "geometry": { "type": "LineString", "coordinates": [ [ 138.605454900000012, -34.9444428 ], [ 138.6055169, -34.9446105 ] ] } },
{ "type": "Feature", "properties": { "osm_id": "1197340470", "road_name": "Salisbury Street", "highway": "residential", "maxspeed_kmh": 40.0, "length_km": 0.019871462388352891 }, "geometry": { "type": "LineString", "coordinates": [ [ 138.6054191, -34.944617400000013 ], [ 138.605454900000012, -34.9444428 ] ] } },
{ "type": "Feature", "properties": { "osm_id": "1197340471", "road_name": "Young Street", "highway": "residential", "maxspeed_kmh": 40.0, "length_km": 0.019761046262469877 }, "geometry": { "type": "LineString", "coordinates": [ [ 138.6051977, -34.9446854 ], [ 138.605402, -34.9446328 ] ] } },
{ "type": "Feature", "properties": { "osm_id": "1197340472", "road_name": "Young Street", "highway": "residential", "maxspeed_kmh": 40.0, "length_km": 0.018880213116060959 }, "geometry": { "type": "LineString", "coordinates": [ [ 138.60539940000001, -34.94471 ], [ 138.6051977, -34.9446854 ] ] } },
{ "type": "Feature", "properties": { "osm_id": "1197340473", "road_name": "Salisbury Street", "highway": "residential", "maxspeed_kmh": 40.0, "length_km": 0.020324496175367811 }, "geometry": { "type": "LineString", "coordinates": [ [ 138.605488, -34.9448943 ], [ 138.6054138, -34.9447247 ] ] } },
{ "type": "Feature", "properties": { "osm_id": "1197340474", "road_name": "Salisbury Street", "highway": "residential", "maxspeed_kmh": 40.0, "length_km": 0.018447745194787792 }, "geometry": { "type": "LineString", "coordinates": [ [ 138.6055222, -34.9447329 ], [ 138.605488, -34.9448943 ] ] } },
{ "type": "Feature", "properties": { "osm_id": "1197340475", "road_name": "Young Street", "highway": "residential", "maxspeed_kmh": 40.0, "length_km": 0.021725810878644142 }, "geometry": { "type": "LineString", "coordinates": [ [ 138.6055378, -34.9446238 ], [ 138.6057701, -34.9446535 ] ] } },
{ "type": "Feature", "properties": { "osm_id": "1197340476", "road_name": "Young Street", "highway": "residential", "maxspeed_kmh": 40.0, "length_km": 0.02254267581032332 }, "geometry": { "type": "LineString", "coordinates": [ [ 138.6057701, -34.9446535 ], [ 138.605540499999989, -34.9447198 ] ] } },
{ "type": "Feature", "properties": { "osm_id": "1198562866", "road_name": "Hawker Street", "highway": "tertiary", "maxspeed_kmh": 40.0, "length_km": 0.026664008161123211 }, "geometry": { "type": "LineString", "coordinates": [ [ 138.5833781, -34.90223 ], [ 138.583162, -34.902071 ] ] } },
{ "type": "Feature", "properties": { "osm_id": "1198562870", "road_name": "Hawker Street", "highway": "tertiary", "maxspeed_kmh": 40.0, "length_km": 0.04803284436648874 }, "geometry": { "type": "LineString", "coordinates": [ [ 138.5834351, -34.9022157 ], [ 138.583832300000012, -34.9024899 ] ] } },
{ "type": "Feature", "properties": { "osm_id": "1199314656", "road_name": "Guthrie Street", "highway": "residential", "maxspeed_kmh": 40.0, "length_km": 0.019658323829907967 }, "geometry": { "type": "LineString", "coordinates": [ [ 138.5854828, -34.8975743 ], [ 138.585272, -34.8976027 ] ] } },
{ "type": "Feature", "properties": { "osm_id": "1199314657", "road_name": "Guthrie Street", "highway": "residential", "maxspeed_kmh": 40.0, "length_km": 0.020150224960353447 }, "geometry": { "type": "LineString", "coordinates": [ [ 138.585272, -34.8976027 ], [ 138.585299099999986, -34.8974237 ] ] } },
{ "type": "Feature", "properties": { "osm_id": "1204315539", "road_name": "Kent Street", "highway": "residential", "maxspeed_kmh": 40.0, "length_km": 0.67644790463081239 }, "geometry": { "type": "LineString", "coordinates": [ [ 138.6041999, -34.9657014 ], [ 138.6046318, -34.9717467 ] ] } },
{ "type": "Feature", "properties": { "osm_id": "1205163914", "road_name": "Cedar Avenue", "highway": "residential", "maxspeed_kmh": 40.0, "length_km": 0.0068464285405861356 }, "geometry": { "type": "LineString", "coordinates": [ [ 138.5356434, -34.8831695 ], [ 138.5355889, -34.8831278 ] ] } },
{ "type": "Feature", "properties": { "osm_id": "1205172142", "road_name": null, "highway": "service", "maxspeed_kmh": 40.0, "length_km": 0.18159528097963226 }, "geometry": { "type": "LineString", "coordinates": [ [ 138.538891400000011, -34.8727957 ], [ 138.5392894, -34.8730355 ], [ 138.539155, -34.8732162 ], [ 138.5400974, -34.8738489 ] ] } },
{ "type": "Feature", "properties": { "osm_id": "1208790328", "road_name": "Baudin Avenue", "highway": "residential", "maxspeed_kmh": 40.0, "length_km": 0.047483935777584932 }, "geometry": { "type": "LineString", "coordinates": [ [ 138.5530087, -34.9088659 ], [ 138.5535228, -34.9088697 ] ] } },
{ "type": "Feature", "properties": { "osm_id": "1209555927", "road_name": "Semaphore Road", "highway": "secondary", "maxspeed_kmh": 40.0, "length_km": 0.066328602634184872 }, "geometry": { "type": "LineString", "coordinates": [ [ 138.4807827, -34.838254 ], [ 138.4814858, -34.8383818 ] ] } },
{ "type": "Feature", "properties": { "osm_id": "1212913494", "road_name": "Maud Street", "highway": "residential", "maxspeed_kmh": 40.0, "length_km": 0.168706108197339 }, "geometry": { "type": "LineString", "coordinates": [ [ 138.6140799, -34.9474502 ], [ 138.6158998, -34.947329 ] ] } },
{ "type": "Feature", "properties": { "osm_id": "1212913497", "road_name": "Maud Street", "highway": "residential", "maxspeed_kmh": 40.0, "length_km": 0.27362019170973007 }, "geometry": { "type": "LineString", "coordinates": [ [ 138.613247800000011, -34.947426299999989 ], [ 138.6102994, -34.9476022 ] ] } },
{ "type": "Feature", "properties": { "osm_id": "1215446622", "road_name": "Brogan Court", "highway": "residential", "maxspeed_kmh": 40.0, "length_km": 0.060678895749578146 }, "geometry": { "type": "LineString", "coordinates": [ [ 138.5009243, -34.8994262 ], [ 138.5010967, -34.8995162 ], [ 138.501119499999987, -34.8996217 ], [ 138.5010744, -34.8995916 ], [ 138.5009243, -34.8994262 ] ] } },
{ "type": "Feature", "properties": { "osm_id": "1220974769", "road_name": "Capper Street", "highway": "residential", "maxspeed_kmh": 40.0, "length_km": 0.3756825522522238 }, "geometry": { "type": "LineString", "coordinates": [ [ 138.6192754, -34.920610599999989 ], [ 138.6165971, -34.9231493 ] ] } },
{ "type": "Feature", "properties": { "osm_id": "1222757099", "road_name": "Iris Court", "highway": "residential", "maxspeed_kmh": 40.0, "length_km": 0.017049108041029194 }, "geometry": { "type": "LineString", "coordinates": [ [ 138.504374399999989, -34.8987967 ], [ 138.5043846, -34.8989315 ] ] } },
{ "type": "Feature", "properties": { "osm_id": "1222757102", "road_name": "Medallion Drive", "highway": "residential", "maxspeed_kmh": 40.0, "length_km": 0.075908384035762458 }, "geometry": { "type": "LineString", "coordinates": [ [ 138.503412200000014, -34.8980779 ], [ 138.5034024, -34.898752 ] ] } },
{ "type": "Feature", "properties": { "osm_id": "1222757103", "road_name": "Medallion Drive", "highway": "residential", "maxspeed_kmh": 40.0, "length_km": 0.028310888927757877 }, "geometry": { "type": "LineString", "coordinates": [ [ 138.503391, -34.8978251 ], [ 138.503412200000014, -34.8980779 ] ] } },
{ "type": "Feature", "properties": { "osm_id": "1222757104", "road_name": "Sonia Street", "highway": "residential", "maxspeed_kmh": 40.0, "length_km": 0.013864325108509504 }, "geometry": { "type": "LineString", "coordinates": [ [ 138.503250400000013, -34.8979586 ], [ 138.50340060000002, -34.897949299999986 ] ] } },
{ "type": "Feature", "properties": { "osm_id": "1222757105", "road_name": "Medallion Drive", "highway": "residential", "maxspeed_kmh": 40.0, "length_km": 0.013679743662615118 }, "geometry": { "type": "LineString", "coordinates": [ [ 138.503353299999986, -34.8973363 ], [ 138.5033627, -34.8974585 ] ] } },
{ "type": "Feature", "properties": { "osm_id": "1222757110", "road_name": "Sonia Street", "highway": "residential", "maxspeed_kmh": 40.0, "length_km": 0.004928137080306449 }, "geometry": { "type": "LineString", "coordinates": [ [ 138.502508400000011, -34.8979905 ], [ 138.502561899999989, -34.8979888 ] ] } },
{ "type": "Feature", "properties": { "osm_id": "1222757111", "road_name": "Sonia Street", "highway": "residential", "maxspeed_kmh": 40.0, "length_km": 0.017577052606926359 }, "geometry": { "type": "LineString", "coordinates": [ [ 138.502561899999989, -34.8979888 ], [ 138.5027524, -34.8979782 ] ] } },
{ "type": "Feature", "properties": { "osm_id": "1225309586", "road_name": "Reserve Drive", "highway": "residential", "maxspeed_kmh": 40.0, "length_km": 0.20972362155687954 }, "geometry": { "type": "LineString", "coordinates": [ [ 138.5387374, -34.8760378 ], [ 138.5380548, -34.876030099999987 ], [ 138.5369801, -34.875078 ] ] } },
{ "type": "Feature", "properties": { "osm_id": "1225309587", "road_name": "Reserve Drive", "highway": "residential", "maxspeed_kmh": 40.0, "length_km": 0.088099653713819129 }, "geometry": { "type": "LineString", "coordinates": [ [ 138.5369801, -34.875078 ], [ 138.5376762, -34.8745423 ] ] } },
{ "type": "Feature", "properties": { "osm_id": "1225309588", "road_name": "Hoskin Street", "highway": "residential", "maxspeed_kmh": 40.0, "length_km": 0.18295215524020783 }, "geometry": { "type": "LineString", "coordinates": [ [ 138.5373194, -34.8747945 ], [ 138.5383141, -34.8756544 ], [ 138.5380548, -34.876030099999987 ] ] } },
{ "type": "Feature", "properties": { "osm_id": "1225309589", "road_name": "Glynis Nunn Drive", "highway": "residential", "maxspeed_kmh": 40.0, "length_km": 0.16750720476864678 }, "geometry": { "type": "LineString", "coordinates": [ [ 138.537270799999988, -34.8753582 ], [ 138.5368207, -34.875825399999989 ], [ 138.5371015, -34.8760286 ], [ 138.537587, -34.8756382 ] ] } },
{ "type": "Feature", "properties": { "osm_id": "1225309590", "road_name": "Hughes Lane", "highway": "residential", "maxspeed_kmh": 40.0, "length_km": 0.071392540325763018 }, "geometry": { "type": "LineString", "coordinates": [ [ 138.5369952, -34.8751292 ], [ 138.5364616, -34.8755929 ] ] } },
{ "type": "Feature", "properties": { "osm_id": "1225309591", "road_name": "Laity Place", "highway": "residential", "maxspeed_kmh": 40.0, "length_km": 0.057757378041605301 }, "geometry": { "type": "LineString", "coordinates": [ [ 138.5379424, -34.8759415 ], [ 138.537522200000012, -34.8763254 ] ] } },
{ "type": "Feature", "properties": { "osm_id": "1228219934", "road_name": "Belmore Terrace", "highway": "residential", "maxspeed_kmh": 40.0, "length_km": 0.030350153105563771 }, "geometry": { "type": "LineString", "coordinates": [ [ 138.5488032, -34.8852835 ], [ 138.5490442, -34.8854689 ] ] } },
{ "type": "Feature", "properties": { "osm_id": "1229709412", "road_name": "Sturt Close", "highway": "residential", "maxspeed_kmh": 40.0, "length_km": 0.0272442533462573 }, "geometry": { "type": "LineString", "coordinates": [ [ 138.499373100000014, -34.903688499999987 ], [ 138.499632100000014, -34.9035876 ] ] } },
{ "type": "Feature", "properties": { "osm_id": "1229830751", "road_name": "Main Avenue", "highway": "residential", "maxspeed_kmh": 40.0, "length_km": 0.050058797026969803 }, "geometry": { "type": "LineString", "coordinates": [ [ 138.6274622, -34.9471716 ], [ 138.627120100000013, -34.9475199 ] ] } },
{ "type": "Feature", "properties": { "osm_id": "1230224673", "road_name": "Beach Street", "highway": "residential", "maxspeed_kmh": 40.0, "length_km": 0.45257486869127522 }, "geometry": { "type": "LineString", "coordinates": [ [ 138.503734, -34.9066669 ], [ 138.5017967, -34.9049956 ], [ 138.500983600000012, -34.904735 ], [ 138.4997545, -34.9047293 ] ] } },
{ "type": "Feature", "properties": { "osm_id": "1230242918", "road_name": "Barker Avenue", "highway": "residential", "maxspeed_kmh": 40.0, "length_km": 0.012907057208354231 }, "geometry": { "type": "LineString", "coordinates": [ [ 138.5412325, -34.9050686 ], [ 138.541131900000011, -34.904988100000011 ] ] } },
{ "type": "Feature", "properties": { "osm_id": "1230242924", "road_name": "Hobbs Street", "highway": "residential", "maxspeed_kmh": 40.0, "length_km": 0.0092054429412035 }, "geometry": { "type": "LineString", "coordinates": [ [ 138.5422139, -34.9049348 ], [ 138.5422209, -34.905017 ] ] } },
{ "type": "Feature", "properties": { "osm_id": "1230242927", "road_name": "Hawkins Avenue", "highway": "residential", "maxspeed_kmh": 40.0, "length_km": 0.0091020058884551704 }, "geometry": { "type": "LineString", "coordinates": [ [ 138.542461800000012, -34.9050028 ], [ 138.542455300000029, -34.904921499999986 ] ] } },
{ "type": "Feature", "properties": { "osm_id": "1230242933", "road_name": "Franklin Avenue", "highway": "residential", "maxspeed_kmh": 40.0, "length_km": 0.0090409073344484541 }, "geometry": { "type": "LineString", "coordinates": [ [ 138.54743830000001, -34.9047481 ], [ 138.5474309, -34.9046674 ] ] } },
{ "type": "Feature", "properties": { "osm_id": "1230242936", "road_name": "Albemarle Street", "highway": "residential", "maxspeed_kmh": 40.0, "length_km": 0.4993607458100861 }, "geometry": { "type": "LineString", "coordinates": [ [ 138.5627345, -34.9041275 ], [ 138.563216399999988, -34.899685 ] ] } },
{ "type": "Feature", "properties": { "osm_id": "1230242938", "road_name": "McDonnell Avenue", "highway": "residential", "maxspeed_kmh": 40.0, "length_km": 0.0088821406799072713 }, "geometry": { "type": "LineString", "coordinates": [ [ 138.5634949, -34.904262 ], [ 138.56350470000001, -34.9041829 ] ] } },
{ "type": "Feature", "properties": { "osm_id": "1230242941", "road_name": "Bertie Street", "highway": "residential", "maxspeed_kmh": 40.0, "length_km": 0.22059548181874564 }, "geometry": { "type": "LineString", "coordinates": [ [ 138.5637673, -34.904196600000013 ], [ 138.5639777, -34.9022295 ] ] } },
{ "type": "Feature", "properties": { "osm_id": "1230242943", "road_name": "Bacon Street", "highway": "residential", "maxspeed_kmh": 40.0, "length_km": 0.017450604162190214 }, "geometry": { "type": "LineString", "coordinates": [ [ 138.5670493, -34.9053433 ], [ 138.567081, -34.9051893 ] ] } },
{ "type": "Feature", "properties": { "osm_id": "1230242945", "road_name": "George Street", "highway": "residential", "maxspeed_kmh": 40.0, "length_km": 0.24573602719450677 }, "geometry": { "type": "LineString", "coordinates": [ [ 138.567573900000014, -34.9054114 ], [ 138.5692525, -34.9037007 ] ] } },
{ "type": "Feature", "properties": { "osm_id": "1230242947", "road_name": "Holden Street", "highway": "residential", "maxspeed_kmh": 40.0, "length_km": 0.0099748545184954688 }, "geometry": { "type": "LineString", "coordinates": [ [ 138.568287, -34.9059907 ], [ 138.5683473, -34.905916499999989 ] ] } },
{ "type": "Feature", "properties": { "osm_id": "1230242951", "road_name": "Milner Street", "highway": "residential", "maxspeed_kmh": 40.0, "length_km": 0.16365960746480293 }, "geometry": { "type": "LineString", "coordinates": [ [ 138.5694685, -34.9066642 ], [ 138.570581, -34.905525 ] ] } },
{ "type": "Feature", "properties": { "osm_id": "1230242956", "road_name": "Mary Street", "highway": "residential", "maxspeed_kmh": 40.0, "length_km": 0.011244302662730805 }, "geometry": { "type": "LineString", "coordinates": [ [ 138.5717511, -34.9081813 ], [ 138.571636899999987, -34.9082171 ] ] } },
{ "type": "Feature", "properties": { "osm_id": "1230310086", "road_name": "Albany Street", "highway": "residential", "maxspeed_kmh": 40.0, "length_km": 0.011327965154159594 }, "geometry": { "type": "LineString", "coordinates": [ [ 138.492039799999986, -34.8984853 ], [ 138.4921625, -34.8984777 ] ] } },
{ "type": "Feature", "properties": { "osm_id": "1230570116", "road_name": "Gulf Point Drive", "highway": "residential", "maxspeed_kmh": 40.0, "length_km": 0.018532321784629397 }, "geometry": { "type": "LineString", "coordinates": [ [ 138.4821959, -34.7843405 ], [ 138.4823096, -34.7844773 ] ] } },
{ "type": "Feature", "properties": { "osm_id": "1230570117", "road_name": "Australia Two Avenue", "highway": "residential", "maxspeed_kmh": 40.0, "length_km": 0.0078384560373483056 }, "geometry": { "type": "LineString", "coordinates": [ [ 138.4819292, -34.784283 ], [ 138.4818497, -34.7843079 ] ] } },
{ "type": "Feature", "properties": { "osm_id": "1230570118", "road_name": "Australia Two Avenue", "highway": "residential", "maxspeed_kmh": 40.0, "length_km": 0.011637739787962616 }, "geometry": { "type": "LineString", "coordinates": [ [ 138.4821518, -34.7841046 ], [ 138.4822467, -34.784035899999985 ] ] } },
{ "type": "Feature", "properties": { "osm_id": "1230570119", "road_name": "Australia Two Avenue", "highway": "residential", "maxspeed_kmh": 40.0, "length_km": 0.010303936836900536 }, "geometry": { "type": "LineString", "coordinates": [ [ 138.482315699999987, -34.7841036 ], [ 138.482232399999987, -34.7841651 ] ] } },
{ "type": "Feature", "properties": { "osm_id": "1230571125", "road_name": "Constellation Court", "highway": "residential", "maxspeed_kmh": 40.0, "length_km": 0.050952710361568093 }, "geometry": { "type": "LineString", "coordinates": [ [ 138.483279399999986, -34.7843101 ], [ 138.483104, -34.7843486 ], [ 138.4833226, -34.784251900000015 ] ] } },
{ "type": "Feature", "properties": { "osm_id": "1230574125", "road_name": "Anaconda Drive", "highway": "residential", "maxspeed_kmh": 40.0, "length_km": 0.20396039275281622 }, "geometry": { "type": "LineString", "coordinates": [ [ 138.4902557, -34.796617 ], [ 138.48858420000002, -34.79651 ], [ 138.4883453, -34.7961386 ] ] } },
{ "type": "Feature", "properties": { "osm_id": "1230574126", "road_name": "Anaconda Drive", "highway": "residential", "maxspeed_kmh": 40.0, "length_km": 0.023114662793344551 }, "geometry": { "type": "LineString", "coordinates": [ [ 138.4883453, -34.7961386 ], [ 138.488364800000028, -34.7959558 ] ] } },
{ "type": "Feature", "properties": { "osm_id": "1230658144", "road_name": "Beach Street", "highway": "residential", "maxspeed_kmh": 40.0, "length_km": 0.014943329182334658 }, "geometry": { "type": "LineString", "coordinates": [ [ 138.490350299999989, -34.905118 ], [ 138.4905095, -34.9050969 ] ] } },
{ "type": "Feature", "properties": { "osm_id": "1230658147", "road_name": "Esplanade", "highway": "residential", "maxspeed_kmh": 40.0, "length_km": 0.030359139744770659 }, "geometry": { "type": "LineString", "coordinates": [ [ 138.4898618, -34.9049228 ], [ 138.489995099999987, -34.9051478 ] ] } },
{ "type": "Feature", "properties": { "osm_id": "1230808731", "road_name": "Rosetta Street", "highway": "tertiary", "maxspeed_kmh": 40.0, "length_km": 0.0505430745343474 }, "geometry": { "type": "LineString", "coordinates": [ [ 138.5546727, -34.8934775 ], [ 138.5550283, -34.8931333 ] ] } },
{ "type": "Feature", "properties": { "osm_id": "1230851718", "road_name": "St Vincent Street", "highway": "secondary", "maxspeed_kmh": 40.0, "length_km": 0.067637491268405583 }, "geometry": { "type": "LineString", "coordinates": [ [ 138.5045536, -34.8444324 ], [ 138.5052704, -34.8443009 ] ] } },
{ "type": "Feature", "properties": { "osm_id": "1231115538", "road_name": "Pudney Street", "highway": "residential", "maxspeed_kmh": 40.0, "length_km": 0.048866362165338996 }, "geometry": { "type": "LineString", "coordinates": [ [ 138.515538600000014, -34.880542 ], [ 138.515195299999988, -34.8808756 ] ] } },
{ "type": "Feature", "properties": { "osm_id": "1232138928", "road_name": "Frome Street", "highway": "tertiary", "maxspeed_kmh": 40.0, "length_km": 0.04161132040209365 }, "geometry": { "type": "LineString", "coordinates": [ [ 138.607931, -34.9222013 ], [ 138.607909299999989, -34.9225703 ] ] } },
{ "type": "Feature", "properties": { "osm_id": "1234575768", "road_name": "Second Avenue", "highway": "residential", "maxspeed_kmh": 40.0, "length_km": 0.015772255408052209 }, "geometry": { "type": "LineString", "coordinates": [ [ 138.5191309, -34.8830618 ], [ 138.519242100000014, -34.8829544 ] ] } },
{ "type": "Feature", "properties": { "osm_id": "1234575769", "road_name": "Morley Road", "highway": "residential", "maxspeed_kmh": 40.0, "length_km": 0.093097479344807957 }, "geometry": { "type": "LineString", "coordinates": [ [ 138.5191309, -34.8830618 ], [ 138.5199175, -34.8835855 ] ] } },
{ "type": "Feature", "properties": { "osm_id": "1235311204", "road_name": "Frome Street", "highway": "tertiary", "maxspeed_kmh": 40.0, "length_km": 0.0066043575612113031 }, "geometry": { "type": "LineString", "coordinates": [ [ 138.6079162, -34.9218838 ], [ 138.607918300000023, -34.9219429 ] ] } },
{ "type": "Feature", "properties": { "osm_id": "1235311205", "road_name": "Frome Street", "highway": "tertiary", "maxspeed_kmh": 40.0, "length_km": 0.028887185897044775 }, "geometry": { "type": "LineString", "coordinates": [ [ 138.607918300000023, -34.9219429 ], [ 138.607931, -34.9222013 ] ] } },
{ "type": "Feature", "properties": { "osm_id": "1235311208", "road_name": "Frome Street", "highway": "tertiary", "maxspeed_kmh": 40.0, "length_km": 0.020002635879503385 }, "geometry": { "type": "LineString", "coordinates": [ [ 138.6079042, -34.921705 ], [ 138.6079162, -34.9218838 ] ] } },
{ "type": "Feature", "properties": { "osm_id": "1236888506", "road_name": "Addison Road", "highway": "residential", "maxspeed_kmh": 40.0, "length_km": 0.56356711479842692 }, "geometry": { "type": "LineString", "coordinates": [ [ 138.5728839, -34.9616584 ], [ 138.5778832, -34.9614223 ], [ 138.5784572, -34.9616246 ], [ 138.5789519, -34.9615917 ] ] } },
{ "type": "Feature", "properties": { "osm_id": "1237973336", "road_name": "Lyle Court", "highway": "residential", "maxspeed_kmh": 40.0, "length_km": 0.20371837151925476 }, "geometry": { "type": "LineString", "coordinates": [ [ 138.541429599999987, -34.874332099999982 ], [ 138.542034699999988, -34.8749084 ], [ 138.542362, -34.8745525 ], [ 138.5418532, -34.8742011 ] ] } },
{ "type": "Feature", "properties": { "osm_id": "1237973337", "road_name": "Lyle Court", "highway": "residential", "maxspeed_kmh": 40.0, "length_km": 0.051275889638507918 }, "geometry": { "type": "LineString", "coordinates": [ [ 138.5420594, -34.8743301 ], [ 138.5416258, -34.8745786 ] ] } },
{ "type": "Feature", "properties": { "osm_id": "1237973338", "road_name": "Lyle Court", "highway": "residential", "maxspeed_kmh": 40.0, "length_km": 0.021071701105910529 }, "geometry": { "type": "LineString", "coordinates": [ [ 138.541435299999989, -34.8745987 ], [ 138.5416371, -34.8746585 ] ] } },
{ "type": "Feature", "properties": { "osm_id": "1237973339", "road_name": "Lyle Court", "highway": "residential", "maxspeed_kmh": 40.0, "length_km": 0.02536906361941926 }, "geometry": { "type": "LineString", "coordinates": [ [ 138.5418685, -34.8751059 ], [ 138.5419968, -34.8749132 ] ] } },
{ "type": "Feature", "properties": { "osm_id": "1240000233", "road_name": "Leah Street", "highway": "tertiary", "maxspeed_kmh": 40.0, "length_km": 0.025905653971955909 }, "geometry": { "type": "LineString", "coordinates": [ [ 138.581341400000014, -34.9536519 ], [ 138.5813618, -34.9534206 ] ] } },
{ "type": "Feature", "properties": { "osm_id": "1240000234", "road_name": "Victoria Street", "highway": "tertiary", "maxspeed_kmh": 40.0, "length_km": 0.031588524727179532 }, "geometry": { "type": "LineString", "coordinates": [ [ 138.5816182, -34.95389990000001 ], [ 138.581960900000013, -34.9539185 ] ] } },
{ "type": "Feature", "properties": { "osm_id": "1240000235", "road_name": "Leah Street", "highway": "tertiary", "maxspeed_kmh": 40.0, "length_km": 0.021862986736993578 }, "geometry": { "type": "LineString", "coordinates": [ [ 138.581428, -34.9536999 ], [ 138.581483100000014, -34.9538888 ] ] } },
{ "type": "Feature", "properties": { "osm_id": "1240012039", "road_name": "Lyons Parade", "highway": "residential", "maxspeed_kmh": 40.0, "length_km": 0.015590608738282058 }, "geometry": { "type": "LineString", "coordinates": [ [ 138.58585020000001, -34.9537279 ], [ 138.585780699999987, -34.9536006 ] ] } },
{ "type": "Feature", "properties": { "osm_id": "1240056902", "road_name": "Jetty Road", "highway": "tertiary", "maxspeed_kmh": 40.0, "length_km": 0.42514650375676222 }, "geometry": { "type": "LineString", "coordinates": [ [ 138.5177256, -34.980142399999984 ], [ 138.5131106, -34.9803747 ] ] } },
{ "type": "Feature", "properties": { "osm_id": "1241655208", "road_name": "Australia Two Avenue", "highway": "residential", "maxspeed_kmh": 40.0, "length_km": 0.04291299395966551 }, "geometry": { "type": "LineString", "coordinates": [ [ 138.4873561, -34.7830435 ], [ 138.4876348, -34.7827534 ] ] } },
{ "type": "Feature", "properties": { "osm_id": "1242392612", "road_name": "Buller Street", "highway": "residential", "maxspeed_kmh": 40.0, "length_km": 0.41195106822813932 }, "geometry": { "type": "LineString", "coordinates": [ [ 138.5943593, -34.8926654 ], [ 138.589888699999989, -34.8928446 ] ] } },
{ "type": "Feature", "properties": { "osm_id": "1254783287", "road_name": "Red Brick Lane", "highway": "residential", "maxspeed_kmh": 40.0, "length_km": 0.073684680447899706 }, "geometry": { "type": "LineString", "coordinates": [ [ 138.578160200000042, -34.9030841 ], [ 138.5786671, -34.902573499999988 ] ] } },
{ "type": "Feature", "properties": { "osm_id": "1254783288", "road_name": "Tailor Lane", "highway": "residential", "maxspeed_kmh": 40.0, "length_km": 0.073733325843925793 }, "geometry": { "type": "LineString", "coordinates": [ [ 138.5788594, -34.903548 ], [ 138.5793607, -34.9030331 ] ] } },
{ "type": "Feature", "properties": { "osm_id": "1254783289", "road_name": "Foundry Lane", "highway": "residential", "maxspeed_kmh": 40.0, "length_km": 0.073707960202295419 }, "geometry": { "type": "LineString", "coordinates": [ [ 138.5785017, -34.9033107 ], [ 138.578998899999988, -34.9027934 ] ] } },
{ "type": "Feature", "properties": { "osm_id": "1261370719", "road_name": "Giles Lane", "highway": "residential", "maxspeed_kmh": 40.0, "length_km": 0.028822273481077139 }, "geometry": { "type": "LineString", "coordinates": [ [ 138.5385919, -34.8758238 ], [ 138.5382912, -34.8757932 ] ] } },
{ "type": "Feature", "properties": { "osm_id": "1278946702", "road_name": "Katherine Street", "highway": "residential", "maxspeed_kmh": 40.0, "length_km": 0.010947393611804992 }, "geometry": { "type": "LineString", "coordinates": [ [ 138.6343889, -34.951911 ], [ 138.6342702, -34.9519184 ] ] } },
{ "type": "Feature", "properties": { "osm_id": "1281347904", "road_name": "Kemp Street", "highway": "residential", "maxspeed_kmh": 40.0, "length_km": 0.0092863089765479519 }, "geometry": { "type": "LineString", "coordinates": [ [ 138.53896850000001, -34.8790663 ], [ 138.5388972, -34.8790075 ] ] } },
{ "type": "Feature", "properties": { "osm_id": "1281347905", "road_name": "Kemp Street", "highway": "residential", "maxspeed_kmh": 40.0, "length_km": 0.19454224140387869 }, "geometry": { "type": "LineString", "coordinates": [ [ 138.53896850000001, -34.8790663 ], [ 138.5406001, -34.88017270000001 ] ] } },
{ "type": "Feature", "properties": { "osm_id": "1304767054", "road_name": "Mulberry Road", "highway": "residential", "maxspeed_kmh": 40.0, "length_km": 0.1776659105418158 }, "geometry": { "type": "LineString", "coordinates": [ [ 138.6268514, -34.944316 ], [ 138.6287788, -34.944213899999987 ] ] } },
{ "type": "Feature", "properties": { "osm_id": "1304767055", "road_name": "Mulberry Road", "highway": "residential", "maxspeed_kmh": 40.0, "length_km": 0.080907973690073992 }, "geometry": { "type": "LineString", "coordinates": [ [ 138.6287788, -34.944213899999987 ], [ 138.629612, -34.944176 ] ] } },
{ "type": "Feature", "properties": { "osm_id": "1313886995", "road_name": "Brown Hill Creek Road", "highway": "residential", "maxspeed_kmh": 40.0, "length_km": 0.047150888248716029 }, "geometry": { "type": "LineString", "coordinates": [ [ 138.649752799999987, -34.988913499999988 ], [ 138.6492754, -34.9890675 ] ] } },
{ "type": "Feature", "properties": { "osm_id": "1315482855", "road_name": "Grant Avenue", "highway": "residential", "maxspeed_kmh": 40.0, "length_km": 0.024829185832875904 }, "geometry": { "type": "LineString", "coordinates": [ [ 138.6330831, -34.9319298 ], [ 138.6333525, -34.931916 ] ] } },
{ "type": "Feature", "properties": { "osm_id": "1319181049", "road_name": "Grant Avenue", "highway": "residential", "maxspeed_kmh": 40.0, "length_km": 0.028705018448120137 }, "geometry": { "type": "LineString", "coordinates": [ [ 138.62797230000001, -34.9322045 ], [ 138.6282838, -34.9321892 ] ] } },
{ "type": "Feature", "properties": { "osm_id": "1319181050", "road_name": "Grant Avenue", "highway": "residential", "maxspeed_kmh": 40.0, "length_km": 0.021705251684662145 }, "geometry": { "type": "LineString", "coordinates": [ [ 138.628465299999988, -34.932186 ], [ 138.6286997, -34.9321637 ] ] } },
{ "type": "Feature", "properties": { "osm_id": "1319181051", "road_name": "Grant Avenue", "highway": "residential", "maxspeed_kmh": 40.0, "length_km": 0.024848200801824604 }, "geometry": { "type": "LineString", "coordinates": [ [ 138.6286997, -34.9321637 ], [ 138.628969100000035, -34.9321474 ] ] } },
{ "type": "Feature", "properties": { "osm_id": "1319181052", "road_name": "Grant Avenue", "highway": "residential", "maxspeed_kmh": 40.0, "length_km": 0.035537920624904303 }, "geometry": { "type": "LineString", "coordinates": [ [ 138.6377874, -34.9316412 ], [ 138.6381719, -34.9316102 ] ] } },
{ "type": "Feature", "properties": { "osm_id": "1320947384", "road_name": "Bedford Street", "highway": "residential", "maxspeed_kmh": 40.0, "length_km": 0.18343573233680355 }, "geometry": { "type": "LineString", "coordinates": [ [ 138.567204800000042, -34.8901949 ], [ 138.5681667, -34.890852700000011 ], [ 138.5688864, -34.8910022 ] ] } },
{ "type": "Feature", "properties": { "osm_id": "1325555465", "road_name": "Stuart Road", "highway": "residential", "maxspeed_kmh": 40.0, "length_km": 0.10643651160800056 }, "geometry": { "type": "LineString", "coordinates": [ [ 138.6316373, -34.9352338 ], [ 138.6317178, -34.9361844 ] ] } },
{ "type": "Feature", "properties": { "osm_id": "1325555466", "road_name": "Stuart Road", "highway": "residential", "maxspeed_kmh": 40.0, "length_km": 0.051275815045362036 }, "geometry": { "type": "LineString", "coordinates": [ [ 138.6317178, -34.9361844 ], [ 138.6317516, -34.936642599999985 ] ] } },
{ "type": "Feature", "properties": { "osm_id": "1325555467", "road_name": "Stuart Road", "highway": "residential", "maxspeed_kmh": 40.0, "length_km": 0.065259860233892672 }, "geometry": { "type": "LineString", "coordinates": [ [ 138.6317516, -34.936642599999985 ], [ 138.631787800000012, -34.9372261 ] ] } },
{ "type": "Feature", "properties": { "osm_id": "1325555468", "road_name": "Stuart Road", "highway": "residential", "maxspeed_kmh": 40.0, "length_km": 0.041076997510418732 }, "geometry": { "type": "LineString", "coordinates": [ [ 138.631787800000012, -34.9372261 ], [ 138.6318123, -34.9375933 ] ] } },
{ "type": "Feature", "properties": { "osm_id": "1325555469", "road_name": "Stuart Road", "highway": "residential", "maxspeed_kmh": 40.0, "length_km": 0.064928698862063872 }, "geometry": { "type": "LineString", "coordinates": [ [ 138.631885, -34.9386209 ], [ 138.6319298, -34.939201 ] ] } },
{ "type": "Feature", "properties": { "osm_id": "1325555470", "road_name": "Stuart Road", "highway": "residential", "maxspeed_kmh": 40.0, "length_km": 0.040325292999244797 }, "geometry": { "type": "LineString", "coordinates": [ [ 138.6318592, -34.9382605 ], [ 138.631885, -34.9386209 ] ] } },
{ "type": "Feature", "properties": { "osm_id": "1325555471", "road_name": "Prescott Terrace", "highway": "residential", "maxspeed_kmh": 40.0, "length_km": 0.019670312127474745 }, "geometry": { "type": "LineString", "coordinates": [ [ 138.633005, -34.9321917 ], [ 138.63299760000001, -34.9320157 ] ] } },
{ "type": "Feature", "properties": { "osm_id": "1325555472", "road_name": "Grant Avenue", "highway": "residential", "maxspeed_kmh": 40.0, "length_km": 0.023518589777358646 }, "geometry": { "type": "LineString", "coordinates": [ [ 138.6326388, -34.9319542 ], [ 138.632894, -34.9319414 ] ] } },
{ "type": "Feature", "properties": { "osm_id": "1325555473", "road_name": "Prescott Terrace", "highway": "residential", "maxspeed_kmh": 40.0, "length_km": 0.02140446888313665 }, "geometry": { "type": "LineString", "coordinates": [ [ 138.6329656, -34.931664499999989 ], [ 138.632981199999989, -34.931855700000014 ] ] } },
{ "type": "Feature", "properties": { "osm_id": "1325555474", "road_name": "Grant Avenue", "highway": "residential", "maxspeed_kmh": 40.0, "length_km": 0.023785589922301214 }, "geometry": { "type": "LineString", "coordinates": [ [ 138.630663, -34.932053300000014 ], [ 138.6309211, -34.9320404 ] ] } },
{ "type": "Feature", "properties": { "osm_id": "1326228652", "road_name": "Fifth Street", "highway": "residential", "maxspeed_kmh": 40.0, "length_km": 0.0029339941446651511 }, "geometry": { "type": "LineString", "coordinates": [ [ 138.579140200000012, -34.9054257 ], [ 138.5791152, -34.9054094 ] ] } },
{ "type": "Feature", "properties": { "osm_id": "1337068931", "road_name": "Grant Avenue", "highway": "residential", "maxspeed_kmh": 40.0, "length_km": 0.027335187655523147 }, "geometry": { "type": "LineString", "coordinates": [ [ 138.6374913, -34.9316619 ], [ 138.6377874, -34.9316412 ] ] } },
{ "type": "Feature", "properties": { "osm_id": "1348467884", "road_name": "Tapestry Lane", "highway": "unclassified", "maxspeed_kmh": 40.0, "length_km": 0.071651904904683969 }, "geometry": { "type": "LineString", "coordinates": [ [ 138.5761197, -34.9051613 ], [ 138.575623799999988, -34.9056558 ] ] } },
{ "type": "Feature", "properties": { "osm_id": "1352241359", "road_name": "Stuart Road", "highway": "residential", "maxspeed_kmh": 40.0, "length_km": 0.013801044747302687 }, "geometry": { "type": "LineString", "coordinates": [ [ 138.6315959, -34.9347876 ], [ 138.6316056, -34.9349109 ] ] } },
{ "type": "Feature", "properties": { "osm_id": "1377843334", "road_name": "Bolingbroke Avenue", "highway": "residential", "maxspeed_kmh": 40.0, "length_km": 0.092313452416217759 }, "geometry": { "type": "LineString", "coordinates": [ [ 138.5805619, -34.8891433 ], [ 138.580618, -34.8899684 ] ] } },
{ "type": "Feature", "properties": { "osm_id": "1377853128", "road_name": "Belford Avenue", "highway": "residential", "maxspeed_kmh": 40.0, "length_km": 0.078335824358539072 }, "geometry": { "type": "LineString", "coordinates": [ [ 138.5837468, -34.8881304 ], [ 138.5828971, -34.8881701 ] ] } },
{ "type": "Feature", "properties": { "osm_id": "1389271015", "road_name": null, "highway": "residential", "maxspeed_kmh": 40.0, "length_km": 0.04000515275327677 }, "geometry": { "type": "LineString", "coordinates": [ [ 138.6224331, -34.9213557 ], [ 138.6227624, -34.9215896 ] ] } },
{ "type": "Feature", "properties": { "osm_id": "1389271017", "road_name": "Orange Lane", "highway": "residential", "maxspeed_kmh": 40.0, "length_km": 0.076509452294554442 }, "geometry": { "type": "LineString", "coordinates": [ [ 138.6321316, -34.9203742 ], [ 138.6329574, -34.9203622 ] ] } },
{ "type": "Feature", "properties": { "osm_id": "1419323098", "road_name": "Amber Woods Drive", "highway": "residential", "maxspeed_kmh": 40.0, "length_km": 0.12121859602070337 }, "geometry": { "type": "LineString", "coordinates": [ [ 138.6337485, -34.9416091 ], [ 138.632433600000013, -34.9416689 ] ] } },
{ "type": "Feature", "properties": { "osm_id": "1419323099", "road_name": "Amber Woods Drive", "highway": "residential", "maxspeed_kmh": 40.0, "length_km": 0.027449417709036198 }, "geometry": { "type": "LineString", "coordinates": [ [ 138.632433600000013, -34.9416689 ], [ 138.632139, -34.941708199999987 ] ] } },
{ "type": "Feature", "properties": { "osm_id": "1420401641", "road_name": null, "highway": "residential", "maxspeed_kmh": 40.0, "length_km": 0.040997844332318754 }, "geometry": { "type": "LineString", "coordinates": [ [ 138.637441, -34.9445919 ], [ 138.63753220000001, -34.9445835 ], [ 138.637549299999989, -34.944668 ], [ 138.637449, -34.9446787 ], [ 138.637441, -34.9445919 ] ] } },
{ "type": "Feature", "properties": { "osm_id": "1420401642", "road_name": "Broughton Street", "highway": "residential", "maxspeed_kmh": 40.0, "length_km": 0.15450861194154511 }, "geometry": { "type": "LineString", "coordinates": [ [ 138.6357458, -34.9447223 ], [ 138.6374226, -34.9446376 ] ] } },
{ "type": "Feature", "properties": { "osm_id": "1420401643", "road_name": "Allinga Avenue", "highway": "residential", "maxspeed_kmh": 40.0, "length_km": 0.09747040376441797 }, "geometry": { "type": "LineString", "coordinates": [ [ 138.63757240000001, -34.9455606 ], [ 138.6374965, -34.9446902 ] ] } },
{ "type": "Feature", "properties": { "osm_id": "1422201612", "road_name": "Tourbridge Drive", "highway": "residential", "maxspeed_kmh": 40.0, "length_km": 0.015189216378506927 }, "geometry": { "type": "LineString", "coordinates": [ [ 138.4940121, -34.8809129 ], [ 138.4938572, -34.8809594 ] ] } },
{ "type": "Feature", "properties": { "osm_id": "1422613071", "road_name": "Second Avenue", "highway": "residential", "maxspeed_kmh": 40.0, "length_km": 0.027950878978902936 }, "geometry": { "type": "LineString", "coordinates": [ [ 138.518945300000013, -34.8832598 ], [ 138.5191309, -34.8830618 ] ] } },
{ "type": "Feature", "properties": { "osm_id": "1424421386", "road_name": "Kauper Street", "highway": "residential", "maxspeed_kmh": 40.0, "length_km": 0.01179227237000483 }, "geometry": { "type": "LineString", "coordinates": [ [ 138.510255300000011, -34.8668782 ], [ 138.5101302, -34.866863199999983 ] ] } },
{ "type": "Feature", "properties": { "osm_id": "1427394458", "road_name": "Hallam Terrace", "highway": "residential", "maxspeed_kmh": 40.0, "length_km": 0.019046881068628334 }, "geometry": { "type": "LineString", "coordinates": [ [ 138.4879172, -34.8914458 ], [ 138.4877434, -34.8915383 ] ] } },
{ "type": "Feature", "properties": { "osm_id": "1444687699", "road_name": "Ninth Avenue", "highway": "residential", "maxspeed_kmh": 40.0, "length_km": 0.0090472142277322042 }, "geometry": { "type": "LineString", "coordinates": [ [ 138.623298299999988, -34.8981892 ], [ 138.623242, -34.8982556 ] ] } },
{ "type": "Feature", "properties": { "osm_id": "1444687700", "road_name": "Ninth Avenue", "highway": "residential", "maxspeed_kmh": 40.0, "length_km": 0.26377615114206099 }, "geometry": { "type": "LineString", "coordinates": [ [ 138.623242, -34.8982556 ], [ 138.6215712, -34.9001741 ] ] } },
{ "type": "Feature", "properties": { "osm_id": "1444687701", "road_name": "Ninth Avenue", "highway": "residential", "maxspeed_kmh": 40.0, "length_km": 0.0087404028768643446 }, "geometry": { "type": "LineString", "coordinates": [ [ 138.6233538, -34.8981257 ], [ 138.623298299999988, -34.8981892 ] ] } },
{ "type": "Feature", "properties": { "osm_id": "1464295210", "road_name": "Sydenham Road", "highway": "residential", "maxspeed_kmh": 40.0, "length_km": 0.040536390650851864 }, "geometry": { "type": "LineString", "coordinates": [ [ 138.6271448, -34.9157128 ], [ 138.6271724, -34.916075 ] ] } },
{ "type": "Feature", "properties": { "osm_id": "1471520391", "road_name": "Pepper Street", "highway": "residential", "maxspeed_kmh": 40.0, "length_km": 0.20402340549853967 }, "geometry": { "type": "LineString", "coordinates": [ [ 138.6749702, -34.914980199999988 ], [ 138.6748387, -34.9131567 ] ] } },
{ "type": "Feature", "properties": { "osm_id": "1471520685", "road_name": "Cuthero Terrace", "highway": "residential", "maxspeed_kmh": 40.0, "length_km": 0.36911481217406711 }, "geometry": { "type": "LineString", "coordinates": [ [ 138.6587461, -34.9175168 ], [ 138.66274820000001, -34.9173504 ] ] } },
{ "type": "Feature", "properties": { "osm_id": "1471520686", "road_name": "Cuthero Terrace", "highway": "residential", "maxspeed_kmh": 40.0, "length_km": 0.016582119520496007 }, "geometry": { "type": "LineString", "coordinates": [ [ 138.66274820000001, -34.9173504 ], [ 138.662921800000021, -34.9173148 ] ] } },
{ "type": "Feature", "properties": { "osm_id": "1471521178", "road_name": "Briant Road", "highway": "residential", "maxspeed_kmh": 40.0, "length_km": 0.21307921803900212 }, "geometry": { "type": "LineString", "coordinates": [ [ 138.669260900000012, -34.913351 ], [ 138.6694214, -34.9152542 ] ] } },
{ "type": "Feature", "properties": { "osm_id": "1471521580", "road_name": "Chapel Street", "highway": "residential", "maxspeed_kmh": 40.0, "length_km": 0.11192266494158383 }, "geometry": { "type": "LineString", "coordinates": [ [ 138.6749702, -34.914980199999988 ], [ 138.6761845, -34.9149193 ] ] } },
{ "type": "Feature", "properties": { "osm_id": "1471521723", "road_name": "Pepper Street", "highway": "residential", "maxspeed_kmh": 40.0, "length_km": 0.0097833787723336941 }, "geometry": { "type": "LineString", "coordinates": [ [ 138.6748387, -34.9131567 ], [ 138.6748316, -34.913069299999989 ] ] } },
{ "type": "Feature", "properties": { "osm_id": "1471865775", "road_name": "Beulah Road", "highway": "residential", "maxspeed_kmh": 40.0, "length_km": 0.0054824596477685231 }, "geometry": { "type": "LineString", "coordinates": [ [ 138.6317392, -34.9182795 ], [ 138.6317987, -34.9182768 ] ] } },
{ "type": "Feature", "properties": { "osm_id": "1471865776", "road_name": "Beulah Road", "highway": "residential", "maxspeed_kmh": 40.0, "length_km": 0.0054245242515436262 }, "geometry": { "type": "LineString", "coordinates": [ [ 138.6320322, -34.9182672 ], [ 138.6319733, -34.9182694 ] ] } },
{ "type": "Feature", "properties": { "osm_id": "1471866808", "road_name": "Beulah Road", "highway": "residential", "maxspeed_kmh": 40.0, "length_km": 0.019888154532961898 }, "geometry": { "type": "LineString", "coordinates": [ [ 138.6585206, -34.9170047 ], [ 138.6583049, -34.9170165 ] ] } },
{ "type": "Feature", "properties": { "osm_id": "1471866809", "road_name": "Cuthero Terrace", "highway": "residential", "maxspeed_kmh": 40.0, "length_km": 0.017120329484301387 }, "geometry": { "type": "LineString", "coordinates": [ [ 138.6585605, -34.9175277 ], [ 138.6587461, -34.9175168 ] ] } },
{ "type": "Feature", "properties": { "osm_id": "1471866810", "road_name": "Briant Road", "highway": "residential", "maxspeed_kmh": 40.0, "length_km": 0.22679417371056274 }, "geometry": { "type": "LineString", "coordinates": [ [ 138.6694214, -34.9152542 ], [ 138.6695392, -34.9169748 ], [ 138.6692916, -34.9171484 ] ] } },
{ "type": "Feature", "properties": { "osm_id": "1471883645", "road_name": null, "highway": "residential", "maxspeed_kmh": 40.0, "length_km": 0.0087297908796700793 }, "geometry": { "type": "LineString", "coordinates": [ [ 138.627563, -34.9215313 ], [ 138.6276024, -34.9216024 ] ] } },
{ "type": "Feature", "properties": { "osm_id": "1471885496", "road_name": "Sydenham Road", "highway": "residential", "maxspeed_kmh": 40.0, "length_km": 0.020120571579526993 }, "geometry": { "type": "LineString", "coordinates": [ [ 138.6275961, -34.921762 ], [ 138.627481100000011, -34.9216098 ] ] } },
{ "type": "Feature", "properties": { "osm_id": "1471885497", "road_name": "Sydenham Road", "highway": "residential", "maxspeed_kmh": 40.0, "length_km": 0.021371650485828134 }, "geometry": { "type": "LineString", "coordinates": [ [ 138.6275695, -34.9213598 ], [ 138.6276848, -34.921523699999987 ] ] } },
{ "type": "Feature", "properties": { "osm_id": "1471885498", "road_name": "Sydenham Road", "highway": "residential", "maxspeed_kmh": 40.0, "length_km": 0.019226110889211036 }, "geometry": { "type": "LineString", "coordinates": [ [ 138.627563, -34.9215313 ], [ 138.6275695, -34.9213598 ] ] } },
{ "type": "Feature", "properties": { "osm_id": "1471885499", "road_name": "Sydenham Road", "highway": "residential", "maxspeed_kmh": 40.0, "length_km": 0.017927118427260805 }, "geometry": { "type": "LineString", "coordinates": [ [ 138.6276024, -34.9216024 ], [ 138.6275961, -34.921762 ] ] } },
{ "type": "Feature", "properties": { "osm_id": "1472128722", "road_name": "George Street", "highway": "residential", "maxspeed_kmh": 40.0, "length_km": 0.044552420974782993 }, "geometry": { "type": "LineString", "coordinates": [ [ 138.6365982, -34.9210725 ], [ 138.6365664, -34.9206745 ] ] } },
{ "type": "Feature", "properties": { "osm_id": "1472128859", "road_name": "George Street", "highway": "residential", "maxspeed_kmh": 40.0, "length_km": 0.054556780763261863 }, "geometry": { "type": "LineString", "coordinates": [ [ 138.6365562, -34.9205369 ], [ 138.6365194, -34.920049399999989 ] ] } },
{ "type": "Feature", "properties": { "osm_id": "1474272959", "road_name": "Overbury Drive", "highway": "residential", "maxspeed_kmh": 40.0, "length_km": 0.014043235801475493 }, "geometry": { "type": "LineString", "coordinates": [ [ 138.588263399999988, -34.9637632 ], [ 138.5881205, -34.9637909 ] ] } },
{ "type": "Feature", "properties": { "osm_id": "1474272962", "road_name": "Overbury Drive", "highway": "residential", "maxspeed_kmh": 40.0, "length_km": 0.0059219759495206976 }, "geometry": { "type": "LineString", "coordinates": [ [ 138.5883275, -34.9637581 ], [ 138.588263399999988, -34.9637632 ] ] } },
{ "type": "Feature", "properties": { "osm_id": "1474344308", "road_name": "Constellation Court", "highway": "residential", "maxspeed_kmh": 40.0, "length_km": 0.0076248657902993127 }, "geometry": { "type": "LineString", "coordinates": [ [ 138.4833226, -34.784251900000015 ], [ 138.483279399999986, -34.7843101 ] ] } },
{ "type": "Feature", "properties": { "osm_id": "1475538096", "road_name": "Otto Avenue", "highway": "residential", "maxspeed_kmh": 40.0, "length_km": 0.13154038041198973 }, "geometry": { "type": "LineString", "coordinates": [ [ 138.6332984, -34.9145562 ], [ 138.6328677, -34.9147177 ], [ 138.6325821, -34.9143093 ], [ 138.6322439, -34.9144151 ] ] } },
{ "type": "Feature", "properties": { "osm_id": "1477458695", "road_name": "Stuart Road", "highway": "residential", "maxspeed_kmh": 40.0, "length_km": 0.029193135557083912 }, "geometry": { "type": "LineString", "coordinates": [ [ 138.6319627, -34.9395143 ], [ 138.63218470000001, -34.9396902 ] ] } },
{ "type": "Feature", "properties": { "osm_id": "1477458696", "road_name": "Stuart Road", "highway": "residential", "maxspeed_kmh": 40.0, "length_km": 0.021463070148577346 }, "geometry": { "type": "LineString", "coordinates": [ [ 138.6319627, -34.9395143 ], [ 138.6319819, -34.9397058 ] ] } },
{ "type": "Feature", "properties": { "osm_id": "1477458699", "road_name": "Mulberry Road", "highway": "residential", "maxspeed_kmh": 40.0, "length_km": 0.041973536341142925 }, "geometry": { "type": "LineString", "coordinates": [ [ 138.6252154, -34.943224499999985 ], [ 138.6248928, -34.943469099999987 ] ] } },
{ "type": "Feature", "properties": { "osm_id": "1477458700", "road_name": "Mulberry Road", "highway": "residential", "maxspeed_kmh": 40.0, "length_km": 0.24422413125614273 }, "geometry": { "type": "LineString", "coordinates": [ [ 138.6252154, -34.943224499999985 ], [ 138.6264108, -34.9432734 ], [ 138.6268514, -34.944316 ] ] } },
{ "type": "Feature", "properties": { "osm_id": "1477458701", "road_name": "Mulberry Road", "highway": "residential", "maxspeed_kmh": 40.0, "length_km": 0.0094887688498775883 }, "geometry": { "type": "LineString", "coordinates": [ [ 138.6251125, -34.9432306 ], [ 138.6252154, -34.943224499999985 ] ] } },
{ "type": "Feature", "properties": { "osm_id": "1477458702", "road_name": "Mulberry Road", "highway": "residential", "maxspeed_kmh": 40.0, "length_km": 0.021743324776776051 }, "geometry": { "type": "LineString", "coordinates": [ [ 138.62487680000001, -34.9432456 ], [ 138.6251125, -34.9432306 ] ] } },
{ "type": "Feature", "properties": { "osm_id": "1477458722", "road_name": "Cambridge Terrace", "highway": "residential", "maxspeed_kmh": 40.0, "length_km": 0.018341789380339958 }, "geometry": { "type": "LineString", "coordinates": [ [ 138.6121343, -34.9544584 ], [ 138.6121594, -34.9542955 ] ] } },
{ "type": "Feature", "properties": { "osm_id": "1477458724", "road_name": "Cambridge Terrace", "highway": "residential", "maxspeed_kmh": 40.0, "length_km": 0.043003104180975124 }, "geometry": { "type": "LineString", "coordinates": [ [ 138.612228499999986, -34.9545837 ], [ 138.612203599999987, -34.9547764 ], [ 138.6121488, -34.9545906 ] ] } },
{ "type": "Feature", "properties": { "osm_id": "1477458725", "road_name": "Cambridge Terrace", "highway": "residential", "maxspeed_kmh": 40.0, "length_km": 0.017799092437914818 }, "geometry": { "type": "LineString", "coordinates": [ [ 138.6121594, -34.9542955 ], [ 138.6122058, -34.954450199999989 ] ] } },
{ "type": "Feature", "properties": { "osm_id": "1477458791", "road_name": "Cambridge Terrace", "highway": "residential", "maxspeed_kmh": 40.0, "length_km": 0.020870803054447683 }, "geometry": { "type": "LineString", "coordinates": [ [ 138.612457799999987, -34.95756 ], [ 138.61243060000001, -34.9577455 ] ] } },
{ "type": "Feature", "properties": { "osm_id": "1477458793", "road_name": "Cambridge Terrace", "highway": "residential", "maxspeed_kmh": 40.0, "length_km": 0.020592991584787224 }, "geometry": { "type": "LineString", "coordinates": [ [ 138.61243060000001, -34.9577455 ], [ 138.6123833, -34.9575653 ] ] } },
{ "type": "Feature", "properties": { "osm_id": "1477458798", "road_name": "Cambridge Terrace", "highway": "residential", "maxspeed_kmh": 40.0, "length_km": 0.019323960823343953 }, "geometry": { "type": "LineString", "coordinates": [ [ 138.612374499999987, -34.9574627 ], [ 138.612403, -34.9572913 ] ] } },
{ "type": "Feature", "properties": { "osm_id": "1477458799", "road_name": "Cambridge Terrace", "highway": "residential", "maxspeed_kmh": 40.0, "length_km": 0.01923096238319414 }, "geometry": { "type": "LineString", "coordinates": [ [ 138.612403, -34.9572913 ], [ 138.6124465, -34.9574597 ] ] } },
{ "type": "Feature", "properties": { "osm_id": "1478756438", "road_name": "East Terrace", "highway": "tertiary", "maxspeed_kmh": 40.0, "length_km": 0.0085465566412409651 }, "geometry": { "type": "LineString", "coordinates": [ [ 138.496989899999988, -34.9166042 ], [ 138.4969946, -34.9166806 ] ] } },
{ "type": "Feature", "properties": { "osm_id": "1481638938", "road_name": "Redin Street", "highway": "residential", "maxspeed_kmh": 40.0, "length_km": 0.012865937225676348 }, "geometry": { "type": "LineString", "coordinates": [ [ 138.589205, -34.8760854 ], [ 138.5893442, -34.8760957 ] ] } },
{ "type": "Feature", "properties": { "osm_id": "1481638939", "road_name": "Redin Street", "highway": "residential", "maxspeed_kmh": 40.0, "length_km": 0.012444417360552053 }, "geometry": { "type": "LineString", "coordinates": [ [ 138.589048800000029, -34.8761474 ], [ 138.5889191, -34.876116 ] ] } },
{ "type": "Feature", "properties": { "osm_id": "1481638940", "road_name": "Redin Street", "highway": "residential", "maxspeed_kmh": 40.0, "length_km": 0.01243128622072559 }, "geometry": { "type": "LineString", "coordinates": [ [ 138.5889191, -34.876116 ], [ 138.5890458, -34.8760775 ] ] } },
{ "type": "Feature", "properties": { "osm_id": "1481638949", "road_name": "Redin Street", "highway": "residential", "maxspeed_kmh": 40.0, "length_km": 0.013774955645126142 }, "geometry": { "type": "LineString", "coordinates": [ [ 138.5893442, -34.8760957 ], [ 138.5892036, -34.8761379 ] ] } },
{ "type": "Feature", "properties": { "osm_id": "1482102867", "road_name": "Dulwich Avenue", "highway": "residential", "maxspeed_kmh": 40.0, "length_km": 0.010701030574426623 }, "geometry": { "type": "LineString", "coordinates": [ [ 138.631387600000011, -34.9350002 ], [ 138.6315037, -34.934994100000011 ] ] } },
{ "type": "Feature", "properties": { "osm_id": "1484187666", "road_name": "Church Avenue", "highway": "residential", "maxspeed_kmh": 40.0, "length_km": 0.089456044518442801 }, "geometry": { "type": "LineString", "coordinates": [ [ 138.6332787, -34.9212382 ], [ 138.6333577, -34.9220361 ] ] } },
{ "type": "Feature", "properties": { "osm_id": "1484220684", "road_name": "Edward Street", "highway": "residential", "maxspeed_kmh": 40.0, "length_km": 0.022110891068569023 }, "geometry": { "type": "LineString", "coordinates": [ [ 138.634426499999989, -34.9214482 ], [ 138.634326, -34.9212695 ] ] } },
{ "type": "Feature", "properties": { "osm_id": "1484220685", "road_name": "Edward Street", "highway": "residential", "maxspeed_kmh": 40.0, "length_km": 0.020456574855004156 }, "geometry": { "type": "LineString", "coordinates": [ [ 138.6344234, -34.9212656 ], [ 138.634426499999989, -34.9214482 ] ] } },
{ "type": "Feature", "properties": { "osm_id": "1484220689", "road_name": "Edward Street", "highway": "residential", "maxspeed_kmh": 40.0, "length_km": 0.024923103870531409 }, "geometry": { "type": "LineString", "coordinates": [ [ 138.634378199999986, -34.921188 ], [ 138.6343904, -34.9209664 ] ] } },
{ "type": "Feature", "properties": { "osm_id": "1484220690", "road_name": "Edward Street", "highway": "residential", "maxspeed_kmh": 40.0, "length_km": 0.025785895682490102 }, "geometry": { "type": "LineString", "coordinates": [ [ 138.6343904, -34.9209664 ], [ 138.6344828, -34.921183 ] ] } },
{ "type": "Feature", "properties": { "osm_id": "1484220720", "road_name": "Florence Crescent", "highway": "residential", "maxspeed_kmh": 40.0, "length_km": 0.013944009781018774 }, "geometry": { "type": "LineString", "coordinates": [ [ 138.5764801, -34.9003753 ], [ 138.576334800000012, -34.9003411 ] ] } },
{ "type": "Feature", "properties": { "osm_id": "1484220721", "road_name": "Florence Crescent", "highway": "residential", "maxspeed_kmh": 40.0, "length_km": 0.014994601590338419 }, "geometry": { "type": "LineString", "coordinates": [ [ 138.576334800000012, -34.9003411 ], [ 138.576460200000014, -34.9002554 ] ] } },
{ "type": "Feature", "properties": { "osm_id": "1484220722", "road_name": "Ethelbert Square", "highway": "residential", "maxspeed_kmh": 40.0, "length_km": 0.10485902012947204 }, "geometry": { "type": "LineString", "coordinates": [ [ 138.576460200000014, -34.9002554 ], [ 138.576862799999986, -34.8999816 ], [ 138.5773187, -34.9002669 ] ] } },
{ "type": "Feature", "properties": { "osm_id": "1484220723", "road_name": "Ethelbert Square", "highway": "residential", "maxspeed_kmh": 40.0, "length_km": 0.013777465770745116 }, "geometry": { "type": "LineString", "coordinates": [ [ 138.5764801, -34.9003753 ], [ 138.576460200000014, -34.9002554 ] ] } },
{ "type": "Feature", "properties": { "osm_id": "1486210238", "road_name": "Flemington Street", "highway": "residential", "maxspeed_kmh": 40.0, "length_km": 0.017126175201499876 }, "geometry": { "type": "LineString", "coordinates": [ [ 138.6339792, -34.945852199999983 ], [ 138.633793700000012, -34.9458388 ] ] } },
{ "type": "Feature", "properties": { "osm_id": "1486210239", "road_name": "Flemington Street", "highway": "residential", "maxspeed_kmh": 40.0, "length_km": 0.017582705339649059 }, "geometry": { "type": "LineString", "coordinates": [ [ 138.633793700000012, -34.9458388 ], [ 138.6339726, -34.9457833 ] ] } },
{ "type": "Feature", "properties": { "osm_id": "1486210242", "road_name": "Conyngham Street", "highway": "tertiary", "maxspeed_kmh": 40.0, "length_km": 0.016891763266286271 }, "geometry": { "type": "LineString", "coordinates": [ [ 138.6341083, -34.9458777 ], [ 138.6340806, -34.9460272 ] ] } },
{ "type": "Feature", "properties": { "osm_id": "1486210243", "road_name": "Windsor Road", "highway": "residential", "maxspeed_kmh": 40.0, "length_km": 0.013810948969633561 }, "geometry": { "type": "LineString", "coordinates": [ [ 138.6341429, -34.945772800000015 ], [ 138.6342908, -34.945794199999987 ] ] } },
{ "type": "Feature", "properties": { "osm_id": "1486210244", "road_name": "Windsor Road", "highway": "residential", "maxspeed_kmh": 40.0, "length_km": 0.013618128679660176 }, "geometry": { "type": "LineString", "coordinates": [ [ 138.6342908, -34.945794199999987 ], [ 138.634150799999986, -34.9458339 ] ] } },
{ "type": "Feature", "properties": { "osm_id": "1486210248", "road_name": "Conyngham Street", "highway": "tertiary", "maxspeed_kmh": 40.0, "length_km": 0.016547700575610114 }, "geometry": { "type": "LineString", "coordinates": [ [ 138.6340806, -34.9460272 ], [ 138.6340293, -34.9458852 ] ] } },
{ "type": "Feature", "properties": { "osm_id": "1486210250", "road_name": "Conyngham Street", "highway": "tertiary", "maxspeed_kmh": 40.0, "length_km": 0.014770211832461383 }, "geometry": { "type": "LineString", "coordinates": [ [ 138.634013, -34.9457445 ], [ 138.6340443, -34.9456148 ] ] } },
{ "type": "Feature", "properties": { "osm_id": "1486210251", "road_name": "Conyngham Street", "highway": "tertiary", "maxspeed_kmh": 40.0, "length_km": 0.013920698183148264 }, "geometry": { "type": "LineString", "coordinates": [ [ 138.6340443, -34.9456148 ], [ 138.6340834, -34.9457352 ] ] } },
{ "type": "Feature", "properties": { "osm_id": "1487098106", "road_name": "Woodville Road", "highway": "secondary", "maxspeed_kmh": 40.0, "length_km": 0.031541880439614686 }, "geometry": { "type": "LineString", "coordinates": [ [ 138.53230210000001, -34.8842751 ], [ 138.5321044, -34.8845057 ] ] } },
{ "type": "Feature", "properties": { "osm_id": "1487098108", "road_name": "Woodville Road", "highway": "secondary", "maxspeed_kmh": 40.0, "length_km": 0.017791293932837075 }, "geometry": { "type": "LineString", "coordinates": [ [ 138.5322287, -34.8842267 ], [ 138.5323361, -34.8840943 ] ] } },
{ "type": "Feature", "properties": { "osm_id": "1487098109", "road_name": "Woodville Road", "highway": "secondary", "maxspeed_kmh": 40.0, "length_km": 0.36569242714054662 }, "geometry": { "type": "LineString", "coordinates": [ [ 138.5323361, -34.8840943 ], [ 138.5345668, -34.881386499999984 ] ] } },
{ "type": "Feature", "properties": { "osm_id": "1487098110", "road_name": "Woodville Road", "highway": "secondary", "maxspeed_kmh": 40.0, "length_km": 0.018089015767330564 }, "geometry": { "type": "LineString", "coordinates": [ [ 138.532414, -34.884142 ], [ 138.53230210000001, -34.8842751 ] ] } },
{ "type": "Feature", "properties": { "osm_id": "1495463444", "road_name": "George Street", "highway": "residential", "maxspeed_kmh": 40.0, "length_km": 0.01741055909079094 }, "geometry": { "type": "LineString", "coordinates": [ [ 138.636816399999987, -34.9239546 ], [ 138.6368578, -34.9241067 ] ] } },
{ "type": "Feature", "properties": { "osm_id": "1495463447", "road_name": "George Street", "highway": "residential", "maxspeed_kmh": 40.0, "length_km": 0.017328393893085513 }, "geometry": { "type": "LineString", "coordinates": [ [ 138.6367917, -34.9241084 ], [ 138.636816399999987, -34.9239546 ] ] } },
{ "type": "Feature", "properties": { "osm_id": "1495463448", "road_name": "William Street", "highway": "residential", "maxspeed_kmh": 40.0, "length_km": 0.017167947651696946 }, "geometry": { "type": "LineString", "coordinates": [ [ 138.6365644, -34.9241866 ], [ 138.636745100000013, -34.9241482 ] ] } },
{ "type": "Feature", "properties": { "osm_id": "1495463449", "road_name": "William Street", "highway": "residential", "maxspeed_kmh": 40.0, "length_km": 0.016517540501752567 }, "geometry": { "type": "LineString", "coordinates": [ [ 138.6367438, -34.9241926 ], [ 138.6365644, -34.9241866 ] ] } },
{ "type": "Feature", "properties": { "osm_id": "1495463452", "road_name": "William Street", "highway": "residential", "maxspeed_kmh": 40.0, "length_km": 0.021326554469200766 }, "geometry": { "type": "LineString", "coordinates": [ [ 138.6371327, -34.9241564 ], [ 138.6369061, -34.9241967 ] ] } },
{ "type": "Feature", "properties": { "osm_id": "1495463453", "road_name": "William Street", "highway": "residential", "maxspeed_kmh": 40.0, "length_km": 0.021043786303044116 }, "geometry": { "type": "LineString", "coordinates": [ [ 138.6369043, -34.924146 ], [ 138.6371327, -34.9241564 ] ] } },
{ "type": "Feature", "properties": { "osm_id": "1495463456", "road_name": "George Street", "highway": "residential", "maxspeed_kmh": 40.0, "length_km": 0.015210772591450251 }, "geometry": { "type": "LineString", "coordinates": [ [ 138.6368707, -34.9242312 ], [ 138.636845599999987, -34.9243658 ] ] } },
{ "type": "Feature", "properties": { "osm_id": "1495463594", "road_name": "Clark Street", "highway": "residential", "maxspeed_kmh": 40.0, "length_km": 0.016069611442255907 }, "geometry": { "type": "LineString", "coordinates": [ [ 138.5962494, -34.9429556 ], [ 138.5962072, -34.942816 ] ] } },
{ "type": "Feature", "properties": { "osm_id": "1495463595", "road_name": "Clark Street", "highway": "residential", "maxspeed_kmh": 40.0, "length_km": 0.0156932920672345 }, "geometry": { "type": "LineString", "coordinates": [ [ 138.5962663, -34.9428158 ], [ 138.5962494, -34.9429556 ] ] } },
{ "type": "Feature", "properties": { "osm_id": "1495463596", "road_name": "Rose Terrace", "highway": "residential", "maxspeed_kmh": 40.0, "length_km": 0.016887226250771641 }, "geometry": { "type": "LineString", "coordinates": [ [ 138.596154, -34.942776 ], [ 138.5959709, -34.9427649 ] ] } },
{ "type": "Feature", "properties": { "osm_id": "1495463599", "road_name": "Rose Terrace", "highway": "residential", "maxspeed_kmh": 40.0, "length_km": 0.016789316718253396 }, "geometry": { "type": "LineString", "coordinates": [ [ 138.5959709, -34.9427649 ], [ 138.5961485, -34.9427302 ] ] } },
{ "type": "Feature", "properties": { "osm_id": "1495463600", "road_name": "Clark Street", "highway": "residential", "maxspeed_kmh": 40.0, "length_km": 0.019139988083644865 }, "geometry": { "type": "LineString", "coordinates": [ [ 138.59622, -34.9425204 ], [ 138.5962834, -34.9426836 ] ] } },
{ "type": "Feature", "properties": { "osm_id": "1495463601", "road_name": "Clark Street", "highway": "residential", "maxspeed_kmh": 40.0, "length_km": 0.017743849774575965 }, "geometry": { "type": "LineString", "coordinates": [ [ 138.5962013, -34.9426785 ], [ 138.59622, -34.9425204 ] ] } },
{ "type": "Feature", "properties": { "osm_id": "1495463608", "road_name": "Clark Street", "highway": "residential", "maxspeed_kmh": 40.0, "length_km": 0.025694378510467287 }, "geometry": { "type": "LineString", "coordinates": [ [ 138.596381400000013, -34.9450511 ], [ 138.5963968, -34.9449399 ], [ 138.5964487, -34.94505 ] ] } },
{ "type": "Feature", "properties": { "osm_id": "1495463609", "road_name": "Young Street", "highway": "residential", "maxspeed_kmh": 40.0, "length_km": 0.011651395680798055 }, "geometry": { "type": "LineString", "coordinates": [ [ 138.5966328, -34.9451122 ], [ 138.596512, -34.9451436 ] ] } },
{ "type": "Feature", "properties": { "osm_id": "1495463610", "road_name": "Young Street", "highway": "residential", "maxspeed_kmh": 40.0, "length_km": 0.011191843144562907 }, "geometry": { "type": "LineString", "coordinates": [ [ 138.5963265, -34.9451554 ], [ 138.5962068, -34.945137399999986 ] ] } },
{ "type": "Feature", "properties": { "osm_id": "1495463611", "road_name": "Young Street", "highway": "residential", "maxspeed_kmh": 40.0, "length_km": 0.010953165001305727 }, "geometry": { "type": "LineString", "coordinates": [ [ 138.5965138, -34.9451159 ], [ 138.5966328, -34.9451122 ] ] } },
{ "type": "Feature", "properties": { "osm_id": "1495463612", "road_name": "Young Street", "highway": "residential", "maxspeed_kmh": 40.0, "length_km": 0.010702036524545742 }, "geometry": { "type": "LineString", "coordinates": [ [ 138.5962068, -34.945137399999986 ], [ 138.596319599999987, -34.9451139 ] ] } },
{ "type": "Feature", "properties": { "osm_id": "1495463613", "road_name": "Young Street", "highway": "residential", "maxspeed_kmh": 40.0, "length_km": 0.026025681478972613 }, "geometry": { "type": "LineString", "coordinates": [ [ 138.5927311, -34.9453415 ], [ 138.5925945, -34.9453276 ], [ 138.5927335, -34.9452934 ] ] } },
{ "type": "Feature", "properties": { "osm_id": "1495463614", "road_name": "Joslin Street", "highway": "residential", "maxspeed_kmh": 40.0, "length_km": 0.033902536828229995 }, "geometry": { "type": "LineString", "coordinates": [ [ 138.5927682, -34.9452626 ], [ 138.592782, -34.9451156 ], [ 138.592833899999988, -34.9452657 ] ] } },
{ "type": "Feature", "properties": { "osm_id": "1495463641", "road_name": "George Street", "highway": "residential", "maxspeed_kmh": 40.0, "length_km": 0.014062611155880381 }, "geometry": { "type": "LineString", "coordinates": [ [ 138.636845599999987, -34.9243658 ], [ 138.636817799999989, -34.924242 ] ] } },
{ "type": "Feature", "properties": { "osm_id": "1495762143", "road_name": "Elizabeth Street", "highway": "residential", "maxspeed_kmh": 40.0, "length_km": 0.023518550515258328 }, "geometry": { "type": "LineString", "coordinates": [ [ 138.6299775, -34.9244413 ], [ 138.6299974, -34.9242316 ] ] } },
{ "type": "Feature", "properties": { "osm_id": "1495762144", "road_name": "Elizabeth Street", "highway": "residential", "maxspeed_kmh": 40.0, "length_km": 0.023047325466926172 }, "geometry": { "type": "LineString", "coordinates": [ [ 138.6299974, -34.9242316 ], [ 138.630034, -34.9244355 ] ] } },
{ "type": "Feature", "properties": { "osm_id": "1495762145", "road_name": "William Street", "highway": "residential", "maxspeed_kmh": 40.0, "length_km": 0.02132795634711895 }, "geometry": { "type": "LineString", "coordinates": [ [ 138.629928799999988, -34.924539 ], [ 138.6296978, -34.9245228 ] ] } },
{ "type": "Feature", "properties": { "osm_id": "1495762146", "road_name": "William Street", "highway": "residential", "maxspeed_kmh": 40.0, "length_km": 0.020919243275867142 }, "geometry": { "type": "LineString", "coordinates": [ [ 138.6296978, -34.9245228 ], [ 138.6299228, -34.9244957 ] ] } },
{ "type": "Feature", "properties": { "osm_id": "1495762147", "road_name": "Elizabeth Street", "highway": "residential", "maxspeed_kmh": 40.0, "length_km": 0.020988703023554791 }, "geometry": { "type": "LineString", "coordinates": [ [ 138.6300618, -34.924581499999988 ], [ 138.630039399999987, -34.9247685 ] ] } },
{ "type": "Feature", "properties": { "osm_id": "1495762148", "road_name": "Elizabeth Street", "highway": "residential", "maxspeed_kmh": 40.0, "length_km": 0.020616488219126664 }, "geometry": { "type": "LineString", "coordinates": [ [ 138.630039399999987, -34.9247685 ], [ 138.629994900000014, -34.9245876 ] ] } },
{ "type": "Feature", "properties": { "osm_id": "1495762149", "road_name": "William Street", "highway": "residential", "maxspeed_kmh": 40.0, "length_km": 0.041334931473809962 }, "geometry": { "type": "LineString", "coordinates": [ [ 138.630094899999989, -34.9244687 ], [ 138.6303236, -34.9244875 ], [ 138.630109800000014, -34.9245279 ] ] } },
{ "type": "Feature", "properties": { "osm_id": "1495762168", "road_name": "William Street", "highway": "residential", "maxspeed_kmh": 40.0, "length_km": 0.017426981377587466 }, "geometry": { "type": "LineString", "coordinates": [ [ 138.6277407, -34.924655799999982 ], [ 138.627552, -34.9246421 ] ] } },
{ "type": "Feature", "properties": { "osm_id": "1495762169", "road_name": "William Street", "highway": "residential", "maxspeed_kmh": 40.0, "length_km": 0.018788001980380178 }, "geometry": { "type": "LineString", "coordinates": [ [ 138.627892800000012, -34.924593599999987 ], [ 138.6280961, -34.9246096 ] ] } },
{ "type": "Feature", "properties": { "osm_id": "1495762170", "road_name": "William Street", "highway": "residential", "maxspeed_kmh": 40.0, "length_km": 0.017117277813965423 }, "geometry": { "type": "LineString", "coordinates": [ [ 138.627552, -34.9246421 ], [ 138.6277337, -34.9246091 ] ] } },
{ "type": "Feature", "properties": { "osm_id": "1495762171", "road_name": "William Street", "highway": "residential", "maxspeed_kmh": 40.0, "length_km": 0.018259643732026803 }, "geometry": { "type": "LineString", "coordinates": [ [ 138.6280961, -34.9246096 ], [ 138.6279007, -34.9246383 ] ] } },
{ "type": "Feature", "properties": { "osm_id": "1495762176", "road_name": "Sydenham Road", "highway": "residential", "maxspeed_kmh": 40.0, "length_km": 0.029070883212722127 }, "geometry": { "type": "LineString", "coordinates": [ [ 138.6277773, -34.9245635 ], [ 138.627798899999988, -34.9244323 ], [ 138.627835800000014, -34.9245565 ] ] } },
{ "type": "Feature", "properties": { "osm_id": "1495762177", "road_name": "Sydenham Road", "highway": "residential", "maxspeed_kmh": 40.0, "length_km": 0.031842410316606153 }, "geometry": { "type": "LineString", "coordinates": [ [ 138.627857400000011, -34.9246866 ], [ 138.6278375, -34.924831 ], [ 138.627804, -34.924694 ] ] } },
{ "type": "Feature", "properties": { "osm_id": "1496869390", "road_name": "Leah Street", "highway": "tertiary", "maxspeed_kmh": 40.0, "length_km": 0.01587302380150804 }, "geometry": { "type": "LineString", "coordinates": [ [ 138.5813981, -34.95356 ], [ 138.581428, -34.9536999 ] ] } },
{ "type": "Feature", "properties": { "osm_id": "1496981967", "road_name": "Alexandra Avenue", "highway": "residential", "maxspeed_kmh": 40.0, "length_km": 0.021775916749873125 }, "geometry": { "type": "LineString", "coordinates": [ [ 138.6329447, -34.9307388 ], [ 138.633162700000014, -34.930805599999985 ] ] } },
{ "type": "Feature", "properties": { "osm_id": "1496981968", "road_name": "Alexandra Avenue", "highway": "residential", "maxspeed_kmh": 40.0, "length_km": 0.021307004934314654 }, "geometry": { "type": "LineString", "coordinates": [ [ 138.633162700000014, -34.930805599999985 ], [ 138.6329361, -34.9308174 ] ] } },
{ "type": "Feature", "properties": { "osm_id": "1497797680", "road_name": "Grant Avenue", "highway": "residential", "maxspeed_kmh": 40.0, "length_km": 0.026646949529730884 }, "geometry": { "type": "LineString", "coordinates": [ [ 138.628969100000035, -34.9321474 ], [ 138.629258, -34.9321299 ] ] } },
{ "type": "Feature", "properties": { "osm_id": "1500635020", "road_name": "Cadence Place", "highway": "residential", "maxspeed_kmh": 40.0, "length_km": 0.071727937025475627 }, "geometry": { "type": "LineString", "coordinates": [ [ 138.5761383, -34.9059969 ], [ 138.5766217, -34.905493199999988 ] ] } },
{ "type": "Feature", "properties": { "osm_id": "1500704563", "road_name": "St Clair Avenue", "highway": "residential", "maxspeed_kmh": 40.0, "length_km": 0.015346348849989654 }, "geometry": { "type": "LineString", "coordinates": [ [ 138.5289952, -34.8683555 ], [ 138.52916110000001, -34.8683687 ] ] } },
{ "type": "Feature", "properties": { "osm_id": "1500704565", "road_name": "St Clair Avenue", "highway": "residential", "maxspeed_kmh": 40.0, "length_km": 0.12723511801900741 }, "geometry": { "type": "LineString", "coordinates": [ [ 138.52916110000001, -34.8683687 ], [ 138.5305375, -34.8684438 ] ] } },
{ "type": "Feature", "properties": { "osm_id": "1502361572", "road_name": "Brebner Drive", "highway": "tertiary", "maxspeed_kmh": 40.0, "length_km": 0.057931735223840264 }, "geometry": { "type": "LineString", "coordinates": [ [ 138.4912742, -34.87686690000001 ], [ 138.4918212, -34.8766117 ] ] } },
{ "type": "Feature", "properties": { "osm_id": "1502361573", "road_name": "Brebner Drive", "highway": "tertiary", "maxspeed_kmh": 40.0, "length_km": 0.5345177735645249 }, "geometry": { "type": "LineString", "coordinates": [ [ 138.489287, -34.8809119 ], [ 138.489418, -34.8782912 ], [ 138.4901381, -34.8774357 ], [ 138.4912742, -34.87686690000001 ] ] } },
{ "type": "Feature", "properties": { "osm_id": "1508041665", "road_name": "Marina Court", "highway": "residential", "maxspeed_kmh": 40.0, "length_km": 0.03073040526058091 }, "geometry": { "type": "LineString", "coordinates": [ [ 138.484365700000012, -34.7833332 ], [ 138.4843468, -34.7836078 ] ] } },
{ "type": "Feature", "properties": { "osm_id": "1508043815", "road_name": "Australia Two Avenue", "highway": "residential", "maxspeed_kmh": 40.0, "length_km": 0.045294246848106456 }, "geometry": { "type": "LineString", "coordinates": [ [ 138.4876348, -34.7827534 ], [ 138.487398500000012, -34.7830976 ] ] } },
{ "type": "Feature", "properties": { "osm_id": "1510944007", "road_name": "St Clair Avenue", "highway": "residential", "maxspeed_kmh": 40.0, "length_km": 0.03489603639352485 }, "geometry": { "type": "LineString", "coordinates": [ [ 138.5388428, -34.8764516 ], [ 138.5392013, -34.8765496 ] ] } },
{ "type": "Feature", "properties": { "osm_id": "1510944008", "road_name": "St Clair Avenue", "highway": "residential", "maxspeed_kmh": 40.0, "length_km": 0.037107881197967374 }, "geometry": { "type": "LineString", "coordinates": [ [ 138.539013800000021, -34.8767441 ], [ 138.5388428, -34.8764516 ] ] } },
{ "type": "Feature", "properties": { "osm_id": "1510951787", "road_name": "Russell Terrace", "highway": "residential", "maxspeed_kmh": 40.0, "length_km": 0.016250294562921049 }, "geometry": { "type": "LineString", "coordinates": [ [ 138.538316, -34.8775741 ], [ 138.5383832, -34.8777084 ] ] } },
{ "type": "Feature", "properties": { "osm_id": "1510951788", "road_name": "Russell Terrace", "highway": "residential", "maxspeed_kmh": 40.0, "length_km": 0.014893201191958378 }, "geometry": { "type": "LineString", "coordinates": [ [ 138.5383832, -34.8777084 ], [ 138.538233400000024, -34.8776588 ] ] } },
{ "type": "Feature", "properties": { "osm_id": "1521183435", "road_name": "Bower Street", "highway": "residential", "maxspeed_kmh": 40.0, "length_km": 0.018686514005809691 }, "geometry": { "type": "LineString", "coordinates": [ [ 138.5324535, -34.8773197 ], [ 138.5323769, -34.8771756 ] ] } },
{ "type": "Feature", "properties": { "osm_id": "1521183436", "road_name": "Aberfeldy Avenue", "highway": "residential", "maxspeed_kmh": 40.0, "length_km": 0.084929495379588021 }, "geometry": { "type": "LineString", "coordinates": [ [ 138.5321877, -34.8772049 ], [ 138.5313492, -34.8774557 ] ] } },
{ "type": "Feature", "properties": { "osm_id": "1521183437", "road_name": "Carpa Street", "highway": "residential", "maxspeed_kmh": 40.0, "length_km": 0.01338785438817575 }, "geometry": { "type": "LineString", "coordinates": [ [ 138.5323588, -34.8770567 ], [ 138.5323769, -34.8771756 ] ] } },
{ "type": "Feature", "properties": { "osm_id": "1521183438", "road_name": "Aberfeldy Avenue", "highway": "residential", "maxspeed_kmh": 40.0, "length_km": 0.030313167267916073 }, "geometry": { "type": "LineString", "coordinates": [ [ 138.532513200000011, -34.8771665 ], [ 138.5321877, -34.8772049 ] ] } },
{ "type": "Feature", "properties": { "osm_id": "1521185044", "road_name": "Oval Avenue", "highway": "residential", "maxspeed_kmh": 40.0, "length_km": 0.57706442497985744 }, "geometry": { "type": "LineString", "coordinates": [ [ 138.5372897, -34.8893983 ], [ 138.536983600000013, -34.8845848 ], [ 138.5371934, -34.884292 ] ] } },
{ "type": "Feature", "properties": { "osm_id": "1521185045", "road_name": "Glen Lossie Street", "highway": "residential", "maxspeed_kmh": 40.0, "length_km": 0.30454586078472995 }, "geometry": { "type": "LineString", "coordinates": [ [ 138.5372897, -34.8893983 ], [ 138.5405934, -34.8892525 ] ] } },
{ "type": "Feature", "properties": { "osm_id": "1521337782", "road_name": "Colwell Lane", "highway": "unclassified", "maxspeed_kmh": 40.0, "length_km": 0.072711561365555039 }, "geometry": { "type": "LineString", "coordinates": [ [ 138.5778908, -34.904599 ], [ 138.577397100000013, -34.90510720000001 ] ] } },
{ "type": "Feature", "properties": { "osm_id": "1522577507", "road_name": "Euston Terrace", "highway": "residential", "maxspeed_kmh": 40.0, "length_km": 0.15247717904349753 }, "geometry": { "type": "LineString", "coordinates": [ [ 138.554810800000041, -34.8903297 ], [ 138.5535884, -34.8894088 ] ] } },
{ "type": "Feature", "properties": { "osm_id": "1524334151", "road_name": "Tait Street", "highway": "residential", "maxspeed_kmh": 40.0, "length_km": 0.2433215798961941 }, "geometry": { "type": "LineString", "coordinates": [ [ 138.5708568, -34.8874959 ], [ 138.572989299999989, -34.888783 ] ] } },
{ "type": "Feature", "properties": { "osm_id": "1524334152", "road_name": "Wright Street", "highway": "residential", "maxspeed_kmh": 40.0, "length_km": 0.073612862026026432 }, "geometry": { "type": "LineString", "coordinates": [ [ 138.5730883, -34.8890071 ], [ 138.572623599999986, -34.8895434 ] ] } },
{ "type": "Feature", "properties": { "osm_id": "1524334153", "road_name": "Wright Street", "highway": "residential", "maxspeed_kmh": 40.0, "length_km": 0.0081844154158672681 }, "geometry": { "type": "LineString", "coordinates": [ [ 138.5730883, -34.8890071 ], [ 138.573106, -34.8889353 ] ] } },
{ "type": "Feature", "properties": { "osm_id": "1524334154", "road_name": "Wright Street", "highway": "residential", "maxspeed_kmh": 40.0, "length_km": 0.0077292830033914321 }, "geometry": { "type": "LineString", "coordinates": [ [ 138.5731525, -34.8889625 ], [ 138.5730883, -34.8890071 ] ] } },
{ "type": "Feature", "properties": { "osm_id": "1524334155", "road_name": "Wright Street", "highway": "residential", "maxspeed_kmh": 40.0, "length_km": 0.020761929458668466 }, "geometry": { "type": "LineString", "coordinates": [ [ 138.5731841, -34.8888169 ], [ 138.573363199999989, -34.8887055 ] ] } },
{ "type": "Feature", "properties": { "osm_id": "1524334156", "road_name": "Wright Street", "highway": "residential", "maxspeed_kmh": 40.0, "length_km": 0.019068944236253733 }, "geometry": { "type": "LineString", "coordinates": [ [ 138.573363199999989, -34.8887055 ], [ 138.5732491, -34.8888478 ] ] } },
{ "type": "Feature", "properties": { "osm_id": "1524334157", "road_name": "Tait Street", "highway": "residential", "maxspeed_kmh": 40.0, "length_km": 0.015391875762346279 }, "geometry": { "type": "LineString", "coordinates": [ [ 138.573087, -34.8888948 ], [ 138.572989299999989, -34.888783 ] ] } },
{ "type": "Feature", "properties": { "osm_id": "1524334158", "road_name": "Tait Street", "highway": "residential", "maxspeed_kmh": 40.0, "length_km": 0.013864811116627424 }, "geometry": { "type": "LineString", "coordinates": [ [ 138.572989299999989, -34.888783 ], [ 138.5731312, -34.8888245 ] ] } },
{ "type": "Feature", "properties": { "osm_id": "1524334159", "road_name": "Tait Street", "highway": "residential", "maxspeed_kmh": 40.0, "length_km": 0.013698937944209566 }, "geometry": { "type": "LineString", "coordinates": [ [ 138.5732672, -34.8888949 ], [ 138.5733595, -34.8889911 ] ] } },
{ "type": "Feature", "properties": { "osm_id": "1524334160", "road_name": "Tait Street", "highway": "residential", "maxspeed_kmh": 40.0, "length_km": 0.012691675219645763 }, "geometry": { "type": "LineString", "coordinates": [ [ 138.5733595, -34.8889911 ], [ 138.573231, -34.8889499 ] ] } },
{ "type": "Feature", "properties": { "osm_id": "1524334171", "road_name": "Bishop Street", "highway": "residential", "maxspeed_kmh": 40.0, "length_km": 0.17314827846129593 }, "geometry": { "type": "LineString", "coordinates": [ [ 138.5760625, -34.8885493 ], [ 138.5744919, -34.8877763 ] ] } },
{ "type": "Feature", "properties": { "osm_id": "1524334172", "road_name": "Wright Street", "highway": "residential", "maxspeed_kmh": 40.0, "length_km": 0.1250564578319695 }, "geometry": { "type": "LineString", "coordinates": [ [ 138.574163, -34.8878015 ], [ 138.573363199999989, -34.8887055 ] ] } },
{ "type": "Feature", "properties": { "osm_id": "1524334174", "road_name": "Wright Street", "highway": "residential", "maxspeed_kmh": 40.0, "length_km": 0.012992488522483352 }, "geometry": { "type": "LineString", "coordinates": [ [ 138.574163, -34.8878015 ], [ 138.574209900000028, -34.8876918 ] ] } },
{ "type": "Feature", "properties": { "osm_id": "1524334175", "road_name": "Wright Street", "highway": "residential", "maxspeed_kmh": 40.0, "length_km": 0.012386598488872316 }, "geometry": { "type": "LineString", "coordinates": [ [ 138.574254900000028, -34.8877205 ], [ 138.574163, -34.8878015 ] ] } },
{ "type": "Feature", "properties": { "osm_id": "1524334176", "road_name": "Bishop Street", "highway": "residential", "maxspeed_kmh": 40.0, "length_km": 0.017948575492164522 }, "geometry": { "type": "LineString", "coordinates": [ [ 138.5743752, -34.8876477 ], [ 138.5744919, -34.8877763 ] ] } },
{ "type": "Feature", "properties": { "osm_id": "1524334177", "road_name": "Bishop Street", "highway": "residential", "maxspeed_kmh": 40.0, "length_km": 0.017818077634912735 }, "geometry": { "type": "LineString", "coordinates": [ [ 138.5740592, -34.8875329 ], [ 138.574243700000039, -34.8875811 ] ] } },
{ "type": "Feature", "properties": { "osm_id": "1524334178", "road_name": "Wright Street", "highway": "residential", "maxspeed_kmh": 40.0, "length_km": 0.021124671156711131 }, "geometry": { "type": "LineString", "coordinates": [ [ 138.5743014, -34.8875738 ], [ 138.57447, -34.8874476 ] ] } },
{ "type": "Feature", "properties": { "osm_id": "1524334184", "road_name": "Bishop Street", "highway": "residential", "maxspeed_kmh": 40.0, "length_km": 0.017091144406529465 }, "geometry": { "type": "LineString", "coordinates": [ [ 138.5741906, -34.887641 ], [ 138.5740592, -34.8875329 ] ] } },
{ "type": "Feature", "properties": { "osm_id": "1524334185", "road_name": "Bishop Street", "highway": "residential", "maxspeed_kmh": 40.0, "length_km": 0.016059326797429826 }, "geometry": { "type": "LineString", "coordinates": [ [ 138.5744919, -34.8877763 ], [ 138.5743376, -34.8877092 ] ] } },
{ "type": "Feature", "properties": { "osm_id": "1524334186", "road_name": "Wright Street", "highway": "residential", "maxspeed_kmh": 40.0, "length_km": 0.020456606781877894 }, "geometry": { "type": "LineString", "coordinates": [ [ 138.57447, -34.8874476 ], [ 138.5743558, -34.8876047 ] ] } },
{ "type": "Feature", "properties": { "osm_id": "1526053069", "road_name": "Hindmarsh Avenue", "highway": "residential", "maxspeed_kmh": 40.0, "length_km": 0.053358043263518895 }, "geometry": { "type": "LineString", "coordinates": [ [ 138.5643139, -34.9093518 ], [ 138.5648869, -34.9094249 ] ] } },
{ "type": "Feature", "properties": { "osm_id": "1529605150", "road_name": "Magill Road", "highway": "secondary", "maxspeed_kmh": 40.0, "length_km": 0.042225939127007048 }, "geometry": { "type": "LineString", "coordinates": [ [ 138.6782122, -34.9129017 ], [ 138.678670399999987, -34.9128798 ] ] } },
{ "type": "Feature", "properties": { "osm_id": "1530755462", "road_name": "Lillian Street", "highway": "residential", "maxspeed_kmh": 40.0, "length_km": 0.013945061835476306 }, "geometry": { "type": "LineString", "coordinates": [ [ 138.5341946, -34.8966016 ], [ 138.5340926, -34.8966939 ] ] } },
{ "type": "Feature", "properties": { "osm_id": "1536117807", "road_name": "Foster Street", "highway": "residential", "maxspeed_kmh": 40.0, "length_km": 0.17132331598391037 }, "geometry": { "type": "LineString", "coordinates": [ [ 138.6234887, -34.9502558 ], [ 138.6216297, -34.9503545 ] ] } },
{ "type": "Feature", "properties": { "osm_id": "1536117816", "road_name": "Blyth Street", "highway": "residential", "maxspeed_kmh": 40.0, "length_km": 0.34285772634381495 }, "geometry": { "type": "LineString", "coordinates": [ [ 138.625417700000014, -34.951149599999987 ], [ 138.6216985, -34.9513403 ] ] } },
{ "type": "Feature", "properties": { "osm_id": "1536488614", "road_name": "Fairford Street", "highway": "residential", "maxspeed_kmh": 40.0, "length_km": 0.19562756107145501 }, "geometry": { "type": "LineString", "coordinates": [ [ 138.6097591, -34.952615 ], [ 138.6076358, -34.9527202 ] ] } },
{ "type": "Feature", "properties": { "osm_id": "1543155470", "road_name": "Lilac Avenue", "highway": "residential", "maxspeed_kmh": 40.0, "length_km": 0.031778367571946096 }, "geometry": { "type": "LineString", "coordinates": [ [ 138.536625200000032, -34.9136519 ], [ 138.5369701, -34.9136377 ] ] } },
{ "type": "Feature", "properties": { "osm_id": "1544785844", "road_name": "Henry Street", "highway": "residential", "maxspeed_kmh": 40.0, "length_km": 0.013222288561294791 }, "geometry": { "type": "LineString", "coordinates": [ [ 138.6391093, -34.8972424 ], [ 138.639252699999986, -34.897235 ] ] } },
{ "type": "Feature", "properties": { "osm_id": "1545264303", "road_name": "Holden Avenue", "highway": "residential", "maxspeed_kmh": 40.0, "length_km": 0.011499327789738322 }, "geometry": { "type": "LineString", "coordinates": [ [ 138.5309043, -34.8825904 ], [ 138.531029, -34.8825844 ] ] } },
{ "type": "Feature", "properties": { "osm_id": "1545295844", "road_name": "Semaphore Road", "highway": "secondary", "maxspeed_kmh": 40.0, "length_km": 0.0072185416716792515 }, "geometry": { "type": "LineString", "coordinates": [ [ 138.4839557, -34.8388772 ], [ 138.4840327, -34.8388892 ] ] } },
{ "type": "Feature", "properties": { "osm_id": "1548034673", "road_name": "Conyngham Street", "highway": "tertiary", "maxspeed_kmh": 40.0, "length_km": 0.042262647547038942 }, "geometry": { "type": "LineString", "coordinates": [ [ 138.634469700000011, -34.9518459 ], [ 138.6345023, -34.9514723 ] ] } },
{ "type": "Feature", "properties": { "osm_id": "1548034949", "road_name": "Bevington Road", "highway": "residential", "maxspeed_kmh": 40.0, "length_km": 0.056897241537333713 }, "geometry": { "type": "LineString", "coordinates": [ [ 138.634469700000011, -34.9518459 ], [ 138.6350697, -34.9517588 ] ] } },
{ "type": "Feature", "properties": { "osm_id": "1548035538", "road_name": "George Street", "highway": "residential", "maxspeed_kmh": 40.0, "length_km": 0.015397924083940046 }, "geometry": { "type": "LineString", "coordinates": [ [ 138.6365664, -34.9206745 ], [ 138.6365562, -34.9205369 ] ] } },
{ "type": "Feature", "properties": { "osm_id": "1548035539", "road_name": "George Street", "highway": "residential", "maxspeed_kmh": 40.0, "length_km": 0.04826242224796061 }, "geometry": { "type": "LineString", "coordinates": [ [ 138.636628800000011, -34.9215038 ], [ 138.6365982, -34.9210725 ] ] } },
{ "type": "Feature", "properties": { "osm_id": "1550139791", "road_name": "John Street", "highway": "residential", "maxspeed_kmh": 40.0, "length_km": 0.086626789759550973 }, "geometry": { "type": "LineString", "coordinates": [ [ 138.6235522, -34.9263944 ], [ 138.624491, -34.9263345 ] ] } },
{ "type": "Feature", "properties": { "osm_id": "1550139792", "road_name": "Clarke Street", "highway": "residential", "maxspeed_kmh": 40.0, "length_km": 0.16840105328754473 }, "geometry": { "type": "LineString", "coordinates": [ [ 138.6247402, -34.9278328 ], [ 138.624652700000013, -34.9263269 ] ] } },
{ "type": "Feature", "properties": { "osm_id": "1550139793", "road_name": "John Street", "highway": "residential", "maxspeed_kmh": 40.0, "length_km": 0.014904445110681213 }, "geometry": { "type": "LineString", "coordinates": [ [ 138.624491, -34.9263345 ], [ 138.624652700000013, -34.9263269 ] ] } }
]
}
