{
"type": "FeatureCollection",
"name": "melbourne_30",
"crs": { "type": "name", "properties": { "name": "urn:ogc:def:crs:OGC:1.3:CRS84" } },
"features": [
{ "type": "Feature", "properties": { "osm_id": "4269134", "road_name": "Cromwell Street", "highway": "residential", "maxspeed_kmh": 30.0, "length_km": 0.67528575687140258 }, "geometry": { "type": "LineString", "coordinates": [ [ 144.9894876, -37.8094275 ], [ 144.9904928, -37.8033959 ] ] } },
{ "type": "Feature", "properties": { "osm_id": "4749351", "road_name": "John Street", "highway": "residential", "maxspeed_kmh": 30.0, "length_km": 0.14343646039620556 }, "geometry": { "type": "LineString", "coordinates": [ [ 144.9761818, -37.80141170000001 ], [ 144.976577600000013, -37.800194299999987 ] ] } },
{ "type": "Feature", "properties": { "osm_id": "4749356", "road_name": "St David Street", "highway": "residential", "maxspeed_kmh": 30.0, "length_km": 0.091583415541405255 }, "geometry": { "type": "LineString", "coordinates": [ [ 144.9838804, -37.8012135 ], [ 144.9828479, -37.8011168 ] ] } },
{ "type": "Feature", "properties": { "osm_id": "4749357", "road_name": "Greeves Street", "highway": "residential", "maxspeed_kmh": 30.0, "length_km": 0.20787909185595857 }, "geometry": { "type": "LineString", "coordinates": [ [ 144.980491, -37.8000559 ], [ 144.9828306, -37.8003038 ] ] } },
{ "type": "Feature", "properties": { "osm_id": "4749363", "road_name": "Forest Street", "highway": "residential", "maxspeed_kmh": 30.0, "length_km": 0.011469988310139487 }, "geometry": { "type": "LineString", "coordinates": [ [ 144.9919502, -37.7969223 ], [ 144.9919677, -37.796819899999988 ] ] } },
{ "type": "Feature", "properties": { "osm_id": "4749366", "road_name": "Harmsworth Street", "highway": "residential", "maxspeed_kmh": 30.0, "length_km": 0.28263634262145648 }, "geometry": { "type": "LineString", "coordinates": [ [ 144.9910104, -37.7996405 ], [ 144.990597799999989, -37.8021634 ] ] } },
{ "type": "Feature", "properties": { "osm_id": "4749367", "road_name": "Alexander Street", "highway": "residential", "maxspeed_kmh": 30.0, "length_km": 0.17268650790590478 }, "geometry": { "type": "LineString", "coordinates": [ [ 144.99142470000001, -37.7953023 ], [ 144.991142, -37.7968419 ] ] } },
{ "type": "Feature", "properties": { "osm_id": "4749369", "road_name": "Charlotte Street", "highway": "residential", "maxspeed_kmh": 30.0, "length_km": 0.012864505443323758 }, "geometry": { "type": "LineString", "coordinates": [ [ 144.989094099999988, -37.7945913 ], [ 144.989113300000014, -37.7944764 ] ] } },
{ "type": "Feature", "properties": { "osm_id": "4749371", "road_name": "Islington Street", "highway": "residential", "maxspeed_kmh": 30.0, "length_km": 0.27675955594093293 }, "geometry": { "type": "LineString", "coordinates": [ [ 144.9904587, -37.8095217 ], [ 144.9908745, -37.8070501 ] ] } },
{ "type": "Feature", "properties": { "osm_id": "4749373", "road_name": "Gipps Street", "highway": "tertiary", "maxspeed_kmh": 30.0, "length_km": 0.13069474090161773 }, "geometry": { "type": "LineString", "coordinates": [ [ 144.9869723, -37.8044749 ], [ 144.9884451, -37.8046197 ] ] } },
{ "type": "Feature", "properties": { "osm_id": "8168946", "road_name": "Gold Street", "highway": "residential", "maxspeed_kmh": 30.0, "length_km": 0.029105130347378414 }, "geometry": { "type": "LineString", "coordinates": [ [ 144.9895636, -37.7965769 ], [ 144.989519199999989, -37.7968367 ] ] } },
{ "type": "Feature", "properties": { "osm_id": "15283998", "road_name": "Bendigo Street", "highway": "residential", "maxspeed_kmh": 30.0, "length_km": 0.14152672036159553 }, "geometry": { "type": "LineString", "coordinates": [ [ 144.9927476, -37.7969977 ], [ 144.9929603, -37.7957338 ] ] } },
{ "type": "Feature", "properties": { "osm_id": "15284003", "road_name": "Ballarat Street", "highway": "residential", "maxspeed_kmh": 30.0, "length_km": 0.20117407713637667 }, "geometry": { "type": "LineString", "coordinates": [ [ 144.990672600000011, -37.7949604 ], [ 144.9903526, -37.796755 ] ] } },
{ "type": "Feature", "properties": { "osm_id": "15284004", "road_name": "Hoddle Street Service Road", "highway": "residential", "maxspeed_kmh": 30.0, "length_km": 0.17249567783884212 }, "geometry": { "type": "LineString", "coordinates": [ [ 144.9929898, -37.799391899999989 ], [ 144.9930877, -37.7978588 ] ] } },
{ "type": "Feature", "properties": { "osm_id": "15284008", "road_name": "Mater Street", "highway": "residential", "maxspeed_kmh": 30.0, "length_km": 0.12583931925224651 }, "geometry": { "type": "LineString", "coordinates": [ [ 144.9893944, -37.7958096 ], [ 144.987980099999987, -37.795664700000017 ] ] } },
{ "type": "Feature", "properties": { "osm_id": "15284013", "road_name": "Keele Street", "highway": "residential", "maxspeed_kmh": 30.0, "length_km": 0.41760362399346695 }, "geometry": { "type": "LineString", "coordinates": [ [ 144.9846373, -37.796867 ], [ 144.9893366, -37.7973633 ] ] } },
{ "type": "Feature", "properties": { "osm_id": "15284016", "road_name": "Easey Street", "highway": "residential", "maxspeed_kmh": 30.0, "length_km": 0.028371591068584882 }, "geometry": { "type": "LineString", "coordinates": [ [ 144.987410399999987, -37.797855300000016 ], [ 144.9877291, -37.7978923 ] ] } },
{ "type": "Feature", "properties": { "osm_id": "15284021", "road_name": "Hotham Street", "highway": "residential", "maxspeed_kmh": 30.0, "length_km": 0.40197721025112282 }, "geometry": { "type": "LineString", "coordinates": [ [ 144.98927710000001, -37.7966632 ], [ 144.984754, -37.7961824 ] ] } },
{ "type": "Feature", "properties": { "osm_id": "15284657", "road_name": "Sackville Street", "highway": "residential", "maxspeed_kmh": 30.0, "length_km": 0.41671503481930861 }, "geometry": { "type": "LineString", "coordinates": [ [ 144.9843975, -37.7982408 ], [ 144.9890886, -37.7987307 ] ] } },
{ "type": "Feature", "properties": { "osm_id": "15476792", "road_name": "Acland Street", "highway": "tertiary", "maxspeed_kmh": 30.0, "length_km": 0.10993249121280274 }, "geometry": { "type": "LineString", "coordinates": [ [ 144.9788074, -37.8675572 ], [ 144.9795503, -37.8683535 ] ] } },
{ "type": "Feature", "properties": { "osm_id": "18047112", "road_name": "Hambleton Street", "highway": "residential", "maxspeed_kmh": 30.0, "length_km": 0.75671887035471075 }, "geometry": { "type": "LineString", "coordinates": [ [ 144.9561527, -37.84505990000001 ], [ 144.9633355, -37.8488066 ] ] } },
{ "type": "Feature", "properties": { "osm_id": "19694715", "road_name": "Main Drive", "highway": "unclassified", "maxspeed_kmh": 30.0, "length_km": 0.95139810600144314 }, "geometry": { "type": "LineString", "coordinates": [ [ 144.6813041, -37.9216286 ], [ 144.678676200000012, -37.9211451 ], [ 144.677124, -37.9211055 ], [ 144.6744013, -37.9218204 ], [ 144.671789600000011, -37.9221132 ], [ 144.6709165, -37.9225573 ] ] } },
{ "type": "Feature", "properties": { "osm_id": "20765912", "road_name": "Stanley Street", "highway": "residential", "maxspeed_kmh": 30.0, "length_km": 0.27082375276360804 }, "geometry": { "type": "LineString", "coordinates": [ [ 144.9837469, -37.8019965 ], [ 144.986786200000012, -37.802336 ] ] } },
{ "type": "Feature", "properties": { "osm_id": "20766129", "road_name": "Cambridge Street", "highway": "residential", "maxspeed_kmh": 30.0, "length_km": 0.19572120566552442 }, "geometry": { "type": "LineString", "coordinates": [ [ 144.9850827, -37.8072093 ], [ 144.9848097, -37.8089593 ] ] } },
{ "type": "Feature", "properties": { "osm_id": "20918665", "road_name": "Rokeby Street", "highway": "residential", "maxspeed_kmh": 30.0, "length_km": 0.51877931878212913 }, "geometry": { "type": "LineString", "coordinates": [ [ 144.9884451, -37.8046197 ], [ 144.98774370000001, -37.8092498 ] ] } },
{ "type": "Feature", "properties": { "osm_id": "20918878", "road_name": "McCutcheon Way", "highway": "residential", "maxspeed_kmh": 30.0, "length_km": 0.12787957155629867 }, "geometry": { "type": "LineString", "coordinates": [ [ 144.9890604, -37.8032429 ], [ 144.9904928, -37.8033959 ] ] } },
{ "type": "Feature", "properties": { "osm_id": "20919407", "road_name": "Derby Street", "highway": "residential", "maxspeed_kmh": 30.0, "length_km": 0.19532512210264055 }, "geometry": { "type": "LineString", "coordinates": [ [ 144.982925200000011, -37.8067626 ], [ 144.985124399999989, -37.806991 ] ] } },
{ "type": "Feature", "properties": { "osm_id": "20919413", "road_name": "Oxford Street", "highway": "residential", "maxspeed_kmh": 30.0, "length_km": 0.28614678407634614 }, "geometry": { "type": "LineString", "coordinates": [ [ 144.985026299999987, -37.802378 ], [ 144.9845886, -37.8049326 ] ] } },
{ "type": "Feature", "properties": { "osm_id": "20920276", "road_name": "Young Street", "highway": "residential", "maxspeed_kmh": 30.0, "length_km": 0.14502585497490639 }, "geometry": { "type": "LineString", "coordinates": [ [ 144.978136, -37.807162 ], [ 144.9783553, -37.805867 ] ] } },
{ "type": "Feature", "properties": { "osm_id": "20920278", "road_name": "Webb Street", "highway": "residential", "maxspeed_kmh": 30.0, "length_km": 0.10268473560259808 }, "geometry": { "type": "LineString", "coordinates": [ [ 144.9798433, -37.8037625 ], [ 144.9809986, -37.8038875 ] ] } },
{ "type": "Feature", "properties": { "osm_id": "20920279", "road_name": "Napier Street", "highway": "residential", "maxspeed_kmh": 30.0, "length_km": 0.040406253581102967 }, "geometry": { "type": "LineString", "coordinates": [ [ 144.9798433, -37.8037625 ], [ 144.979779400000012, -37.804123 ] ] } },
{ "type": "Feature", "properties": { "osm_id": "20920282", "road_name": "George Street", "highway": "residential", "maxspeed_kmh": 30.0, "length_km": 0.073232167435549361 }, "geometry": { "type": "LineString", "coordinates": [ [ 144.9802628, -37.8082845 ], [ 144.9803585, -37.8076291 ] ] } },
{ "type": "Feature", "properties": { "osm_id": "20920284", "road_name": "Gore Street", "highway": "residential", "maxspeed_kmh": 30.0, "length_km": 0.25129861249344554 }, "geometry": { "type": "LineString", "coordinates": [ [ 144.981781500000011, -37.8062461 ], [ 144.98218270000001, -37.8040076 ] ] } },
{ "type": "Feature", "properties": { "osm_id": "21132189", "road_name": "Down Street", "highway": "residential", "maxspeed_kmh": 30.0, "length_km": 0.19870335444390383 }, "geometry": { "type": "LineString", "coordinates": [ [ 144.9875252, -37.8038048 ], [ 144.9878185, -37.8020298 ] ] } },
{ "type": "Feature", "properties": { "osm_id": "21132191", "road_name": "Singleton Street", "highway": "residential", "maxspeed_kmh": 30.0, "length_km": 0.18026618486839041 }, "geometry": { "type": "LineString", "coordinates": [ [ 144.986551, -37.8036979 ], [ 144.9885792, -37.8039173 ] ] } },
{ "type": "Feature", "properties": { "osm_id": "21132201", "road_name": "Sturt Street", "highway": "residential", "maxspeed_kmh": 30.0, "length_km": 0.15637170128135905 }, "geometry": { "type": "LineString", "coordinates": [ [ 144.9899115, -37.8033445 ], [ 144.989696500000036, -37.804743 ] ] } },
{ "type": "Feature", "properties": { "osm_id": "21132952", "road_name": "Perry Street", "highway": "residential", "maxspeed_kmh": 30.0, "length_km": 0.27088739193163797 }, "geometry": { "type": "LineString", "coordinates": [ [ 144.984116199999988, -37.7998291 ], [ 144.9871631, -37.8001614 ] ] } },
{ "type": "Feature", "properties": { "osm_id": "21132960", "road_name": "Campbell Street", "highway": "residential", "maxspeed_kmh": 30.0, "length_km": 0.15907889266136876 }, "geometry": { "type": "LineString", "coordinates": [ [ 144.9890604, -37.8032429 ], [ 144.9887875, -37.804651 ] ] } },
{ "type": "Feature", "properties": { "osm_id": "21132963", "road_name": "Palmer Street", "highway": "residential", "maxspeed_kmh": 30.0, "length_km": 0.20032391727427223 }, "geometry": { "type": "LineString", "coordinates": [ [ 144.9898732, -37.8022396 ], [ 144.990167899999989, -37.8004594 ] ] } },
{ "type": "Feature", "properties": { "osm_id": "21132968", "road_name": "Francis Street", "highway": "residential", "maxspeed_kmh": 30.0, "length_km": 0.098976079625986702 }, "geometry": { "type": "LineString", "coordinates": [ [ 144.9917169, -37.7997107 ], [ 144.99157390000002, -37.8005952 ] ] } },
{ "type": "Feature", "properties": { "osm_id": "21173319", "road_name": "Otter Street", "highway": "residential", "maxspeed_kmh": 30.0, "length_km": 0.12321666574675998 }, "geometry": { "type": "LineString", "coordinates": [ [ 144.985281500000013, -37.800845 ], [ 144.9866682, -37.8009925 ] ] } },
{ "type": "Feature", "properties": { "osm_id": "21173324", "road_name": "Bedford Street", "highway": "residential", "maxspeed_kmh": 30.0, "length_km": 0.094878717746353661 }, "geometry": { "type": "LineString", "coordinates": [ [ 144.984596399999987, -37.80163490000001 ], [ 144.984748200000013, -37.8007886 ] ] } },
{ "type": "Feature", "properties": { "osm_id": "21173327", "road_name": "Little Wellington Street", "highway": "residential", "maxspeed_kmh": 30.0, "length_km": 0.16111737530621492 }, "geometry": { "type": "LineString", "coordinates": [ [ 144.985142600000017, -37.8011618 ], [ 144.9869554, -37.8013572 ] ] } },
{ "type": "Feature", "properties": { "osm_id": "21173329", "road_name": "Napoleon Street", "highway": "residential", "maxspeed_kmh": 30.0, "length_km": 0.16075097680965991 }, "geometry": { "type": "LineString", "coordinates": [ [ 144.9869066, -37.8016437 ], [ 144.985097700000011, -37.801449900000016 ] ] } },
{ "type": "Feature", "properties": { "osm_id": "21457353", "road_name": "Spring Street", "highway": "residential", "maxspeed_kmh": 30.0, "length_km": 0.17951066116277814 }, "geometry": { "type": "LineString", "coordinates": [ [ 144.9761341, -37.7972829 ], [ 144.9764104, -37.7956805 ] ] } },
{ "type": "Feature", "properties": { "osm_id": "21457674", "road_name": "Rose Street", "highway": "residential", "maxspeed_kmh": 30.0, "length_km": 0.31767763280157757 }, "geometry": { "type": "LineString", "coordinates": [ [ 144.984683600000011, -37.7965614 ], [ 144.9811076, -37.7961876 ] ] } },
{ "type": "Feature", "properties": { "osm_id": "21457679", "road_name": "Fitzroy Street", "highway": "residential", "maxspeed_kmh": 30.0, "length_km": 0.014156550511267053 }, "geometry": { "type": "LineString", "coordinates": [ [ 144.977419700000013, -37.7980911 ], [ 144.97739820000001, -37.7982175 ] ] } },
{ "type": "Feature", "properties": { "osm_id": "21457984", "road_name": "Argyle Street", "highway": "residential", "maxspeed_kmh": 30.0, "length_km": 0.31719617954632745 }, "geometry": { "type": "LineString", "coordinates": [ [ 144.9808439, -37.7977716 ], [ 144.9844132, -37.7981526 ] ] } },
{ "type": "Feature", "properties": { "osm_id": "21458087", "road_name": "Cecil Street", "highway": "residential", "maxspeed_kmh": 30.0, "length_km": 0.51204387706138665 }, "geometry": { "type": "LineString", "coordinates": [ [ 144.9814471, -37.794323699999985 ], [ 144.9756815, -37.7937325 ] ] } },
{ "type": "Feature", "properties": { "osm_id": "21648759", "road_name": "Emma Street", "highway": "residential", "maxspeed_kmh": 30.0, "length_km": 0.26927662213836606 }, "geometry": { "type": "LineString", "coordinates": [ [ 144.9856197, -37.7965597 ], [ 144.9860424, -37.7941569 ] ] } },
{ "type": "Feature", "properties": { "osm_id": "21648934", "road_name": "Blanche Street", "highway": "residential", "maxspeed_kmh": 30.0, "length_km": 0.23690498718164305 }, "geometry": { "type": "LineString", "coordinates": [ [ 144.9863526, -37.796343 ], [ 144.986719, -37.7942285 ] ] } },
{ "type": "Feature", "properties": { "osm_id": "21649248", "road_name": "Budd Street", "highway": "residential", "maxspeed_kmh": 30.0, "length_km": 0.54804904013636835 }, "geometry": { "type": "LineString", "coordinates": [ [ 144.986573099999987, -37.7991921 ], [ 144.9874022, -37.794298499999989 ] ] } },
{ "type": "Feature", "properties": { "osm_id": "21650365", "road_name": "Napier Street", "highway": "residential", "maxspeed_kmh": 30.0, "length_km": 0.074771853830136223 }, "geometry": { "type": "LineString", "coordinates": [ [ 144.9798433, -37.8037625 ], [ 144.979953, -37.8030945 ] ] } },
{ "type": "Feature", "properties": { "osm_id": "21651402", "road_name": "Charles Street", "highway": "residential", "maxspeed_kmh": 30.0, "length_km": 0.31507271593597741 }, "geometry": { "type": "LineString", "coordinates": [ [ 144.9835028, -37.8034477 ], [ 144.979953, -37.8030945 ] ] } },
{ "type": "Feature", "properties": { "osm_id": "21651408", "road_name": "Moor Street", "highway": "residential", "maxspeed_kmh": 30.0, "length_km": 0.16208898251424333 }, "geometry": { "type": "LineString", "coordinates": [ [ 144.978235500000011, -37.8016309 ], [ 144.9800608, -37.8018177 ] ] } },
{ "type": "Feature", "properties": { "osm_id": "21651412", "road_name": "Condell Street", "highway": "residential", "maxspeed_kmh": 30.0, "length_km": 0.31753681776741571 }, "geometry": { "type": "LineString", "coordinates": [ [ 144.9800295, -37.8024522 ], [ 144.9836081, -37.8027989 ] ] } },
{ "type": "Feature", "properties": { "osm_id": "21652474", "road_name": "Highett Place", "highway": "residential", "maxspeed_kmh": 30.0, "length_km": 0.078027572391592637 }, "geometry": { "type": "LineString", "coordinates": [ [ 144.9821959, -37.8002387 ], [ 144.9823341, -37.799544299999987 ] ] } },
{ "type": "Feature", "properties": { "osm_id": "21652987", "road_name": "Fitzroy Street", "highway": "residential", "maxspeed_kmh": 30.0, "length_km": 0.15153982328481255 }, "geometry": { "type": "LineString", "coordinates": [ [ 144.9765662, -37.8031007 ], [ 144.9763223, -37.8044514 ] ] } },
{ "type": "Feature", "properties": { "osm_id": "21652990", "road_name": "Victoria Street", "highway": "residential", "maxspeed_kmh": 30.0, "length_km": 0.40965125109785194 }, "geometry": { "type": "LineString", "coordinates": [ [ 144.979462800000022, -37.799173 ], [ 144.974857899999989, -37.7987006 ] ] } },
{ "type": "Feature", "properties": { "osm_id": "21652994", "road_name": "Mahoney Street", "highway": "residential", "maxspeed_kmh": 30.0, "length_km": 0.1479672452481017 }, "geometry": { "type": "LineString", "coordinates": [ [ 144.9762172, -37.8001548 ], [ 144.9764489, -37.7988344 ] ] } },
{ "type": "Feature", "properties": { "osm_id": "21652997", "road_name": "Greeves Street", "highway": "residential", "maxspeed_kmh": 30.0, "length_km": 0.37165218184070692 }, "geometry": { "type": "LineString", "coordinates": [ [ 144.980491, -37.8000559 ], [ 144.9763144, -37.7996009 ] ] } },
{ "type": "Feature", "properties": { "osm_id": "21656227", "road_name": "Palmer Street", "highway": "residential", "maxspeed_kmh": 30.0, "length_km": 0.13126350461638983 }, "geometry": { "type": "LineString", "coordinates": [ [ 144.9752071, -37.8042576 ], [ 144.9737319, -37.8040885 ] ] } },
{ "type": "Feature", "properties": { "osm_id": "21656229", "road_name": "Royal Lane", "highway": "residential", "maxspeed_kmh": 30.0, "length_km": 0.14130012647666876 }, "geometry": { "type": "LineString", "coordinates": [ [ 144.97466750000001, -37.8041973 ], [ 144.974452899999989, -37.8054589 ] ] } },
{ "type": "Feature", "properties": { "osm_id": "21656231", "road_name": "Marion Street", "highway": "residential", "maxspeed_kmh": 30.0, "length_km": 0.057403806463430566 }, "geometry": { "type": "LineString", "coordinates": [ [ 144.975589500000012, -37.8049393 ], [ 144.9762359, -37.805006 ] ] } },
{ "type": "Feature", "properties": { "osm_id": "21656233", "road_name": "Fleet Street", "highway": "residential", "maxspeed_kmh": 30.0, "length_km": 0.063304129295118153 }, "geometry": { "type": "LineString", "coordinates": [ [ 144.975344, -37.8042729 ], [ 144.9754484, -37.8037086 ] ] } },
{ "type": "Feature", "properties": { "osm_id": "21656236", "road_name": "Little Hanover Street", "highway": "residential", "maxspeed_kmh": 30.0, "length_km": 0.13444450590802678 }, "geometry": { "type": "LineString", "coordinates": [ [ 144.976517, -37.8033841 ], [ 144.975003500000014, -37.8032256 ] ] } },
{ "type": "Feature", "properties": { "osm_id": "21656238", "road_name": "Hanover Street", "highway": "residential", "maxspeed_kmh": 30.0, "length_km": 0.01330765403703181 }, "geometry": { "type": "LineString", "coordinates": [ [ 144.9743267, -37.8027346 ], [ 144.974176699999987, -37.8027201 ] ] } },
{ "type": "Feature", "properties": { "osm_id": "21656240", "road_name": "James Street", "highway": "residential", "maxspeed_kmh": 30.0, "length_km": 0.096152262944291578 }, "geometry": { "type": "LineString", "coordinates": [ [ 144.977497199999988, -37.8040872 ], [ 144.976415300000014, -37.8039708 ] ] } },
{ "type": "Feature", "properties": { "osm_id": "21656245", "road_name": "Moor Street", "highway": "residential", "maxspeed_kmh": 30.0, "length_km": 0.022517682772158088 }, "geometry": { "type": "LineString", "coordinates": [ [ 144.9779073, -37.8016202 ], [ 144.9776564, -37.8015829 ] ] } },
{ "type": "Feature", "properties": { "osm_id": "21656254", "road_name": "Cremorne Street", "highway": "residential", "maxspeed_kmh": 30.0, "length_km": 0.087531858961864856 }, "geometry": { "type": "LineString", "coordinates": [ [ 144.975850799999989, -37.8001162 ], [ 144.9757033, -37.8008961 ] ] } },
{ "type": "Feature", "properties": { "osm_id": "21673736", "road_name": "Cowell Street", "highway": "residential", "maxspeed_kmh": 30.0, "length_km": 0.069567029475301009 }, "geometry": { "type": "LineString", "coordinates": [ [ 144.9759044, -37.8039544 ], [ 144.9760114, -37.8033334 ] ] } },
{ "type": "Feature", "properties": { "osm_id": "23026737", "road_name": "Vere Street", "highway": "residential", "maxspeed_kmh": 30.0, "length_km": 0.33011418048116192 }, "geometry": { "type": "LineString", "coordinates": [ [ 144.9905736, -37.8023111 ], [ 144.9868558, -37.8019315 ] ] } },
{ "type": "Feature", "properties": { "osm_id": "23060947", "road_name": "Fitzroy Street", "highway": "residential", "maxspeed_kmh": 30.0, "length_km": 0.14173134450880212 }, "geometry": { "type": "LineString", "coordinates": [ [ 144.9780136, -37.7946009 ], [ 144.9782296, -37.7933355 ] ] } },
{ "type": "Feature", "properties": { "osm_id": "23060949", "road_name": "Leicester Street", "highway": "residential", "maxspeed_kmh": 30.0, "length_km": 0.21438543227047205 }, "geometry": { "type": "LineString", "coordinates": [ [ 144.977904, -37.7952434 ], [ 144.9754898, -37.7949969 ] ] } },
{ "type": "Feature", "properties": { "osm_id": "23060950", "road_name": "Leicester Street", "highway": "residential", "maxspeed_kmh": 30.0, "length_km": 0.095459967253790232 }, "geometry": { "type": "LineString", "coordinates": [ [ 144.9789783, -37.7953573 ], [ 144.977904, -37.7952434 ] ] } },
{ "type": "Feature", "properties": { "osm_id": "23060951", "road_name": "Fitzroy Street", "highway": "residential", "maxspeed_kmh": 30.0, "length_km": 0.079148370977163957 }, "geometry": { "type": "LineString", "coordinates": [ [ 144.9771637, -37.7996292 ], [ 144.977281, -37.7989222 ] ] } },
{ "type": "Feature", "properties": { "osm_id": "23060961", "road_name": "Fitzroy Street", "highway": "residential", "maxspeed_kmh": 30.0, "length_km": 0.24778309256848199 }, "geometry": { "type": "LineString", "coordinates": [ [ 144.9757258, -37.807984499999989 ], [ 144.9761057, -37.8057725 ] ] } },
{ "type": "Feature", "properties": { "osm_id": "23060962", "road_name": "Alma Street", "highway": "residential", "maxspeed_kmh": 30.0, "length_km": 0.10606574861611991 }, "geometry": { "type": "LineString", "coordinates": [ [ 144.9748607, -37.8059448 ], [ 144.976054299999987, -37.8060727 ] ] } },
{ "type": "Feature", "properties": { "osm_id": "23072042", "road_name": "Hood Street", "highway": "residential", "maxspeed_kmh": 30.0, "length_km": 0.11894162378660675 }, "geometry": { "type": "LineString", "coordinates": [ [ 144.9920855, -37.8046759 ], [ 144.991911, -37.8045423 ], [ 144.9920444, -37.8037007 ] ] } },
{ "type": "Feature", "properties": { "osm_id": "23072044", "road_name": "Hood Street", "highway": "residential", "maxspeed_kmh": 30.0, "length_km": 0.021550700696148062 }, "geometry": { "type": "LineString", "coordinates": [ [ 144.9920444, -37.8037007 ], [ 144.9922621, -37.8036388 ] ] } },
{ "type": "Feature", "properties": { "osm_id": "23072047", "road_name": "Sydney Street", "highway": "residential", "maxspeed_kmh": 30.0, "length_km": 0.0985564666463081 }, "geometry": { "type": "LineString", "coordinates": [ [ 144.992261, -37.800662 ], [ 144.9924087, -37.7997818 ] ] } },
{ "type": "Feature", "properties": { "osm_id": "23072048", "road_name": "Chapel Street", "highway": "residential", "maxspeed_kmh": 30.0, "length_km": 0.2782879991625789 }, "geometry": { "type": "LineString", "coordinates": [ [ 144.9794827, -37.7990527 ], [ 144.982615, -37.7993827 ] ] } },
{ "type": "Feature", "properties": { "osm_id": "23072049", "road_name": "Gore Street", "highway": "residential", "maxspeed_kmh": 30.0, "length_km": 0.020420641128522241 }, "geometry": { "type": "LineString", "coordinates": [ [ 144.9830837, -37.7988316 ], [ 144.983118499999989, -37.7986497 ] ] } },
{ "type": "Feature", "properties": { "osm_id": "23072050", "road_name": "Elliot Street", "highway": "residential", "maxspeed_kmh": 30.0, "length_km": 0.065925997248444071 }, "geometry": { "type": "LineString", "coordinates": [ [ 144.9821973, -37.7987364 ], [ 144.9821026, -37.799325600000017 ] ] } },
{ "type": "Feature", "properties": { "osm_id": "23072052", "road_name": "Hertford Street", "highway": "residential", "maxspeed_kmh": 30.0, "length_km": 0.066744047733237111 }, "geometry": { "type": "LineString", "coordinates": [ [ 144.980085699999989, -37.7985085 ], [ 144.9799831, -37.7991043 ] ] } },
{ "type": "Feature", "properties": { "osm_id": "27169242", "road_name": "Garfield Street", "highway": "residential", "maxspeed_kmh": 30.0, "length_km": 0.074352187835971945 }, "geometry": { "type": "LineString", "coordinates": [ [ 144.975746500000014, -37.8006634 ], [ 144.9749095, -37.8005758 ] ] } },
{ "type": "Feature", "properties": { "osm_id": "27169269", "road_name": "Kent Street", "highway": "residential", "maxspeed_kmh": 30.0, "length_km": 0.1098617720455123 }, "geometry": { "type": "LineString", "coordinates": [ [ 144.9787421, -37.8006866 ], [ 144.978575, -37.8016675 ] ] } },
{ "type": "Feature", "properties": { "osm_id": "27169332", "road_name": "Rochester Street", "highway": "residential", "maxspeed_kmh": 30.0, "length_km": 0.066211027474123663 }, "geometry": { "type": "LineString", "coordinates": [ [ 144.9811702, -37.7986252 ], [ 144.981084, -37.7992178 ] ] } },
{ "type": "Feature", "properties": { "osm_id": "27169623", "road_name": "St David Street", "highway": "residential", "maxspeed_kmh": 30.0, "length_km": 0.20166853388112596 }, "geometry": { "type": "LineString", "coordinates": [ [ 144.9780854, -37.8006202 ], [ 144.980357, -37.80084930000001 ] ] } },
{ "type": "Feature", "properties": { "osm_id": "27459958", "road_name": "Little Oxford Street", "highway": "residential", "maxspeed_kmh": 30.0, "length_km": 0.53391236176357937 }, "geometry": { "type": "LineString", "coordinates": [ [ 144.983744800000011, -37.8068519 ], [ 144.984555, -37.8020862 ] ] } },
{ "type": "Feature", "properties": { "osm_id": "27522088", "road_name": "King William Street", "highway": "residential", "maxspeed_kmh": 30.0, "length_km": 0.32515607461959145 }, "geometry": { "type": "LineString", "coordinates": [ [ 144.97813, -37.802358 ], [ 144.974465900000013, -37.8019996 ] ] } },
{ "type": "Feature", "properties": { "osm_id": "27522359", "road_name": "Little Smith Street", "highway": "residential", "maxspeed_kmh": 30.0, "length_km": 0.24863275459406725 }, "geometry": { "type": "LineString", "coordinates": [ [ 144.9827647, -37.8040716 ], [ 144.9824059, -37.8062935 ] ] } },
{ "type": "Feature", "properties": { "osm_id": "27558847", "road_name": "Napier Street", "highway": "residential", "maxspeed_kmh": 30.0, "length_km": 0.047468822481585307 }, "geometry": { "type": "LineString", "coordinates": [ [ 144.9805671, -37.799595099999983 ], [ 144.9806386, -37.7991712 ] ] } },
{ "type": "Feature", "properties": { "osm_id": "27558882", "road_name": "Napier Street", "highway": "residential", "maxspeed_kmh": 30.0, "length_km": 0.118968318689585 }, "geometry": { "type": "LineString", "coordinates": [ [ 144.980776, -37.7983032 ], [ 144.9809371, -37.7972392 ] ] } },
{ "type": "Feature", "properties": { "osm_id": "27771905", "road_name": "Cecil Street", "highway": "residential", "maxspeed_kmh": 30.0, "length_km": 0.20858187226595723 }, "geometry": { "type": "LineString", "coordinates": [ [ 144.9814471, -37.794323699999985 ], [ 144.9837925, -37.7945829 ] ] } },
{ "type": "Feature", "properties": { "osm_id": "30139827", "road_name": "Dight Street", "highway": "residential", "maxspeed_kmh": 30.0, "length_km": 0.19907209481459731 }, "geometry": { "type": "LineString", "coordinates": [ [ 144.9885501, -37.8021045 ], [ 144.9882686, -37.803884099999983 ] ] } },
{ "type": "Feature", "properties": { "osm_id": "30141095", "road_name": "Bendigo Street", "highway": "residential", "maxspeed_kmh": 30.0, "length_km": 0.024960447794922416 }, "geometry": { "type": "LineString", "coordinates": [ [ 144.9929603, -37.7957338 ], [ 144.992912900000022, -37.7955122 ] ] } },
{ "type": "Feature", "properties": { "osm_id": "30141098", "road_name": "Bendigo Street", "highway": "residential", "maxspeed_kmh": 30.0, "length_km": 0.030460145452785196 }, "geometry": { "type": "LineString", "coordinates": [ [ 144.9932489, -37.795606 ], [ 144.9929603, -37.7957338 ] ] } },
{ "type": "Feature", "properties": { "osm_id": "30141789", "road_name": "Mason Street", "highway": "residential", "maxspeed_kmh": 30.0, "length_km": 0.19482961919753547 }, "geometry": { "type": "LineString", "coordinates": [ [ 144.9827574, -37.8077965 ], [ 144.984949, -37.808037 ] ] } },
{ "type": "Feature", "properties": { "osm_id": "30141807", "road_name": "Graham Street", "highway": "residential", "maxspeed_kmh": 30.0, "length_km": 0.049785168859465594 }, "geometry": { "type": "LineString", "coordinates": [ [ 144.978185200000013, -37.8068718 ], [ 144.9776248, -37.8068126 ] ] } },
{ "type": "Feature", "properties": { "osm_id": "30597871", "road_name": "Hood Street", "highway": "residential", "maxspeed_kmh": 30.0, "length_km": 0.073450400221967027 }, "geometry": { "type": "LineString", "coordinates": [ [ 144.9920444, -37.8037007 ], [ 144.9920313, -37.8034803 ], [ 144.991499800000014, -37.8033851 ] ] } },
{ "type": "Feature", "properties": { "osm_id": "30618007", "road_name": "Little Charles Street", "highway": "residential", "maxspeed_kmh": 30.0, "length_km": 0.10252271892316291 }, "geometry": { "type": "LineString", "coordinates": [ [ 144.9799036, -37.8034175 ], [ 144.9810579, -37.8035375 ] ] } },
{ "type": "Feature", "properties": { "osm_id": "31009855", "road_name": null, "highway": "tertiary", "maxspeed_kmh": 30.0, "length_km": 0.037950793746862256 }, "geometry": { "type": "LineString", "coordinates": [ [ 145.0182912, -37.83472470000001 ], [ 145.0182848, -37.8348065 ], [ 145.018195, -37.8348029 ], [ 145.0181902, -37.834728 ], [ 145.0182912, -37.83472470000001 ] ] } },
{ "type": "Feature", "properties": { "osm_id": "31831302", "road_name": "Northumberland Street", "highway": "residential", "maxspeed_kmh": 30.0, "length_km": 0.17889132610800226 }, "geometry": { "type": "LineString", "coordinates": [ [ 144.9879565, -37.8075137 ], [ 144.9859453, -37.8072867 ] ] } },
{ "type": "Feature", "properties": { "osm_id": "31831309", "road_name": "Glasgow Street", "highway": "residential", "maxspeed_kmh": 30.0, "length_km": 0.17885691245941951 }, "geometry": { "type": "LineString", "coordinates": [ [ 144.9860043, -37.8069388 ], [ 144.988017500000012, -37.807151899999987 ] ] } },
{ "type": "Feature", "properties": { "osm_id": "31831324", "road_name": "Silver Street", "highway": "residential", "maxspeed_kmh": 30.0, "length_km": 0.040379529735036168 }, "geometry": { "type": "LineString", "coordinates": [ [ 144.9876635, -37.8071165 ], [ 144.987728800000014, -37.8067564 ] ] } },
{ "type": "Feature", "properties": { "osm_id": "31831448", "road_name": "Robert Street", "highway": "living_street", "maxspeed_kmh": 30.0, "length_km": 0.17937053227781147 }, "geometry": { "type": "LineString", "coordinates": [ [ 144.9862312, -37.8055819 ], [ 144.9882469, -37.8058142 ] ] } },
{ "type": "Feature", "properties": { "osm_id": "31831971", "road_name": "Montague Street", "highway": "residential", "maxspeed_kmh": 30.0, "length_km": 0.080689540245105371 }, "geometry": { "type": "LineString", "coordinates": [ [ 144.988022300000011, -37.807121 ], [ 144.9889321, -37.8072074 ] ] } },
{ "type": "Feature", "properties": { "osm_id": "31832138", "road_name": "John Street", "highway": "residential", "maxspeed_kmh": 30.0, "length_km": 0.19847794226154314 }, "geometry": { "type": "LineString", "coordinates": [ [ 144.9873797, -37.801985 ], [ 144.9870535, -37.8037544 ] ] } },
{ "type": "Feature", "properties": { "osm_id": "32152128", "road_name": "Bell Street", "highway": "residential", "maxspeed_kmh": 30.0, "length_km": 0.016654695728762117 }, "geometry": { "type": "LineString", "coordinates": [ [ 144.97483, -37.8000065 ], [ 144.9746427, -37.7999858 ] ] } },
{ "type": "Feature", "properties": { "osm_id": "32215846", "road_name": null, "highway": "service", "maxspeed_kmh": 30.0, "length_km": 0.20591336424175125 }, "geometry": { "type": "LineString", "coordinates": [ [ 144.975915, -37.7956275 ], [ 144.9762106, -37.7937872 ] ] } },
{ "type": "Feature", "properties": { "osm_id": "32216005", "road_name": null, "highway": "service", "maxspeed_kmh": 30.0, "length_km": 0.16971815317172215 }, "geometry": { "type": "LineString", "coordinates": [ [ 144.9762558, -37.7935104 ], [ 144.978168399999987, -37.7936965 ] ] } },
{ "type": "Feature", "properties": { "osm_id": "32217283", "road_name": "Wood Street", "highway": "residential", "maxspeed_kmh": 30.0, "length_km": 0.043421803641241867 }, "geometry": { "type": "LineString", "coordinates": [ [ 144.98075080000001, -37.8018818 ], [ 144.9806786, -37.8022688 ] ] } },
{ "type": "Feature", "properties": { "osm_id": "32217291", "road_name": "Hodgson Street", "highway": "residential", "maxspeed_kmh": 30.0, "length_km": 0.088870471142577123 }, "geometry": { "type": "LineString", "coordinates": [ [ 144.9837919, -37.8017508 ], [ 144.98279, -37.8016552 ] ] } },
{ "type": "Feature", "properties": { "osm_id": "32217302", "road_name": "Hargreaves Street", "highway": "residential", "maxspeed_kmh": 30.0, "length_km": 0.089344514074317732 }, "geometry": { "type": "LineString", "coordinates": [ [ 144.9833605, -37.8011703 ], [ 144.9834965, -37.8003726 ] ] } },
{ "type": "Feature", "properties": { "osm_id": "32246801", "road_name": "Kerr Street", "highway": "residential", "maxspeed_kmh": 30.0, "length_km": 0.049052561315434472 }, "geometry": { "type": "LineString", "coordinates": [ [ 144.9813332, -37.7970228 ], [ 144.9818851, -37.7970822 ] ] } },
{ "type": "Feature", "properties": { "osm_id": "32246804", "road_name": "Napier Street", "highway": "residential", "maxspeed_kmh": 30.0, "length_km": 0.098141481022134422 }, "geometry": { "type": "LineString", "coordinates": [ [ 144.9811076, -37.7961876 ], [ 144.9812748, -37.7953134 ] ] } },
{ "type": "Feature", "properties": { "osm_id": "32246805", "road_name": null, "highway": "residential", "maxspeed_kmh": 30.0, "length_km": 0.046535923124455467 }, "geometry": { "type": "LineString", "coordinates": [ [ 144.981062900000012, -37.7970035 ], [ 144.9809718, -37.7970488 ], [ 144.980901, -37.7969645 ], [ 144.981013499999989, -37.796920299999989 ], [ 144.981062900000012, -37.7970035 ] ] } },
{ "type": "Feature", "properties": { "osm_id": "32246939", "road_name": "St David Street", "highway": "residential", "maxspeed_kmh": 30.0, "length_km": 0.20647264629701226 }, "geometry": { "type": "LineString", "coordinates": [ [ 144.98268010000001, -37.8010998 ], [ 144.980357, -37.80084930000001 ] ] } },
{ "type": "Feature", "properties": { "osm_id": "32246978", "road_name": "Exhibition Street", "highway": "residential", "maxspeed_kmh": 30.0, "length_km": 0.1680434013914362 }, "geometry": { "type": "LineString", "coordinates": [ [ 144.981159100000013, -37.800531 ], [ 144.9792674, -37.800333 ] ] } },
{ "type": "Feature", "properties": { "osm_id": "32247317", "road_name": "Little Napier Street", "highway": "residential", "maxspeed_kmh": 30.0, "length_km": 0.17371255977950617 }, "geometry": { "type": "LineString", "coordinates": [ [ 144.978587, -37.8074701 ], [ 144.9788383, -37.8059178 ] ] } },
{ "type": "Feature", "properties": { "osm_id": "32324074", "road_name": "King William Street", "highway": "residential", "maxspeed_kmh": 30.0, "length_km": 0.015232002408424211 }, "geometry": { "type": "LineString", "coordinates": [ [ 144.974465900000013, -37.8019996 ], [ 144.9742941, -37.8019839 ] ] } },
{ "type": "Feature", "properties": { "osm_id": "32324103", "road_name": "Hanover Street", "highway": "residential", "maxspeed_kmh": 30.0, "length_km": 0.29577588884109979 }, "geometry": { "type": "LineString", "coordinates": [ [ 144.9743267, -37.8027346 ], [ 144.977658600000012, -37.8030696 ] ] } },
{ "type": "Feature", "properties": { "osm_id": "32324345", "road_name": null, "highway": "service", "maxspeed_kmh": 30.0, "length_km": 0.13697125535296298 }, "geometry": { "type": "LineString", "coordinates": [ [ 144.9767746, -37.7957194 ], [ 144.9769796, -37.7944961 ] ] } },
{ "type": "Feature", "properties": { "osm_id": "32452753", "road_name": "Young Street", "highway": "residential", "maxspeed_kmh": 30.0, "length_km": 0.36489993614849936 }, "geometry": { "type": "LineString", "coordinates": [ [ 144.9790334, -37.80171570000001 ], [ 144.979583600000012, -37.7984572 ] ] } },
{ "type": "Feature", "properties": { "osm_id": "32452764", "road_name": "Condell Street", "highway": "residential", "maxspeed_kmh": 30.0, "length_km": 0.098875875564317706 }, "geometry": { "type": "LineString", "coordinates": [ [ 144.9800285, -37.802573 ], [ 144.978914800000013, -37.8024603 ] ] } },
{ "type": "Feature", "properties": { "osm_id": "32452824", "road_name": "Napier Place", "highway": "residential", "maxspeed_kmh": 30.0, "length_km": 0.067423494232062606 }, "geometry": { "type": "LineString", "coordinates": [ [ 144.9805145, -37.8018587 ], [ 144.9806112, -37.801256100000018 ] ] } },
{ "type": "Feature", "properties": { "osm_id": "32453106", "road_name": "Napier Street", "highway": "residential", "maxspeed_kmh": 30.0, "length_km": 0.16754897285124051 }, "geometry": { "type": "LineString", "coordinates": [ [ 144.979733399999986, -37.8042924 ], [ 144.9794837, -37.8057889 ] ] } },
{ "type": "Feature", "properties": { "osm_id": "32453563", "road_name": "Little Gore Street", "highway": "residential", "maxspeed_kmh": 30.0, "length_km": 0.18283995853719165 }, "geometry": { "type": "LineString", "coordinates": [ [ 144.981590399999988, -37.803946199999984 ], [ 144.9813172, -37.8055792 ] ] } },
{ "type": "Feature", "properties": { "osm_id": "32454925", "road_name": "Napier Street", "highway": "residential", "maxspeed_kmh": 30.0, "length_km": 0.084713056612827048 }, "geometry": { "type": "LineString", "coordinates": [ [ 144.980216700000028, -37.8016038 ], [ 144.980357, -37.80084930000001 ] ] } },
{ "type": "Feature", "properties": { "osm_id": "32454926", "road_name": "Moor Street", "highway": "residential", "maxspeed_kmh": 30.0, "length_km": 0.076224336915067498 }, "geometry": { "type": "LineString", "coordinates": [ [ 144.9802417, -37.8018359 ], [ 144.9811015, -37.801914600000011 ] ] } },
{ "type": "Feature", "properties": { "osm_id": "32454936", "road_name": null, "highway": "residential", "maxspeed_kmh": 30.0, "length_km": 0.05014277392413146 }, "geometry": { "type": "LineString", "coordinates": [ [ 144.9802343, -37.8018574 ], [ 144.9801142, -37.801893799999988 ], [ 144.980069500000013, -37.8017957 ], [ 144.980193, -37.8017639 ], [ 144.9802343, -37.8018574 ] ] } },
{ "type": "Feature", "properties": { "osm_id": "32455446", "road_name": "Palmer Street", "highway": "residential", "maxspeed_kmh": 30.0, "length_km": 0.097262742335292543 }, "geometry": { "type": "LineString", "coordinates": [ [ 144.9763223, -37.8044514 ], [ 144.977415900000011, -37.804566 ] ] } },
{ "type": "Feature", "properties": { "osm_id": "32455493", "road_name": null, "highway": "residential", "maxspeed_kmh": 30.0, "length_km": 0.060151191002360632 }, "geometry": { "type": "LineString", "coordinates": [ [ 144.9755485, -37.8051976 ], [ 144.9756338, -37.8046599 ] ] } },
{ "type": "Feature", "properties": { "osm_id": "32479748", "road_name": "Napier Street", "highway": "residential", "maxspeed_kmh": 30.0, "length_km": 0.019233431712227939 }, "geometry": { "type": "LineString", "coordinates": [ [ 144.979733399999986, -37.8042924 ], [ 144.979779400000012, -37.804123 ] ] } },
{ "type": "Feature", "properties": { "osm_id": "32653230", "road_name": "Regent Street", "highway": "residential", "maxspeed_kmh": 30.0, "length_km": 0.10699628788496551 }, "geometry": { "type": "LineString", "coordinates": [ [ 144.974682699999988, -37.8068984 ], [ 144.9748607, -37.8059448 ] ] } },
{ "type": "Feature", "properties": { "osm_id": "32943792", "road_name": "Little Abbot Street", "highway": "service", "maxspeed_kmh": 30.0, "length_km": 0.42745166080225344 }, "geometry": { "type": "LineString", "coordinates": [ [ 144.99305240000001, -37.7980829 ], [ 144.9882397, -37.7975857 ] ] } },
{ "type": "Feature", "properties": { "osm_id": "33005721", "road_name": "Brunswick Place", "highway": "residential", "maxspeed_kmh": 30.0, "length_km": 0.052023813456057999 }, "geometry": { "type": "LineString", "coordinates": [ [ 144.9764865, -37.8035599 ], [ 144.9770722, -37.803621 ] ] } },
{ "type": "Feature", "properties": { "osm_id": "33066424", "road_name": "Little Victoria Street", "highway": "residential", "maxspeed_kmh": 30.0, "length_km": 0.10357936800976064 }, "geometry": { "type": "LineString", "coordinates": [ [ 144.9791885, -37.8075333 ], [ 144.980353799999989, -37.80766 ] ] } },
{ "type": "Feature", "properties": { "osm_id": "33066433", "road_name": "Little Victoria Street", "highway": "residential", "maxspeed_kmh": 30.0, "length_km": 0.099833949171958689 }, "geometry": { "type": "LineString", "coordinates": [ [ 144.9815572, -37.8077045 ], [ 144.9804325, -37.8075914 ] ] } },
{ "type": "Feature", "properties": { "osm_id": "33066955", "road_name": "Moor Street", "highway": "residential", "maxspeed_kmh": 30.0, "length_km": 0.061169306313570586 }, "geometry": { "type": "LineString", "coordinates": [ [ 144.981566, -37.80196440000001 ], [ 144.9822553, -37.8020322 ] ] } },
{ "type": "Feature", "properties": { "osm_id": "33066956", "road_name": "George Street", "highway": "residential", "maxspeed_kmh": 30.0, "length_km": 0.27166333964770184 }, "geometry": { "type": "LineString", "coordinates": [ [ 144.9813478, -37.8017147 ], [ 144.981781399999988, -37.799292199999982 ] ] } },
{ "type": "Feature", "properties": { "osm_id": "33066958", "road_name": null, "highway": "residential", "maxspeed_kmh": 30.0, "length_km": 0.046468829790795092 }, "geometry": { "type": "LineString", "coordinates": [ [ 144.981356799999986, -37.8020026 ], [ 144.9812542, -37.8019688 ], [ 144.9812973, -37.8018779 ], [ 144.981411400000013, -37.801922 ], [ 144.981356799999986, -37.8020026 ] ] } },
{ "type": "Feature", "properties": { "osm_id": "33406174", "road_name": "Perry Street", "highway": "residential", "maxspeed_kmh": 30.0, "length_km": 0.48054117313847938 }, "geometry": { "type": "LineString", "coordinates": [ [ 144.9871631, -37.8001614 ], [ 144.992577899999986, -37.8006933 ] ] } },
{ "type": "Feature", "properties": { "osm_id": "33610971", "road_name": "Argyle Street", "highway": "residential", "maxspeed_kmh": 30.0, "length_km": 0.19859162343903014 }, "geometry": { "type": "LineString", "coordinates": [ [ 144.9808439, -37.7977716 ], [ 144.9786078, -37.7975413 ] ] } },
{ "type": "Feature", "properties": { "osm_id": "33611037", "road_name": "Rose Street", "highway": "residential", "maxspeed_kmh": 30.0, "length_km": 0.15872120402701512 }, "geometry": { "type": "LineString", "coordinates": [ [ 144.9788809, -37.7959444 ], [ 144.9806663, -37.7961388 ] ] } },
{ "type": "Feature", "properties": { "osm_id": "33611185", "road_name": "Emerald Street", "highway": "residential", "maxspeed_kmh": 30.0, "length_km": 0.081835844183267989 }, "geometry": { "type": "LineString", "coordinates": [ [ 144.98809270000001, -37.800255 ], [ 144.9879762, -37.8009865 ] ] } },
{ "type": "Feature", "properties": { "osm_id": "33611241", "road_name": "Dight Street", "highway": "residential", "maxspeed_kmh": 30.0, "length_km": 0.1000900497223573 }, "geometry": { "type": "LineString", "coordinates": [ [ 144.9888183, -37.800328 ], [ 144.988973499999986, -37.7994347 ] ] } },
{ "type": "Feature", "properties": { "osm_id": "33611256", "road_name": "Dight Street", "highway": "residential", "maxspeed_kmh": 30.0, "length_km": 0.12334302574649686 }, "geometry": { "type": "LineString", "coordinates": [ [ 144.9885501, -37.8021045 ], [ 144.9887015, -37.80101350000001 ] ] } },
{ "type": "Feature", "properties": { "osm_id": "33611299", "road_name": "Dight Street", "highway": "residential", "maxspeed_kmh": 30.0, "length_km": 0.076778574754282861 }, "geometry": { "type": "LineString", "coordinates": [ [ 144.9887015, -37.80101350000001 ], [ 144.9888183, -37.800328 ] ] } },
{ "type": "Feature", "properties": { "osm_id": "33611310", "road_name": "Campbell Street", "highway": "residential", "maxspeed_kmh": 30.0, "length_km": 0.073009423450392269 }, "geometry": { "type": "LineString", "coordinates": [ [ 144.9893863, -37.8010476 ], [ 144.9894701, -37.8003947 ] ] } },
{ "type": "Feature", "properties": { "osm_id": "33611319", "road_name": "Campbell Street", "highway": "residential", "maxspeed_kmh": 30.0, "length_km": 0.10032867967343241 }, "geometry": { "type": "LineString", "coordinates": [ [ 144.9894701, -37.8003947 ], [ 144.9896132, -37.7994993 ] ] } },
{ "type": "Feature", "properties": { "osm_id": "33611321", "road_name": "Campbell Street", "highway": "residential", "maxspeed_kmh": 30.0, "length_km": 0.12692163371757811 }, "geometry": { "type": "LineString", "coordinates": [ [ 144.9891945, -37.8021703 ], [ 144.9893863, -37.8010476 ] ] } },
{ "type": "Feature", "properties": { "osm_id": "33611425", "road_name": "Keele Street", "highway": "residential", "maxspeed_kmh": 30.0, "length_km": 0.31804982650686042 }, "geometry": { "type": "LineString", "coordinates": [ [ 144.993104499999987, -37.7977297 ], [ 144.9895205, -37.797378899999984 ] ] } },
{ "type": "Feature", "properties": { "osm_id": "33611426", "road_name": "Gold Street", "highway": "residential", "maxspeed_kmh": 30.0, "length_km": 0.026822155618644292 }, "geometry": { "type": "LineString", "coordinates": [ [ 144.98932210000001, -37.7979564 ], [ 144.9892762, -37.7981953 ] ] } },
{ "type": "Feature", "properties": { "osm_id": "33611451", "road_name": null, "highway": "residential", "maxspeed_kmh": 30.0, "length_km": 0.050861679822988143 }, "geometry": { "type": "LineString", "coordinates": [ [ 144.9893926, -37.7974373 ], [ 144.9893442, -37.797340299999988 ], [ 144.9894697, -37.79730450000001 ], [ 144.9895128, -37.7974004 ], [ 144.9893926, -37.7974373 ] ] } },
{ "type": "Feature", "properties": { "osm_id": "33611479", "road_name": "Sackville Street", "highway": "residential", "maxspeed_kmh": 30.0, "length_km": 0.3232923899157959 }, "geometry": { "type": "LineString", "coordinates": [ [ 144.992899, -37.7991091 ], [ 144.989256399999988, -37.7987485 ] ] } },
{ "type": "Feature", "properties": { "osm_id": "33611481", "road_name": "Gold Street", "highway": "residential", "maxspeed_kmh": 30.0, "length_km": 0.029397262017972232 }, "geometry": { "type": "LineString", "coordinates": [ [ 144.9891249, -37.7990317 ], [ 144.9890795, -37.799294099999983 ] ] } },
{ "type": "Feature", "properties": { "osm_id": "33611650", "road_name": "Napoleon Street", "highway": "residential", "maxspeed_kmh": 30.0, "length_km": 0.068688911916226919 }, "geometry": { "type": "LineString", "coordinates": [ [ 144.985097700000011, -37.801449900000016 ], [ 144.9852, -37.8008364 ] ] } },
{ "type": "Feature", "properties": { "osm_id": "33735737", "road_name": "Kerr Street", "highway": "residential", "maxspeed_kmh": 30.0, "length_km": 0.023575090186724101 }, "geometry": { "type": "LineString", "coordinates": [ [ 144.9798533, -37.7968615 ], [ 144.9801189, -37.7968879 ] ] } },
{ "type": "Feature", "properties": { "osm_id": "33735739", "road_name": "Kerr Street", "highway": "residential", "maxspeed_kmh": 30.0, "length_km": 0.098648926685426491 }, "geometry": { "type": "LineString", "coordinates": [ [ 144.9787445, -37.7967357 ], [ 144.9798533, -37.7968615 ] ] } },
{ "type": "Feature", "properties": { "osm_id": "33972281", "road_name": "Henry Street", "highway": "residential", "maxspeed_kmh": 30.0, "length_km": 0.092161828987032637 }, "geometry": { "type": "LineString", "coordinates": [ [ 144.9761806, -37.7970136 ], [ 144.975144, -37.7969001 ] ] } },
{ "type": "Feature", "properties": { "osm_id": "34491763", "road_name": "Smith Street", "highway": "tertiary", "maxspeed_kmh": 30.0, "length_km": 0.010813863782433699 }, "geometry": { "type": "LineString", "coordinates": [ [ 144.982760899999988, -37.8077761 ], [ 144.982744, -37.8078726 ] ] } },
{ "type": "Feature", "properties": { "osm_id": "34586156", "road_name": "Bedford Street", "highway": "residential", "maxspeed_kmh": 30.0, "length_km": 0.19609994056477237 }, "geometry": { "type": "LineString", "coordinates": [ [ 144.984748200000013, -37.8007886 ], [ 144.9850633, -37.7990396 ] ] } },
{ "type": "Feature", "properties": { "osm_id": "34586225", "road_name": "Napier Street", "highway": "residential", "maxspeed_kmh": 30.0, "length_km": 0.01841919369295077 }, "geometry": { "type": "LineString", "coordinates": [ [ 144.981347199999988, -37.7948975 ], [ 144.981382900000028, -37.794734 ] ] } },
{ "type": "Feature", "properties": { "osm_id": "34586232", "road_name": null, "highway": "residential", "maxspeed_kmh": 30.0, "length_km": 0.045698022051377074 }, "geometry": { "type": "LineString", "coordinates": [ [ 144.9812971, -37.7950226 ], [ 144.981236, -37.7949494 ], [ 144.981347199999988, -37.7948975 ], [ 144.9813988, -37.7949758 ], [ 144.9812971, -37.7950226 ] ] } },
{ "type": "Feature", "properties": { "osm_id": "34586237", "road_name": "Westgarth Street", "highway": "residential", "maxspeed_kmh": 30.0, "length_km": 0.090987543243709251 }, "geometry": { "type": "LineString", "coordinates": [ [ 144.9824245, -37.795073 ], [ 144.9813988, -37.7949758 ] ] } },
{ "type": "Feature", "properties": { "osm_id": "34586252", "road_name": "Leicester Street", "highway": "residential", "maxspeed_kmh": 30.0, "length_km": 0.31738008097714288 }, "geometry": { "type": "LineString", "coordinates": [ [ 144.9812178, -37.7955954 ], [ 144.9847928, -37.7959533 ] ] } },
{ "type": "Feature", "properties": { "osm_id": "34586423", "road_name": null, "highway": "residential", "maxspeed_kmh": 30.0, "length_km": 0.054399593582848821 }, "geometry": { "type": "LineString", "coordinates": [ [ 144.9825844, -37.7951593 ], [ 144.9824467, -37.795159 ], [ 144.982454600000011, -37.7950416 ], [ 144.9825841, -37.7950466 ], [ 144.9825844, -37.7951593 ] ] } },
{ "type": "Feature", "properties": { "osm_id": "34586431", "road_name": "Westgarth Street", "highway": "residential", "maxspeed_kmh": 30.0, "length_km": 0.087981148691340688 }, "geometry": { "type": "LineString", "coordinates": [ [ 144.983605, -37.7951896 ], [ 144.9826137, -37.7950921 ] ] } },
{ "type": "Feature", "properties": { "osm_id": "34586435", "road_name": "Gore Street", "highway": "residential", "maxspeed_kmh": 30.0, "length_km": 0.061850705951917676 }, "geometry": { "type": "LineString", "coordinates": [ [ 144.9836963, -37.7951349 ], [ 144.9837925, -37.7945829 ] ] } },
{ "type": "Feature", "properties": { "osm_id": "34586448", "road_name": null, "highway": "residential", "maxspeed_kmh": 30.0, "length_km": 0.045643657652412302 }, "geometry": { "type": "LineString", "coordinates": [ [ 144.983728, -37.7952571 ], [ 144.983613600000012, -37.7952307 ], [ 144.9836474, -37.7951424 ], [ 144.983759, -37.7951675 ], [ 144.983728, -37.7952571 ] ] } },
{ "type": "Feature", "properties": { "osm_id": "40604041", "road_name": "Brown Street", "highway": "residential", "maxspeed_kmh": 30.0, "length_km": 0.081553832472934434 }, "geometry": { "type": "LineString", "coordinates": [ [ 144.9893394, -37.8076473 ], [ 144.9894543, -37.8069182 ] ] } },
{ "type": "Feature", "properties": { "osm_id": "40784197", "road_name": "Wood Street", "highway": "residential", "maxspeed_kmh": 30.0, "length_km": 0.011257071435348607 }, "geometry": { "type": "LineString", "coordinates": [ [ 144.980606099999989, -37.802261 ], [ 144.98073260000001, -37.8022755 ] ] } },
{ "type": "Feature", "properties": { "osm_id": "41089698", "road_name": null, "highway": "service", "maxspeed_kmh": 30.0, "length_km": 0.037561413452565653 }, "geometry": { "type": "LineString", "coordinates": [ [ 144.9858197, -37.8056095 ], [ 144.9859143, -37.8052803 ] ] } },
{ "type": "Feature", "properties": { "osm_id": "41285552", "road_name": "Stafford Alley", "highway": "service", "maxspeed_kmh": 30.0, "length_km": 0.068587368262135129 }, "geometry": { "type": "LineString", "coordinates": [ [ 144.99741, -37.8310722 ], [ 144.9975101, -37.8304594 ] ] } },
{ "type": "Feature", "properties": { "osm_id": "42300792", "road_name": "Little Smith Street", "highway": "residential", "maxspeed_kmh": 30.0, "length_km": 0.21550123302988433 }, "geometry": { "type": "LineString", "coordinates": [ [ 144.9824059, -37.8062935 ], [ 144.9820736, -37.8082171 ] ] } },
{ "type": "Feature", "properties": { "osm_id": "43677727", "road_name": "Webb Street", "highway": "residential", "maxspeed_kmh": 30.0, "length_km": 0.10747440339963886 }, "geometry": { "type": "LineString", "coordinates": [ [ 144.983392, -37.8041379 ], [ 144.98218270000001, -37.8040076 ] ] } },
{ "type": "Feature", "properties": { "osm_id": "44153524", "road_name": null, "highway": "service", "maxspeed_kmh": 30.0, "length_km": 0.13142354903009917 }, "geometry": { "type": "LineString", "coordinates": [ [ 144.9762881, -37.794805 ], [ 144.9777679, -37.7949571 ] ] } },
{ "type": "Feature", "properties": { "osm_id": "45153904", "road_name": "Leicester Street", "highway": "residential", "maxspeed_kmh": 30.0, "length_km": 0.19900952009708661 }, "geometry": { "type": "LineString", "coordinates": [ [ 144.9812178, -37.7955954 ], [ 144.9789783, -37.7953573 ] ] } },
{ "type": "Feature", "properties": { "osm_id": "45154146", "road_name": "Bell Street", "highway": "residential", "maxspeed_kmh": 30.0, "length_km": 0.27083567230581546 }, "geometry": { "type": "LineString", "coordinates": [ [ 144.97483, -37.8000065 ], [ 144.977877400000011, -37.8003341 ] ] } },
{ "type": "Feature", "properties": { "osm_id": "45976041", "road_name": null, "highway": "service", "maxspeed_kmh": 30.0, "length_km": 0.043014615573199036 }, "geometry": { "type": "LineString", "coordinates": [ [ 144.9763189, -37.7931261 ], [ 144.9762558, -37.7935104 ] ] } },
{ "type": "Feature", "properties": { "osm_id": "45976042", "road_name": null, "highway": "service", "maxspeed_kmh": 30.0, "length_km": 0.14579633794890928 }, "geometry": { "type": "LineString", "coordinates": [ [ 144.978070800000012, -37.7942667 ], [ 144.9764281, -37.7941047 ] ] } },
{ "type": "Feature", "properties": { "osm_id": "48437230", "road_name": "Moor Street", "highway": "residential", "maxspeed_kmh": 30.0, "length_km": 0.05222565708461395 }, "geometry": { "type": "LineString", "coordinates": [ [ 144.982785799999988, -37.8020869 ], [ 144.9833743, -37.8021449 ] ] } },
{ "type": "Feature", "properties": { "osm_id": "48437231", "road_name": "Gore Street", "highway": "residential", "maxspeed_kmh": 30.0, "length_km": 0.15330078233656025 }, "geometry": { "type": "LineString", "coordinates": [ [ 144.9825423, -37.8018549 ], [ 144.982781, -37.8004868 ] ] } },
{ "type": "Feature", "properties": { "osm_id": "53837208", "road_name": "Young Street", "highway": "residential", "maxspeed_kmh": 30.0, "length_km": 0.2282259398959646 }, "geometry": { "type": "LineString", "coordinates": [ [ 144.9798533, -37.7968615 ], [ 144.980303500000019, -37.794838 ] ] } },
{ "type": "Feature", "properties": { "osm_id": "56228405", "road_name": "Cornish Road", "highway": "residential", "maxspeed_kmh": 30.0, "length_km": 0.021926020464957233 }, "geometry": { "type": "LineString", "coordinates": [ [ 145.2824338, -37.9257 ], [ 145.2825382, -37.925879399999985 ] ] } },
{ "type": "Feature", "properties": { "osm_id": "57795718", "road_name": "Oxford Street", "highway": "residential", "maxspeed_kmh": 30.0, "length_km": 0.11606168319506042 }, "geometry": { "type": "LineString", "coordinates": [ [ 144.9841993, -37.8068991 ], [ 144.9840154, -37.8079345 ] ] } },
{ "type": "Feature", "properties": { "osm_id": "61014744", "road_name": "Peel Street", "highway": "residential", "maxspeed_kmh": 30.0, "length_km": 0.27025518997516262 }, "geometry": { "type": "LineString", "coordinates": [ [ 144.9832398, -37.8049759 ], [ 144.986275799999987, -37.8053199 ] ] } },
{ "type": "Feature", "properties": { "osm_id": "73514785", "road_name": "Napier Street", "highway": "residential", "maxspeed_kmh": 30.0, "length_km": 0.13473519752386071 }, "geometry": { "type": "LineString", "coordinates": [ [ 144.9793914, -37.8063301 ], [ 144.9791885, -37.8075333 ] ] } },
{ "type": "Feature", "properties": { "osm_id": "126748377", "road_name": "Vere Street", "highway": "residential", "maxspeed_kmh": 30.0, "length_km": 0.025405076086551421 }, "geometry": { "type": "LineString", "coordinates": [ [ 144.9922397, -37.8024426 ], [ 144.9919528, -37.8024187 ] ] } },
{ "type": "Feature", "properties": { "osm_id": "134640469", "road_name": "George Street", "highway": "residential", "maxspeed_kmh": 30.0, "length_km": 0.010439952637373639 }, "geometry": { "type": "LineString", "coordinates": [ [ 144.9818536, -37.7987935 ], [ 144.981870500000014, -37.7987004 ] ] } },
{ "type": "Feature", "properties": { "osm_id": "134640470", "road_name": "George Street", "highway": "residential", "maxspeed_kmh": 30.0, "length_km": 0.21653479064988215 }, "geometry": { "type": "LineString", "coordinates": [ [ 144.9821581, -37.797112 ], [ 144.9824984, -37.79518 ] ] } },
{ "type": "Feature", "properties": { "osm_id": "138568058", "road_name": null, "highway": "service", "maxspeed_kmh": 30.0, "length_km": 0.036195361475739318 }, "geometry": { "type": "LineString", "coordinates": [ [ 144.9921818, -37.7973118 ], [ 144.9921299, -37.7976353 ] ] } },
{ "type": "Feature", "properties": { "osm_id": "138568064", "road_name": null, "highway": "service", "maxspeed_kmh": 30.0, "length_km": 0.16642074197368942 }, "geometry": { "type": "LineString", "coordinates": [ [ 144.993150800000024, -37.7974068 ], [ 144.9912756, -37.7972221 ] ] } },
{ "type": "Feature", "properties": { "osm_id": "138568067", "road_name": "Hoddle Street Service Road", "highway": "residential", "maxspeed_kmh": 30.0, "length_km": 0.028788987509441463 }, "geometry": { "type": "LineString", "coordinates": [ [ 144.993150800000024, -37.7974068 ], [ 144.9933599, -37.7972319 ] ] } },
{ "type": "Feature", "properties": { "osm_id": "159253194", "road_name": "Brunswick Street", "highway": "tertiary", "maxspeed_kmh": 30.0, "length_km": 0.078220964477795127 }, "geometry": { "type": "LineString", "coordinates": [ [ 144.9767462, -37.8080915 ], [ 144.9769143, -37.80740560000001 ] ] } },
{ "type": "Feature", "properties": { "osm_id": "159805097", "road_name": "Mater Street", "highway": "residential", "maxspeed_kmh": 30.0, "length_km": 0.26938321025066009 }, "geometry": { "type": "LineString", "coordinates": [ [ 144.987931300000014, -37.7956486 ], [ 144.9848992, -37.7953311 ] ] } },
{ "type": "Feature", "properties": { "osm_id": "172623119", "road_name": "George Street", "highway": "residential", "maxspeed_kmh": 30.0, "length_km": 0.072778384466107501 }, "geometry": { "type": "LineString", "coordinates": [ [ 144.9826094, -37.7944513 ], [ 144.9826926, -37.793802299999989 ] ] } },
{ "type": "Feature", "properties": { "osm_id": "177788834", "road_name": "Smith Street", "highway": "tertiary", "maxspeed_kmh": 30.0, "length_km": 1.0631982334925907 }, "geometry": { "type": "LineString", "coordinates": [ [ 144.9846373, -37.796867 ], [ 144.98299320000001, -37.8063565 ] ] } },
{ "type": "Feature", "properties": { "osm_id": "185936716", "road_name": "Forest Street", "highway": "residential", "maxspeed_kmh": 30.0, "length_km": 0.023427547586524346 }, "geometry": { "type": "LineString", "coordinates": [ [ 144.992315600000012, -37.7953872 ], [ 144.9921822, -37.7955666 ] ] } },
{ "type": "Feature", "properties": { "osm_id": "185936719", "road_name": "Forest Street", "highway": "residential", "maxspeed_kmh": 30.0, "length_km": 0.025293124595768986 }, "geometry": { "type": "LineString", "coordinates": [ [ 144.9921822, -37.7955666 ], [ 144.992124499999989, -37.7953439 ] ] } },
{ "type": "Feature", "properties": { "osm_id": "187583936", "road_name": null, "highway": "residential", "maxspeed_kmh": 30.0, "length_km": 0.18197494892944144 }, "geometry": { "type": "LineString", "coordinates": [ [ 144.9922397, -37.8024426 ], [ 144.99243580000001, -37.801106699999984 ], [ 144.9927165, -37.80095 ] ] } },
{ "type": "Feature", "properties": { "osm_id": "187609426", "road_name": "Rupert Street", "highway": "residential", "maxspeed_kmh": 30.0, "length_km": 0.67397648070513982 }, "geometry": { "type": "LineString", "coordinates": [ [ 144.9895803, -37.803315 ], [ 144.9885932, -37.8093354 ] ] } },
{ "type": "Feature", "properties": { "osm_id": "187610931", "road_name": "Campbell Street", "highway": "residential", "maxspeed_kmh": 30.0, "length_km": 0.1061176644055164 }, "geometry": { "type": "LineString", "coordinates": [ [ 144.9890604, -37.8032429 ], [ 144.9892022, -37.802295699999988 ] ] } },
{ "type": "Feature", "properties": { "osm_id": "188284016", "road_name": "Palmer Street", "highway": "residential", "maxspeed_kmh": 30.0, "length_km": 0.099603554013415196 }, "geometry": { "type": "LineString", "coordinates": [ [ 144.990167899999989, -37.8004594 ], [ 144.9903243, -37.7995712 ] ] } },
{ "type": "Feature", "properties": { "osm_id": "195722889", "road_name": null, "highway": "service", "maxspeed_kmh": 30.0, "length_km": 0.22555796250335511 }, "geometry": { "type": "LineString", "coordinates": [ [ 145.0914248, -37.8450546 ], [ 145.0910811, -37.8470685 ] ] } },
{ "type": "Feature", "properties": { "osm_id": "196603590", "road_name": "Wellington Street", "highway": "tertiary", "maxspeed_kmh": 30.0, "length_km": 0.43730124725776337 }, "geometry": { "type": "LineString", "coordinates": [ [ 144.9871631, -37.8001614 ], [ 144.9864944, -37.804065399999985 ] ] } },
{ "type": "Feature", "properties": { "osm_id": "198230084", "road_name": null, "highway": "service", "maxspeed_kmh": 30.0, "length_km": 0.45114319566702177 }, "geometry": { "type": "LineString", "coordinates": [ [ 145.0278027, -37.7401418 ], [ 145.02848130000001, -37.7361132 ] ] } },
{ "type": "Feature", "properties": { "osm_id": "204997136", "road_name": "Wellington Street", "highway": "tertiary", "maxspeed_kmh": 30.0, "length_km": 0.23990686959318816 }, "geometry": { "type": "LineString", "coordinates": [ [ 144.987980099999987, -37.795664700000017 ], [ 144.9876203, -37.7978072 ] ] } },
{ "type": "Feature", "properties": { "osm_id": "204997137", "road_name": "Wellington Street", "highway": "tertiary", "maxspeed_kmh": 30.0, "length_km": 0.34530610495571584 }, "geometry": { "type": "LineString", "coordinates": [ [ 144.987570799999986, -37.7978126 ], [ 144.98807930000001, -37.7947278 ] ] } },
{ "type": "Feature", "properties": { "osm_id": "204997138", "road_name": "Wellington Street", "highway": "tertiary", "maxspeed_kmh": 30.0, "length_km": 0.095065844650274275 }, "geometry": { "type": "LineString", "coordinates": [ [ 144.9875429, -37.7980831 ], [ 144.9873974, -37.7989318 ] ] } },
{ "type": "Feature", "properties": { "osm_id": "207642000", "road_name": "Gertrude Street", "highway": "tertiary", "maxspeed_kmh": 30.0, "length_km": 0.76451338513336653 }, "geometry": { "type": "LineString", "coordinates": [ [ 144.9824059, -37.8062935 ], [ 144.973800700000027, -37.8053835 ] ] } },
{ "type": "Feature", "properties": { "osm_id": "207642001", "road_name": "Brunswick Street", "highway": "tertiary", "maxspeed_kmh": 30.0, "length_km": 0.011412212597242165 }, "geometry": { "type": "LineString", "coordinates": [ [ 144.9792835, -37.793559 ], [ 144.979266200000012, -37.7936609 ] ] } },
{ "type": "Feature", "properties": { "osm_id": "208489241", "road_name": "Swanston Street", "highway": "unclassified", "maxspeed_kmh": 30.0, "length_km": 0.047082056894657283 }, "geometry": { "type": "LineString", "coordinates": [ [ 144.963718, -37.8094852 ], [ 144.9635351, -37.8090866 ] ] } },
{ "type": "Feature", "properties": { "osm_id": "208662278", "road_name": "Brunswick Street", "highway": "tertiary", "maxspeed_kmh": 30.0, "length_km": 0.068512526579571714 }, "geometry": { "type": "LineString", "coordinates": [ [ 144.9769143, -37.80740560000001 ], [ 144.976879, -37.8080177 ] ] } },
{ "type": "Feature", "properties": { "osm_id": "208664862", "road_name": "Brunswick Street", "highway": "tertiary", "maxspeed_kmh": 30.0, "length_km": 0.024815352069540948 }, "geometry": { "type": "LineString", "coordinates": [ [ 144.976827899999989, -37.8082839 ], [ 144.976785400000011, -37.8085049 ] ] } },
{ "type": "Feature", "properties": { "osm_id": "209748466", "road_name": "Kerr Street", "highway": "residential", "maxspeed_kmh": 30.0, "length_km": 0.070215901403523684 }, "geometry": { "type": "LineString", "coordinates": [ [ 144.977669, -37.7966231 ], [ 144.9784594, -37.7967058 ] ] } },
{ "type": "Feature", "properties": { "osm_id": "209749252", "road_name": "Westgarth Street", "highway": "residential", "maxspeed_kmh": 30.0, "length_km": 0.31198552585074074 }, "geometry": { "type": "LineString", "coordinates": [ [ 144.97557470000001, -37.7943525 ], [ 144.9790878, -37.7947121 ] ] } },
{ "type": "Feature", "properties": { "osm_id": "211397630", "road_name": "Smith Street", "highway": "tertiary", "maxspeed_kmh": 30.0, "length_km": 0.13149564570814345 }, "geometry": { "type": "LineString", "coordinates": [ [ 144.984889500000037, -37.795388 ], [ 144.984683600000011, -37.7965614 ] ] } },
{ "type": "Feature", "properties": { "osm_id": "214901307", "road_name": "Moor Street", "highway": "residential", "maxspeed_kmh": 30.0, "length_km": 0.014142291996662637 }, "geometry": { "type": "LineString", "coordinates": [ [ 144.98355620000001, -37.8021628 ], [ 144.9837154, -37.8021795 ] ] } },
{ "type": "Feature", "properties": { "osm_id": "217908391", "road_name": "Acland Street", "highway": "tertiary", "maxspeed_kmh": 30.0, "length_km": 0.043702010442665307 }, "geometry": { "type": "LineString", "coordinates": [ [ 144.9786372, -37.8673764 ], [ 144.9781663, -37.867258299999989 ] ] } },
{ "type": "Feature", "properties": { "osm_id": "220487759", "road_name": "Dove Street", "highway": "residential", "maxspeed_kmh": 30.0, "length_km": 0.18935905217916107 }, "geometry": { "type": "LineString", "coordinates": [ [ 144.991472499999986, -37.8272449 ], [ 144.9917656, -37.8255548 ] ] } },
{ "type": "Feature", "properties": { "osm_id": "224824034", "road_name": "Gore Street", "highway": "residential", "maxspeed_kmh": 30.0, "length_km": 0.063546683959645231 }, "geometry": { "type": "LineString", "coordinates": [ [ 144.983812199999988, -37.7944974 ], [ 144.9839158, -37.7939308 ] ] } },
{ "type": "Feature", "properties": { "osm_id": "228168410", "road_name": "Duke Street", "highway": "living_street", "maxspeed_kmh": 30.0, "length_km": 0.033162813107169328 }, "geometry": { "type": "LineString", "coordinates": [ [ 144.9781291, -37.80720920000001 ], [ 144.977755700000017, -37.8071704 ] ] } },
{ "type": "Feature", "properties": { "osm_id": "233079848", "road_name": "Acland Street", "highway": "tertiary", "maxspeed_kmh": 30.0, "length_km": 0.03967055477749893 }, "geometry": { "type": "LineString", "coordinates": [ [ 144.9783343, -37.8671196 ], [ 144.9786372, -37.8673764 ] ] } },
{ "type": "Feature", "properties": { "osm_id": "266067568", "road_name": "Digital Drive", "highway": "service", "maxspeed_kmh": 30.0, "length_km": 0.008299524226640766 }, "geometry": { "type": "LineString", "coordinates": [ [ 144.946891, -37.8144236 ], [ 144.9468626, -37.8143523 ] ] } },
{ "type": "Feature", "properties": { "osm_id": "268897401", "road_name": "Moor Street", "highway": "residential", "maxspeed_kmh": 30.0, "length_km": 0.015367587053696518 }, "geometry": { "type": "LineString", "coordinates": [ [ 144.974588, -37.8012757 ], [ 144.9744144, -37.8012617 ] ] } },
{ "type": "Feature", "properties": { "osm_id": "268897402", "road_name": "Moor Street", "highway": "residential", "maxspeed_kmh": 30.0, "length_km": 0.27365836327569115 }, "geometry": { "type": "LineString", "coordinates": [ [ 144.9776564, -37.8015829 ], [ 144.974588, -37.8012757 ] ] } },
{ "type": "Feature", "properties": { "osm_id": "275959310", "road_name": null, "highway": "service", "maxspeed_kmh": 30.0, "length_km": 0.15787134324532101 }, "geometry": { "type": "LineString", "coordinates": [ [ 145.0278855, -37.7395496 ], [ 145.0296616, -37.739694 ] ] } },
{ "type": "Feature", "properties": { "osm_id": "279989319", "road_name": "La Trobe Street", "highway": "tertiary", "maxspeed_kmh": 30.0, "length_km": 0.14108321965467396 }, "geometry": { "type": "LineString", "coordinates": [ [ 144.9637056, -37.8096858 ], [ 144.9621979, -37.8101153 ] ] } },
{ "type": "Feature", "properties": { "osm_id": "296585834", "road_name": "Digital Drive", "highway": "service", "maxspeed_kmh": 30.0, "length_km": 0.025580267288018651 }, "geometry": { "type": "LineString", "coordinates": [ [ 144.9468626, -37.8143523 ], [ 144.9467321, -37.8141509 ] ] } },
{ "type": "Feature", "properties": { "osm_id": "316166376", "road_name": "Swanston Street", "highway": "unclassified", "maxspeed_kmh": 30.0, "length_km": 0.014303480138845966 }, "geometry": { "type": "LineString", "coordinates": [ [ 144.9638615, -37.8095101 ], [ 144.963916399999988, -37.8096313 ] ] } },
{ "type": "Feature", "properties": { "osm_id": "374094246", "road_name": "George Street", "highway": "residential", "maxspeed_kmh": 30.0, "length_km": 0.078427963445051999 }, "geometry": { "type": "LineString", "coordinates": [ [ 144.980533799999989, -37.8064853 ], [ 144.9806733, -37.8057892 ] ] } },
{ "type": "Feature", "properties": { "osm_id": "374094247", "road_name": null, "highway": "residential", "maxspeed_kmh": 30.0, "length_km": 0.036518893402304443 }, "geometry": { "type": "LineString", "coordinates": [ [ 144.9804181, -37.8075422 ], [ 144.980412300000012, -37.8076168 ], [ 144.980322, -37.8076146 ], [ 144.980321, -37.8075406 ], [ 144.9804181, -37.8075422 ] ] } },
{ "type": "Feature", "properties": { "osm_id": "374662302", "road_name": "Wardell Close", "highway": "residential", "maxspeed_kmh": 30.0, "length_km": 0.090116322490075687 }, "geometry": { "type": "LineString", "coordinates": [ [ 144.8948591, -37.7854882 ], [ 144.89587130000001, -37.7856059 ] ] } },
{ "type": "Feature", "properties": { "osm_id": "384941714", "road_name": "Islington Street", "highway": "residential", "maxspeed_kmh": 30.0, "length_km": 0.16920745119981731 }, "geometry": { "type": "LineString", "coordinates": [ [ 144.9912344, -37.804895 ], [ 144.991499800000014, -37.8033851 ] ] } },
{ "type": "Feature", "properties": { "osm_id": "384941715", "road_name": "Islington Street", "highway": "residential", "maxspeed_kmh": 30.0, "length_km": 0.24128763114060461 }, "geometry": { "type": "LineString", "coordinates": [ [ 144.9908745, -37.8070501 ], [ 144.9912344, -37.804895 ] ] } },
{ "type": "Feature", "properties": { "osm_id": "399134592", "road_name": "Gipps Street", "highway": "tertiary", "maxspeed_kmh": 30.0, "length_km": 0.16137152271257257 }, "geometry": { "type": "LineString", "coordinates": [ [ 144.9884451, -37.8046197 ], [ 144.9902635, -37.8047992 ] ] } },
{ "type": "Feature", "properties": { "osm_id": "431326936", "road_name": "Chapel Street", "highway": "residential", "maxspeed_kmh": 30.0, "length_km": 0.066173620495378435 }, "geometry": { "type": "LineString", "coordinates": [ [ 144.982615, -37.7993827 ], [ 144.9827082, -37.79879110000001 ] ] } },
{ "type": "Feature", "properties": { "osm_id": "447871262", "road_name": "Wellington Street", "highway": "tertiary", "maxspeed_kmh": 30.0, "length_km": 0.47102580318654069 }, "geometry": { "type": "LineString", "coordinates": [ [ 144.986358700000039, -37.8048443 ], [ 144.9856373, -37.8090424 ] ] } },
{ "type": "Feature", "properties": { "osm_id": "456686239", "road_name": "Cecil Street", "highway": "residential", "maxspeed_kmh": 30.0, "length_km": 0.04332932393858286 }, "geometry": { "type": "LineString", "coordinates": [ [ 144.9837925, -37.7945829 ], [ 144.9842799, -37.7946359 ] ] } },
{ "type": "Feature", "properties": { "osm_id": "456686240", "road_name": "Cecil Street", "highway": "residential", "maxspeed_kmh": 30.0, "length_km": 0.060871266920879706 }, "geometry": { "type": "LineString", "coordinates": [ [ 144.984321, -37.7946394 ], [ 144.985007, -37.794706 ] ] } },
{ "type": "Feature", "properties": { "osm_id": "521418591", "road_name": "Princes Street", "highway": "service", "maxspeed_kmh": 30.0, "length_km": 0.043129060798256375 }, "geometry": { "type": "LineString", "coordinates": [ [ 144.9758946, -37.807004199999987 ], [ 144.9763805, -37.8070529 ] ] } },
{ "type": "Feature", "properties": { "osm_id": "537395333", "road_name": "Young Street", "highway": "residential", "maxspeed_kmh": 30.0, "length_km": 0.070735051074022157 }, "geometry": { "type": "LineString", "coordinates": [ [ 144.980411, -37.794214 ], [ 144.980517, -37.7935823 ] ] } },
{ "type": "Feature", "properties": { "osm_id": "631192635", "road_name": "Young Street", "highway": "residential", "maxspeed_kmh": 30.0, "length_km": 0.17874239219720311 }, "geometry": { "type": "LineString", "coordinates": [ [ 144.979583600000012, -37.7984572 ], [ 144.9798533, -37.7968615 ] ] } },
{ "type": "Feature", "properties": { "osm_id": "631192639", "road_name": "Wellington Street", "highway": "tertiary", "maxspeed_kmh": 30.0, "length_km": 0.10045740662000911 }, "geometry": { "type": "LineString", "coordinates": [ [ 144.9873399, -37.7992696 ], [ 144.9871631, -37.8001614 ] ] } },
{ "type": "Feature", "properties": { "osm_id": "632525494", "road_name": "Alexander Street", "highway": "residential", "maxspeed_kmh": 30.0, "length_km": 0.021894160612987077 }, "geometry": { "type": "LineString", "coordinates": [ [ 144.99142470000001, -37.7953023 ], [ 144.991374900000011, -37.7951091 ] ] } },
{ "type": "Feature", "properties": { "osm_id": "632525495", "road_name": "Alexander Street", "highway": "residential", "maxspeed_kmh": 30.0, "length_km": 0.019157918985918294 }, "geometry": { "type": "LineString", "coordinates": [ [ 144.9915766, -37.795185 ], [ 144.99142470000001, -37.7953023 ] ] } },
{ "type": "Feature", "properties": { "osm_id": "641696801", "road_name": "Alma Street", "highway": "residential", "maxspeed_kmh": 30.0, "length_km": 0.035580346737542998 }, "geometry": { "type": "LineString", "coordinates": [ [ 144.9744603, -37.805901899999988 ], [ 144.9748607, -37.8059448 ] ] } },
{ "type": "Feature", "properties": { "osm_id": "643831053", "road_name": "Alma Street", "highway": "residential", "maxspeed_kmh": 30.0, "length_km": 0.053449647320987823 }, "geometry": { "type": "LineString", "coordinates": [ [ 144.976054299999987, -37.8060727 ], [ 144.9766558, -37.8061371 ] ] } },
{ "type": "Feature", "properties": { "osm_id": "658620795", "road_name": "La Trobe Street", "highway": "tertiary", "maxspeed_kmh": 30.0, "length_km": 0.072395659625918041 }, "geometry": { "type": "LineString", "coordinates": [ [ 144.9628205, -37.809818799999988 ], [ 144.963588, -37.809585 ] ] } },
{ "type": "Feature", "properties": { "osm_id": "658620799", "road_name": "La Trobe Street", "highway": "tertiary", "maxspeed_kmh": 30.0, "length_km": 0.028379005258105029 }, "geometry": { "type": "LineString", "coordinates": [ [ 144.9621979, -37.8101153 ], [ 144.961894, -37.8102004 ] ] } },
{ "type": "Feature", "properties": { "osm_id": "658642627", "road_name": "Swanston Street", "highway": "unclassified", "maxspeed_kmh": 30.0, "length_km": 0.023081988504037729 }, "geometry": { "type": "LineString", "coordinates": [ [ 144.9635351, -37.8090866 ], [ 144.963443, -37.808891899999985 ] ] } },
{ "type": "Feature", "properties": { "osm_id": "663043586", "road_name": "Webb Street", "highway": "residential", "maxspeed_kmh": 30.0, "length_km": 0.087230473756728613 }, "geometry": { "type": "LineString", "coordinates": [ [ 144.9819812, -37.8039867 ], [ 144.9809986, -37.8038875 ] ] } },
{ "type": "Feature", "properties": { "osm_id": "664287429", "road_name": "La Trobe Street", "highway": "tertiary", "maxspeed_kmh": 30.0, "length_km": 0.12226212101575183 }, "geometry": { "type": "LineString", "coordinates": [ [ 144.9615172, -37.8101985 ], [ 144.9628205, -37.809818799999988 ] ] } },
{ "type": "Feature", "properties": { "osm_id": "666238165", "road_name": "Brunswick Street", "highway": "tertiary", "maxspeed_kmh": 30.0, "length_km": 0.13798493882948468 }, "geometry": { "type": "LineString", "coordinates": [ [ 144.9790878, -37.7947121 ], [ 144.9788809, -37.7959444 ] ] } },
{ "type": "Feature", "properties": { "osm_id": "666238166", "road_name": "Brunswick Street", "highway": "tertiary", "maxspeed_kmh": 30.0, "length_km": 0.026385848021622711 }, "geometry": { "type": "LineString", "coordinates": [ [ 144.9774624, -37.8042922 ], [ 144.9774224, -37.8045278 ] ] } },
{ "type": "Feature", "properties": { "osm_id": "669486843", "road_name": "Charlotte Street", "highway": "residential", "maxspeed_kmh": 30.0, "length_km": 0.25937809878807677 }, "geometry": { "type": "LineString", "coordinates": [ [ 144.989094099999988, -37.7945913 ], [ 144.9887091, -37.796907799999985 ] ] } },
{ "type": "Feature", "properties": { "osm_id": "681542361", "road_name": "Smith Street", "highway": "tertiary", "maxspeed_kmh": 30.0, "length_km": 0.0055448376836838521 }, "geometry": { "type": "LineString", "coordinates": [ [ 144.9849077, -37.7952816 ], [ 144.9848992, -37.7953311 ] ] } },
{ "type": "Feature", "properties": { "osm_id": "681542362", "road_name": "Smith Street", "highway": "tertiary", "maxspeed_kmh": 30.0, "length_km": 0.090382540276976495 }, "geometry": { "type": "LineString", "coordinates": [ [ 144.985124, -37.7940591 ], [ 144.984976, -37.7948649 ] ] } },
{ "type": "Feature", "properties": { "osm_id": "681542365", "road_name": "Westgarth Street", "highway": "residential", "maxspeed_kmh": 30.0, "length_km": 0.10044688816397548 }, "geometry": { "type": "LineString", "coordinates": [ [ 144.9848992, -37.7953311 ], [ 144.9837695, -37.7952071 ] ] } },
{ "type": "Feature", "properties": { "osm_id": "763251913", "road_name": "Hoddle Street Service Road", "highway": "residential", "maxspeed_kmh": 30.0, "length_km": 0.014405256633460249 }, "geometry": { "type": "LineString", "coordinates": [ [ 144.9930877, -37.7978588 ], [ 144.993104499999987, -37.7977297 ] ] } },
{ "type": "Feature", "properties": { "osm_id": "764495999", "road_name": "Cornish Road", "highway": "residential", "maxspeed_kmh": 30.0, "length_km": 0.83648899865150061 }, "geometry": { "type": "LineString", "coordinates": [ [ 145.2825382, -37.925879399999985 ], [ 145.282977, -37.9266214 ], [ 145.28486620000001, -37.9268323 ], [ 145.2854752, -37.9273152 ], [ 145.2842846, -37.9299136 ], [ 145.284387, -37.9301233 ], [ 145.2853859, -37.9304697 ], [ 145.285216100000014, -37.9309827 ] ] } },
{ "type": "Feature", "properties": { "osm_id": "778313574", "road_name": "George Street", "highway": "residential", "maxspeed_kmh": 30.0, "length_km": 0.055715474333686787 }, "geometry": { "type": "LineString", "coordinates": [ [ 144.981781399999988, -37.799292199999982 ], [ 144.9818536, -37.7987935 ] ] } },
{ "type": "Feature", "properties": { "osm_id": "785556074", "road_name": "George Street", "highway": "residential", "maxspeed_kmh": 30.0, "length_km": 0.064137164277212666 }, "geometry": { "type": "LineString", "coordinates": [ [ 144.9826094, -37.7944513 ], [ 144.982525399999986, -37.7950253 ] ] } },
{ "type": "Feature", "properties": { "osm_id": "792324822", "road_name": "Princes Street", "highway": "residential", "maxspeed_kmh": 30.0, "length_km": 0.10658701619087579 }, "geometry": { "type": "LineString", "coordinates": [ [ 144.9734819, -37.8067779 ], [ 144.974682699999988, -37.8068984 ] ] } },
{ "type": "Feature", "properties": { "osm_id": "955603191", "road_name": "Hoddle Street Service Road", "highway": "residential", "maxspeed_kmh": 30.0, "length_km": 0.03607020717283544 }, "geometry": { "type": "LineString", "coordinates": [ [ 144.993104499999987, -37.7977297 ], [ 144.993150800000024, -37.7974068 ] ] } },
{ "type": "Feature", "properties": { "osm_id": "958048936", "road_name": "Wellington Street", "highway": "tertiary", "maxspeed_kmh": 30.0, "length_km": 0.016720450568326301 }, "geometry": { "type": "LineString", "coordinates": [ [ 144.9880929, -37.7946391 ], [ 144.988117200000033, -37.7944897 ] ] } },
{ "type": "Feature", "properties": { "osm_id": "958048938", "road_name": "Wellington Street", "highway": "tertiary", "maxspeed_kmh": 30.0, "length_km": 0.025443394396959924 }, "geometry": { "type": "LineString", "coordinates": [ [ 144.9881907, -37.794506 ], [ 144.9881364, -37.7947307 ] ] } },
{ "type": "Feature", "properties": { "osm_id": "958048940", "road_name": "Mater Street", "highway": "residential", "maxspeed_kmh": 30.0, "length_km": 0.0046547070302780718 }, "geometry": { "type": "LineString", "coordinates": [ [ 144.987980099999987, -37.795664700000017 ], [ 144.987931300000014, -37.7956486 ] ] } },
{ "type": "Feature", "properties": { "osm_id": "958048941", "road_name": "Wellington Street", "highway": "tertiary", "maxspeed_kmh": 30.0, "length_km": 0.10457725183112164 }, "geometry": { "type": "LineString", "coordinates": [ [ 144.9881364, -37.7947307 ], [ 144.987980099999987, -37.795664700000017 ] ] } },
{ "type": "Feature", "properties": { "osm_id": "958114838", "road_name": "Kerr Street", "highway": "residential", "maxspeed_kmh": 30.0, "length_km": 0.012932636502757432 }, "geometry": { "type": "LineString", "coordinates": [ [ 144.9750846, -37.7963528 ], [ 144.9752302, -37.7963679 ] ] } },
{ "type": "Feature", "properties": { "osm_id": "961834473", "road_name": "Langridge Street", "highway": "tertiary", "maxspeed_kmh": 30.0, "length_km": 0.12233450116344244 }, "geometry": { "type": "LineString", "coordinates": [ [ 144.9851922, -37.8065503 ], [ 144.983809799999989, -37.8064545 ] ] } },
{ "type": "Feature", "properties": { "osm_id": "977523385", "road_name": "Gipps Street", "highway": "tertiary", "maxspeed_kmh": 30.0, "length_km": 0.012349922753094855 }, "geometry": { "type": "LineString", "coordinates": [ [ 144.99190440000001, -37.8049698 ], [ 144.9920442, -37.8049786 ] ] } },
{ "type": "Feature", "properties": { "osm_id": "977523389", "road_name": "Gipps Street", "highway": "tertiary", "maxspeed_kmh": 30.0, "length_km": 0.018274617827803472 }, "geometry": { "type": "LineString", "coordinates": [ [ 144.991698899999989, -37.8049469 ], [ 144.99190440000001, -37.8049698 ] ] } },
{ "type": "Feature", "properties": { "osm_id": "977527329", "road_name": "Vere Street", "highway": "residential", "maxspeed_kmh": 30.0, "length_km": 0.027320381852345806 }, "geometry": { "type": "LineString", "coordinates": [ [ 144.9924274, -37.8026385 ], [ 144.9922397, -37.8024426 ] ] } },
{ "type": "Feature", "properties": { "osm_id": "982680908", "road_name": "Langridge Street", "highway": "tertiary", "maxspeed_kmh": 30.0, "length_km": 0.025171776329780692 }, "geometry": { "type": "LineString", "coordinates": [ [ 144.9915526, -37.8071224 ], [ 144.9912693, -37.8070922 ] ] } },
{ "type": "Feature", "properties": { "osm_id": "982680944", "road_name": "Kerr Street", "highway": "residential", "maxspeed_kmh": 30.0, "length_km": 0.048656261435294897 }, "geometry": { "type": "LineString", "coordinates": [ [ 144.983032, -37.797201 ], [ 144.9835803, -37.7972546 ] ] } },
{ "type": "Feature", "properties": { "osm_id": "982680945", "road_name": "Kerr Street", "highway": "residential", "maxspeed_kmh": 30.0, "length_km": 0.053348430427169705 }, "geometry": { "type": "LineString", "coordinates": [ [ 144.9824309, -37.7971417 ], [ 144.983032, -37.797201 ] ] } },
{ "type": "Feature", "properties": { "osm_id": "982680946", "road_name": "Kerr Street", "highway": "residential", "maxspeed_kmh": 30.0, "length_km": 0.04852170577167339 }, "geometry": { "type": "LineString", "coordinates": [ [ 144.9818851, -37.7970822 ], [ 144.9824309, -37.7971417 ] ] } },
{ "type": "Feature", "properties": { "osm_id": "982680947", "road_name": "Kerr Street", "highway": "residential", "maxspeed_kmh": 30.0, "length_km": 0.017479859014429253 }, "geometry": { "type": "LineString", "coordinates": [ [ 144.981063299999988, -37.7969624 ], [ 144.9812514, -37.7970126 ] ] } },
{ "type": "Feature", "properties": { "osm_id": "982680948", "road_name": "Kerr Street", "highway": "residential", "maxspeed_kmh": 30.0, "length_km": 0.024934506647167225 }, "geometry": { "type": "LineString", "coordinates": [ [ 144.9806199, -37.7969378 ], [ 144.980901, -37.7969645 ] ] } },
{ "type": "Feature", "properties": { "osm_id": "982680949", "road_name": "Kerr Street", "highway": "residential", "maxspeed_kmh": 30.0, "length_km": 0.077233295872602567 }, "geometry": { "type": "LineString", "coordinates": [ [ 144.975403699999987, -37.7963862 ], [ 144.976273099999986, -37.7964771 ] ] } },
{ "type": "Feature", "properties": { "osm_id": "982680953", "road_name": "Napier Street", "highway": "residential", "maxspeed_kmh": 30.0, "length_km": 0.025323083784886208 }, "geometry": { "type": "LineString", "coordinates": [ [ 144.980989099999988, -37.7969158 ], [ 144.9810224, -37.7966892 ] ] } },
{ "type": "Feature", "properties": { "osm_id": "982680954", "road_name": "Westgarth Street", "highway": "residential", "maxspeed_kmh": 30.0, "length_km": 0.061228279863943517 }, "geometry": { "type": "LineString", "coordinates": [ [ 144.980303500000019, -37.794838 ], [ 144.980991100000011, -37.7949173 ] ] } },
{ "type": "Feature", "properties": { "osm_id": "982680955", "road_name": "Young Street", "highway": "residential", "maxspeed_kmh": 30.0, "length_km": 0.069904678949933963 }, "geometry": { "type": "LineString", "coordinates": [ [ 144.980303500000019, -37.794838 ], [ 144.980411, -37.794214 ] ] } },
{ "type": "Feature", "properties": { "osm_id": "982680966", "road_name": "Greeves Street", "highway": "residential", "maxspeed_kmh": 30.0, "length_km": 0.10510987500566032 }, "geometry": { "type": "LineString", "coordinates": [ [ 144.9828306, -37.8003038 ], [ 144.9840141, -37.8004261 ] ] } },
{ "type": "Feature", "properties": { "osm_id": "982680967", "road_name": "Gore Street", "highway": "residential", "maxspeed_kmh": 30.0, "length_km": 0.16491492354601442 }, "geometry": { "type": "LineString", "coordinates": [ [ 144.9828306, -37.8003038 ], [ 144.9830837, -37.7988316 ] ] } },
{ "type": "Feature", "properties": { "osm_id": "982680968", "road_name": "Westgarth Street", "highway": "residential", "maxspeed_kmh": 30.0, "length_km": 0.10798304248505958 }, "geometry": { "type": "LineString", "coordinates": [ [ 144.9790878, -37.7947121 ], [ 144.980303500000019, -37.794838 ] ] } },
{ "type": "Feature", "properties": { "osm_id": "982680969", "road_name": "Brunswick Street", "highway": "tertiary", "maxspeed_kmh": 30.0, "length_km": 0.033282698900639666 }, "geometry": { "type": "LineString", "coordinates": [ [ 144.978151700000012, -37.8002372 ], [ 144.978100500000011, -37.8005343 ] ] } },
{ "type": "Feature", "properties": { "osm_id": "982680974", "road_name": "George Street", "highway": "residential", "maxspeed_kmh": 30.0, "length_km": 0.20010843430783912 }, "geometry": { "type": "LineString", "coordinates": [ [ 144.9809986, -37.8038875 ], [ 144.9812995, -37.8021005 ] ] } },
{ "type": "Feature", "properties": { "osm_id": "982680975", "road_name": "George Street", "highway": "residential", "maxspeed_kmh": 30.0, "length_km": 0.10360499325417835 }, "geometry": { "type": "LineString", "coordinates": [ [ 144.980357199999986, -37.8075256 ], [ 144.980514199999988, -37.8066005 ] ] } },
{ "type": "Feature", "properties": { "osm_id": "982680976", "road_name": "George Street", "highway": "residential", "maxspeed_kmh": 30.0, "length_km": 0.014783768278008971 }, "geometry": { "type": "LineString", "coordinates": [ [ 144.980533799999989, -37.8064853 ], [ 144.9805589, -37.806617 ] ] } },
{ "type": "Feature", "properties": { "osm_id": "982680979", "road_name": "Gore Street", "highway": "residential", "maxspeed_kmh": 30.0, "length_km": 0.04064404112957145 }, "geometry": { "type": "LineString", "coordinates": [ [ 144.981433, -37.8085989 ], [ 144.9814742, -37.808234799999987 ] ] } },
{ "type": "Feature", "properties": { "osm_id": "982680980", "road_name": "Gore Street", "highway": "residential", "maxspeed_kmh": 30.0, "length_km": 0.16335406629379573 }, "geometry": { "type": "LineString", "coordinates": [ [ 144.9814771, -37.8081977 ], [ 144.9817189, -37.8067385 ] ] } },
{ "type": "Feature", "properties": { "osm_id": "988789691", "road_name": "George Street", "highway": "residential", "maxspeed_kmh": 30.0, "length_km": 0.018749701436218402 }, "geometry": { "type": "LineString", "coordinates": [ [ 144.9812973, -37.8018779 ], [ 144.9813478, -37.8017147 ] ] } },
{ "type": "Feature", "properties": { "osm_id": "988789692", "road_name": "George Street", "highway": "residential", "maxspeed_kmh": 30.0, "length_km": 0.020298580823122407 }, "geometry": { "type": "LineString", "coordinates": [ [ 144.9813478, -37.8017147 ], [ 144.9813916, -37.8018939 ] ] } },
{ "type": "Feature", "properties": { "osm_id": "988789693", "road_name": "Moor Street", "highway": "residential", "maxspeed_kmh": 30.0, "length_km": 0.013281447853661275 }, "geometry": { "type": "LineString", "coordinates": [ [ 144.9811015, -37.801914600000011 ], [ 144.9812523, -37.8019132 ] ] } },
{ "type": "Feature", "properties": { "osm_id": "988789694", "road_name": "Moor Street", "highway": "residential", "maxspeed_kmh": 30.0, "length_km": 0.013728038730115298 }, "geometry": { "type": "LineString", "coordinates": [ [ 144.9812483, -37.8019562 ], [ 144.9811015, -37.801914600000011 ] ] } },
{ "type": "Feature", "properties": { "osm_id": "988789695", "road_name": "Moor Street", "highway": "residential", "maxspeed_kmh": 30.0, "length_km": 0.014182215134202673 }, "geometry": { "type": "LineString", "coordinates": [ [ 144.981566, -37.80196440000001 ], [ 144.981405099999989, -37.801969699999987 ] ] } },
{ "type": "Feature", "properties": { "osm_id": "988789696", "road_name": "Moor Street", "highway": "residential", "maxspeed_kmh": 30.0, "length_km": 0.014405558497919389 }, "geometry": { "type": "LineString", "coordinates": [ [ 144.981411400000013, -37.801922 ], [ 144.981566, -37.80196440000001 ] ] } },
{ "type": "Feature", "properties": { "osm_id": "988789697", "road_name": "George Street", "highway": "residential", "maxspeed_kmh": 30.0, "length_km": 0.012463269345250903 }, "geometry": { "type": "LineString", "coordinates": [ [ 144.9812995, -37.8021005 ], [ 144.981275, -37.80199 ] ] } },
{ "type": "Feature", "properties": { "osm_id": "988789698", "road_name": "George Street", "highway": "residential", "maxspeed_kmh": 30.0, "length_km": 0.013672802028719332 }, "geometry": { "type": "LineString", "coordinates": [ [ 144.9813763, -37.8019951 ], [ 144.9812995, -37.8021005 ] ] } },
{ "type": "Feature", "properties": { "osm_id": "988789699", "road_name": null, "highway": "residential", "maxspeed_kmh": 30.0, "length_km": 0.046709065996297774 }, "geometry": { "type": "LineString", "coordinates": [ [ 144.982594400000011, -37.8020899 ], [ 144.982486099999988, -37.8021199 ], [ 144.9824437, -37.8020251 ], [ 144.9825547, -37.8019973 ], [ 144.982594400000011, -37.8020899 ] ] } },
{ "type": "Feature", "properties": { "osm_id": "988789700", "road_name": "Gore Street", "highway": "residential", "maxspeed_kmh": 30.0, "length_km": 0.017970658160955638 }, "geometry": { "type": "LineString", "coordinates": [ [ 144.98248, -37.8022692 ], [ 144.982462300000037, -37.8021079 ] ] } },
{ "type": "Feature", "properties": { "osm_id": "988789701", "road_name": "Gore Street", "highway": "residential", "maxspeed_kmh": 30.0, "length_km": 0.018514956155052113 }, "geometry": { "type": "LineString", "coordinates": [ [ 144.9825626, -37.8021158 ], [ 144.98248, -37.8022692 ] ] } },
{ "type": "Feature", "properties": { "osm_id": "988789702", "road_name": "Gore Street", "highway": "residential", "maxspeed_kmh": 30.0, "length_km": 0.017384023128968779 }, "geometry": { "type": "LineString", "coordinates": [ [ 144.9825423, -37.8018549 ], [ 144.9825769, -37.8020091 ] ] } },
{ "type": "Feature", "properties": { "osm_id": "988789703", "road_name": "Gore Street", "highway": "residential", "maxspeed_kmh": 30.0, "length_km": 0.016955623898369264 }, "geometry": { "type": "LineString", "coordinates": [ [ 144.9824791, -37.8019992 ], [ 144.9825423, -37.8018549 ] ] } },
{ "type": "Feature", "properties": { "osm_id": "988789704", "road_name": "Moor Street", "highway": "residential", "maxspeed_kmh": 30.0, "length_km": 0.016859306514462661 }, "geometry": { "type": "LineString", "coordinates": [ [ 144.982785799999988, -37.8020869 ], [ 144.982594400000011, -37.8020899 ] ] } },
{ "type": "Feature", "properties": { "osm_id": "988789705", "road_name": "Moor Street", "highway": "residential", "maxspeed_kmh": 30.0, "length_km": 0.016772431358457466 }, "geometry": { "type": "LineString", "coordinates": [ [ 144.9826026, -37.8020456 ], [ 144.982785799999988, -37.8020869 ] ] } },
{ "type": "Feature", "properties": { "osm_id": "988789706", "road_name": "Moor Street", "highway": "residential", "maxspeed_kmh": 30.0, "length_km": 0.016610539333668774 }, "geometry": { "type": "LineString", "coordinates": [ [ 144.9822553, -37.8020322 ], [ 144.9824437, -37.8020251 ] ] } },
{ "type": "Feature", "properties": { "osm_id": "988789707", "road_name": "Moor Street", "highway": "residential", "maxspeed_kmh": 30.0, "length_km": 0.017088799298380041 }, "geometry": { "type": "LineString", "coordinates": [ [ 144.98244, -37.8020794 ], [ 144.9822553, -37.8020322 ] ] } },
{ "type": "Feature", "properties": { "osm_id": "989274671", "road_name": "Spring Street", "highway": "residential", "maxspeed_kmh": 30.0, "length_km": 0.088568287197753781 }, "geometry": { "type": "LineString", "coordinates": [ [ 144.9759721, -37.7980706 ], [ 144.976109400000013, -37.797280099999988 ] ] } },
{ "type": "Feature", "properties": { "osm_id": "991003590", "road_name": null, "highway": "residential", "maxspeed_kmh": 30.0, "length_km": 0.046549372721834258 }, "geometry": { "type": "LineString", "coordinates": [ [ 144.989249199999989, -37.7987683 ], [ 144.9891375, -37.7988013 ], [ 144.9890964, -37.7987108 ], [ 144.9892093, -37.7986801 ], [ 144.989249199999989, -37.7987683 ] ] } },
{ "type": "Feature", "properties": { "osm_id": "993199628", "road_name": "Kerr Street", "highway": "residential", "maxspeed_kmh": 30.0, "length_km": 0.0072927838331111995 }, "geometry": { "type": "LineString", "coordinates": [ [ 144.9812514, -37.7970126 ], [ 144.9813332, -37.7970228 ] ] } },
{ "type": "Feature", "properties": { "osm_id": "993199629", "road_name": "Kerr Street", "highway": "residential", "maxspeed_kmh": 30.0, "length_km": 0.019540929427293931 }, "geometry": { "type": "LineString", "coordinates": [ [ 144.9812514, -37.7970126 ], [ 144.9810321, -37.7970367 ] ] } },
{ "type": "Feature", "properties": { "osm_id": "993595320", "road_name": "Gore Street", "highway": "residential", "maxspeed_kmh": 30.0, "length_km": 0.03415783183151419 }, "geometry": { "type": "LineString", "coordinates": [ [ 144.9817426, -37.806552299999986 ], [ 144.981781500000011, -37.8062461 ] ] } },
{ "type": "Feature", "properties": { "osm_id": "1029898619", "road_name": "Argyle Street", "highway": "residential", "maxspeed_kmh": 30.0, "length_km": 0.058740732898526368 }, "geometry": { "type": "LineString", "coordinates": [ [ 144.9786078, -37.7975413 ], [ 144.9779466, -37.797472 ] ] } },
{ "type": "Feature", "properties": { "osm_id": "1029898620", "road_name": "Argyle Street", "highway": "residential", "maxspeed_kmh": 30.0, "length_km": 0.25262047363134893 }, "geometry": { "type": "LineString", "coordinates": [ [ 144.9779466, -37.797472 ], [ 144.9751028, -37.7971751 ] ] } },
{ "type": "Feature", "properties": { "osm_id": "1029898630", "road_name": "Brunswick Street", "highway": "tertiary", "maxspeed_kmh": 30.0, "length_km": 0.030310204806186722 }, "geometry": { "type": "LineString", "coordinates": [ [ 144.977012800000011, -37.8068719 ], [ 144.9769629, -37.8071421 ] ] } },
{ "type": "Feature", "properties": { "osm_id": "1029898631", "road_name": "Brunswick Street", "highway": "tertiary", "maxspeed_kmh": 30.0, "length_km": 0.0079340060311270822 }, "geometry": { "type": "LineString", "coordinates": [ [ 144.9779073, -37.8016202 ], [ 144.9778959, -37.8016911 ] ] } },
{ "type": "Feature", "properties": { "osm_id": "1029898632", "road_name": "Brunswick Street", "highway": "tertiary", "maxspeed_kmh": 30.0, "length_km": 0.014614590851176779 }, "geometry": { "type": "LineString", "coordinates": [ [ 144.9783525, -37.7990458 ], [ 144.9783304, -37.7991763 ] ] } },
{ "type": "Feature", "properties": { "osm_id": "1029898633", "road_name": "Brunswick Street", "highway": "tertiary", "maxspeed_kmh": 30.0, "length_km": 0.011362393113297767 }, "geometry": { "type": "LineString", "coordinates": [ [ 144.9784699, -37.7983344 ], [ 144.9784531, -37.7984359 ] ] } },
{ "type": "Feature", "properties": { "osm_id": "1029898634", "road_name": "Brunswick Street", "highway": "tertiary", "maxspeed_kmh": 30.0, "length_km": 0.24859141601912463 }, "geometry": { "type": "LineString", "coordinates": [ [ 144.9788809, -37.7959444 ], [ 144.9784996, -37.7981636 ] ] } },
{ "type": "Feature", "properties": { "osm_id": "1029898635", "road_name": "Gertrude Street", "highway": "tertiary", "maxspeed_kmh": 30.0, "length_km": 0.022203991646938117 }, "geometry": { "type": "LineString", "coordinates": [ [ 144.98299320000001, -37.8063565 ], [ 144.982743199999987, -37.8063305 ] ] } },
{ "type": "Feature", "properties": { "osm_id": "1029898636", "road_name": "Smith Street", "highway": "tertiary", "maxspeed_kmh": 30.0, "length_km": 0.011523282107739457 }, "geometry": { "type": "LineString", "coordinates": [ [ 144.98299320000001, -37.8063565 ], [ 144.982976799999989, -37.8064595 ] ] } },
{ "type": "Feature", "properties": { "osm_id": "1029898637", "road_name": "Smith Street", "highway": "tertiary", "maxspeed_kmh": 30.0, "length_km": 0.042612520770341458 }, "geometry": { "type": "LineString", "coordinates": [ [ 144.982698699999986, -37.8081489 ], [ 144.9826333, -37.8085293 ] ] } },
{ "type": "Feature", "properties": { "osm_id": "1029898638", "road_name": "Smith Street", "highway": "tertiary", "maxspeed_kmh": 30.0, "length_km": 0.034163445401251206 }, "geometry": { "type": "LineString", "coordinates": [ [ 144.984683600000011, -37.7965614 ], [ 144.9846373, -37.796867 ] ] } },
{ "type": "Feature", "properties": { "osm_id": "1029898639", "road_name": "Smith Street", "highway": "tertiary", "maxspeed_kmh": 30.0, "length_km": 0.046639615346395005 }, "geometry": { "type": "LineString", "coordinates": [ [ 144.984976, -37.7948649 ], [ 144.9849077, -37.7952816 ] ] } },
{ "type": "Feature", "properties": { "osm_id": "1029898640", "road_name": "Smith Street", "highway": "tertiary", "maxspeed_kmh": 30.0, "length_km": 0.0063729250852811595 }, "geometry": { "type": "LineString", "coordinates": [ [ 144.9848992, -37.7953311 ], [ 144.984889500000037, -37.795388 ] ] } },
{ "type": "Feature", "properties": { "osm_id": "1029898641", "road_name": "Young Street", "highway": "residential", "maxspeed_kmh": 30.0, "length_km": 0.075559685732823997 }, "geometry": { "type": "LineString", "coordinates": [ [ 144.977954399999987, -37.8082147 ], [ 144.9780747, -37.8075408 ] ] } },
{ "type": "Feature", "properties": { "osm_id": "1029898643", "road_name": "Fitzroy Street", "highway": "residential", "maxspeed_kmh": 30.0, "length_km": 0.015876345319817534 }, "geometry": { "type": "LineString", "coordinates": [ [ 144.9761057, -37.8057725 ], [ 144.9761302, -37.8056308 ] ] } },
{ "type": "Feature", "properties": { "osm_id": "1029898644", "road_name": null, "highway": "residential", "maxspeed_kmh": 30.0, "length_km": 0.0097576251779458046 }, "geometry": { "type": "LineString", "coordinates": [ [ 144.9763508, -37.804343099999983 ], [ 144.976248, -37.8043759 ] ] } },
{ "type": "Feature", "properties": { "osm_id": "1029898645", "road_name": "Kerr Street", "highway": "residential", "maxspeed_kmh": 30.0, "length_km": 0.025328110042589912 }, "geometry": { "type": "LineString", "coordinates": [ [ 144.9784594, -37.7967058 ], [ 144.9787445, -37.7967357 ] ] } },
{ "type": "Feature", "properties": { "osm_id": "1029898646", "road_name": "Kerr Street", "highway": "residential", "maxspeed_kmh": 30.0, "length_km": 0.063571445615492675 }, "geometry": { "type": "LineString", "coordinates": [ [ 144.976953400000014, -37.7965482 ], [ 144.977669, -37.7966231 ] ] } },
{ "type": "Feature", "properties": { "osm_id": "1029898647", "road_name": "Kerr Street", "highway": "residential", "maxspeed_kmh": 30.0, "length_km": 0.060434063857358139 }, "geometry": { "type": "LineString", "coordinates": [ [ 144.976273099999986, -37.7964771 ], [ 144.976953400000014, -37.7965482 ] ] } },
{ "type": "Feature", "properties": { "osm_id": "1029898651", "road_name": "Napier Street", "highway": "residential", "maxspeed_kmh": 30.0, "length_km": 0.058264136230734453 }, "geometry": { "type": "LineString", "coordinates": [ [ 144.979953, -37.8030945 ], [ 144.9800285, -37.802573 ] ] } },
{ "type": "Feature", "properties": { "osm_id": "1029898652", "road_name": "Napier Street", "highway": "residential", "maxspeed_kmh": 30.0, "length_km": 0.050871300998208219 }, "geometry": { "type": "LineString", "coordinates": [ [ 144.9800285, -37.802573 ], [ 144.9800782, -37.8021173 ] ] } },
{ "type": "Feature", "properties": { "osm_id": "1029898653", "road_name": "Napier Street", "highway": "residential", "maxspeed_kmh": 30.0, "length_km": 0.017556012810361243 }, "geometry": { "type": "LineString", "coordinates": [ [ 144.980167099999989, -37.801757 ], [ 144.980216700000028, -37.8016038 ] ] } },
{ "type": "Feature", "properties": { "osm_id": "1029898654", "road_name": "Napier Street", "highway": "residential", "maxspeed_kmh": 30.0, "length_km": 0.088848470702707086 }, "geometry": { "type": "LineString", "coordinates": [ [ 144.980357, -37.80084930000001 ], [ 144.980491, -37.8000559 ] ] } },
{ "type": "Feature", "properties": { "osm_id": "1029898655", "road_name": "Napier Street", "highway": "residential", "maxspeed_kmh": 30.0, "length_km": 0.029014288266475036 }, "geometry": { "type": "LineString", "coordinates": [ [ 144.980499900000012, -37.8000033 ], [ 144.9805436, -37.7997442 ] ] } },
{ "type": "Feature", "properties": { "osm_id": "1029898656", "road_name": "Napier Street", "highway": "residential", "maxspeed_kmh": 30.0, "length_km": 0.027350724181744453 }, "geometry": { "type": "LineString", "coordinates": [ [ 144.980668900000012, -37.7989848 ], [ 144.980708600000014, -37.7987404 ] ] } },
{ "type": "Feature", "properties": { "osm_id": "1029898657", "road_name": "Little Victoria Street", "highway": "residential", "maxspeed_kmh": 30.0, "length_km": 0.10606099889073713 }, "geometry": { "type": "LineString", "coordinates": [ [ 144.9827496, -37.8078386 ], [ 144.9815572, -37.8077045 ] ] } },
{ "type": "Feature", "properties": { "osm_id": "1029898658", "road_name": "Napier Street", "highway": "residential", "maxspeed_kmh": 30.0, "length_km": 0.045889466706871891 }, "geometry": { "type": "LineString", "coordinates": [ [ 144.981382900000028, -37.794734 ], [ 144.9814471, -37.794323699999985 ] ] } },
{ "type": "Feature", "properties": { "osm_id": "1029898659", "road_name": "Napier Street", "highway": "residential", "maxspeed_kmh": 30.0, "length_km": 0.032514938312775077 }, "geometry": { "type": "LineString", "coordinates": [ [ 144.9812748, -37.7953134 ], [ 144.9813253, -37.7950246 ] ] } },
{ "type": "Feature", "properties": { "osm_id": "1029898660", "road_name": "Napier Street", "highway": "residential", "maxspeed_kmh": 30.0, "length_km": 0.021352757852086662 }, "geometry": { "type": "LineString", "coordinates": [ [ 144.9809371, -37.7972392 ], [ 144.9809718, -37.7970488 ] ] } },
{ "type": "Feature", "properties": { "osm_id": "1029898661", "road_name": "Napier Street", "highway": "residential", "maxspeed_kmh": 30.0, "length_km": 0.056176728312166177 }, "geometry": { "type": "LineString", "coordinates": [ [ 144.9810224, -37.7966892 ], [ 144.9811076, -37.7961876 ] ] } },
{ "type": "Feature", "properties": { "osm_id": "1029898662", "road_name": "Napier Street", "highway": "residential", "maxspeed_kmh": 30.0, "length_km": 0.0079244774284410076 }, "geometry": { "type": "LineString", "coordinates": [ [ 144.9807491, -37.7984831 ], [ 144.9807597, -37.7984122 ] ] } },
{ "type": "Feature", "properties": { "osm_id": "1029898663", "road_name": "Gore Street", "highway": "residential", "maxspeed_kmh": 30.0, "length_km": 0.02077174779151721 }, "geometry": { "type": "LineString", "coordinates": [ [ 144.9817189, -37.8067385 ], [ 144.9817426, -37.806552299999986 ] ] } },
{ "type": "Feature", "properties": { "osm_id": "1029898664", "road_name": "George Street", "highway": "residential", "maxspeed_kmh": 30.0, "length_km": 0.021054764180254145 }, "geometry": { "type": "LineString", "coordinates": [ [ 144.980241400000011, -37.8084732 ], [ 144.9802628, -37.8082845 ] ] } },
{ "type": "Feature", "properties": { "osm_id": "1029898665", "road_name": "Westgarth Street", "highway": "residential", "maxspeed_kmh": 30.0, "length_km": 0.021875223901807159 }, "geometry": { "type": "LineString", "coordinates": [ [ 144.980991100000011, -37.7949173 ], [ 144.981236, -37.7949494 ] ] } },
{ "type": "Feature", "properties": { "osm_id": "1029898666", "road_name": "Kerr Street", "highway": "residential", "maxspeed_kmh": 30.0, "length_km": 0.016061751224590696 }, "geometry": { "type": "LineString", "coordinates": [ [ 144.9843702, -37.7973318 ], [ 144.9845512, -37.7973495 ] ] } },
{ "type": "Feature", "properties": { "osm_id": "1029898667", "road_name": "George Street", "highway": "residential", "maxspeed_kmh": 30.0, "length_km": 0.14168564564190719 }, "geometry": { "type": "LineString", "coordinates": [ [ 144.9819038, -37.7985329 ], [ 144.982131399999986, -37.7972692 ] ] } },
{ "type": "Feature", "properties": { "osm_id": "1029898668", "road_name": "Gore Street", "highway": "residential", "maxspeed_kmh": 30.0, "length_km": 0.19472302185461776 }, "geometry": { "type": "LineString", "coordinates": [ [ 144.98218270000001, -37.8040076 ], [ 144.98248, -37.8022692 ] ] } },
{ "type": "Feature", "properties": { "osm_id": "1029898669", "road_name": "Condell Street", "highway": "residential", "maxspeed_kmh": 30.0, "length_km": 0.097372675915375781 }, "geometry": { "type": "LineString", "coordinates": [ [ 144.9789328, -37.8023407 ], [ 144.9800295, -37.8024522 ] ] } },
{ "type": "Feature", "properties": { "osm_id": "1105098083", "road_name": "Gipps Street", "highway": "tertiary", "maxspeed_kmh": 30.0, "length_km": 0.047640576184473843 }, "geometry": { "type": "LineString", "coordinates": [ [ 144.986436, -37.8044186 ], [ 144.9869723, -37.8044749 ] ] } },
{ "type": "Feature", "properties": { "osm_id": "1117073323", "road_name": "Acland Street", "highway": "tertiary", "maxspeed_kmh": 30.0, "length_km": 0.02503977118638482 }, "geometry": { "type": "LineString", "coordinates": [ [ 144.9786372, -37.8673764 ], [ 144.9788074, -37.8675572 ] ] } },
{ "type": "Feature", "properties": { "osm_id": "1119087648", "road_name": "Gore Street", "highway": "residential", "maxspeed_kmh": 30.0, "length_km": 0.3788897702175863 }, "geometry": { "type": "LineString", "coordinates": [ [ 144.983118499999989, -37.7986497 ], [ 144.9836776, -37.795265199999989 ] ] } },
{ "type": "Feature", "properties": { "osm_id": "1123486396", "road_name": "Napier Street", "highway": "residential", "maxspeed_kmh": 30.0, "length_km": 0.022165960451703021 }, "geometry": { "type": "LineString", "coordinates": [ [ 144.9794837, -37.8057889 ], [ 144.979449, -37.8059867 ] ] } },
{ "type": "Feature", "properties": { "osm_id": "1123486397", "road_name": "Napier Street", "highway": "residential", "maxspeed_kmh": 30.0, "length_km": 0.016086397150133113 }, "geometry": { "type": "LineString", "coordinates": [ [ 144.9791078, -37.8079962 ], [ 144.979085, -37.80814 ] ] } },
{ "type": "Feature", "properties": { "osm_id": "1123486398", "road_name": "Napier Street", "highway": "residential", "maxspeed_kmh": 30.0, "length_km": 0.025013317337666204 }, "geometry": { "type": "LineString", "coordinates": [ [ 144.9800782, -37.8021173 ], [ 144.9801142, -37.801893799999988 ] ] } },
{ "type": "Feature", "properties": { "osm_id": "1123486399", "road_name": "Napier Street", "highway": "residential", "maxspeed_kmh": 30.0, "length_km": 0.020860204587803442 }, "geometry": { "type": "LineString", "coordinates": [ [ 144.9806386, -37.7991712 ], [ 144.980668900000012, -37.7989848 ] ] } },
{ "type": "Feature", "properties": { "osm_id": "1123486400", "road_name": "Napier Street", "highway": "residential", "maxspeed_kmh": 30.0, "length_km": 0.0086499829800373747 }, "geometry": { "type": "LineString", "coordinates": [ [ 144.9807226, -37.7986546 ], [ 144.9807351, -37.798577300000012 ] ] } },
{ "type": "Feature", "properties": { "osm_id": "1123486401", "road_name": "Napier Street", "highway": "residential", "maxspeed_kmh": 30.0, "length_km": 0.0096025582067927901 }, "geometry": { "type": "LineString", "coordinates": [ [ 144.980708600000014, -37.7987404 ], [ 144.9807226, -37.7986546 ] ] } },
{ "type": "Feature", "properties": { "osm_id": "1123486402", "road_name": "Napier Street", "highway": "residential", "maxspeed_kmh": 30.0, "length_km": 0.010527849832932947 }, "geometry": { "type": "LineString", "coordinates": [ [ 144.9807351, -37.798577300000012 ], [ 144.9807491, -37.7984831 ] ] } },
{ "type": "Feature", "properties": { "osm_id": "1123570039", "road_name": "Brunswick Street", "highway": "tertiary", "maxspeed_kmh": 30.0, "length_km": 0.015065331764894838 }, "geometry": { "type": "LineString", "coordinates": [ [ 144.97693910000001, -37.807271299999989 ], [ 144.9769143, -37.80740560000001 ] ] } },
{ "type": "Feature", "properties": { "osm_id": "1123763609", "road_name": "Brunswick Street", "highway": "tertiary", "maxspeed_kmh": 30.0, "length_km": 0.079991346977918931 }, "geometry": { "type": "LineString", "coordinates": [ [ 144.9771426, -37.80615860000001 ], [ 144.977012800000011, -37.8068719 ] ] } },
{ "type": "Feature", "properties": { "osm_id": "1123763610", "road_name": "Brunswick Street", "highway": "tertiary", "maxspeed_kmh": 30.0, "length_km": 0.018063473921965192 }, "geometry": { "type": "LineString", "coordinates": [ [ 144.977171700000014, -37.8059975 ], [ 144.9771426, -37.80615860000001 ] ] } },
{ "type": "Feature", "properties": { "osm_id": "1123763611", "road_name": "Brunswick Street", "highway": "tertiary", "maxspeed_kmh": 30.0, "length_km": 0.017227590101232503 }, "geometry": { "type": "LineString", "coordinates": [ [ 144.977231100000012, -37.8056603 ], [ 144.9772049, -37.805814100000013 ] ] } },
{ "type": "Feature", "properties": { "osm_id": "1123836813", "road_name": "Swanston Street", "highway": "unclassified", "maxspeed_kmh": 30.0, "length_km": 0.014155381516831017 }, "geometry": { "type": "LineString", "coordinates": [ [ 144.963796, -37.8096625 ], [ 144.963743, -37.8095421 ] ] } },
{ "type": "Feature", "properties": { "osm_id": "1123836814", "road_name": "Swanston Street", "highway": "unclassified", "maxspeed_kmh": 30.0, "length_km": 0.0069921548094376961 }, "geometry": { "type": "LineString", "coordinates": [ [ 144.963834700000035, -37.8094508 ], [ 144.9638615, -37.8095101 ] ] } },
{ "type": "Feature", "properties": { "osm_id": "1124938349", "road_name": "Easey Street", "highway": "residential", "maxspeed_kmh": 30.0, "length_km": 0.32842521191083013 }, "geometry": { "type": "LineString", "coordinates": [ [ 144.989303, -37.7980559 ], [ 144.993003, -37.7984247 ] ] } },
{ "type": "Feature", "properties": { "osm_id": "1124938350", "road_name": "Gold Street", "highway": "residential", "maxspeed_kmh": 30.0, "length_km": 0.030347110101821846 }, "geometry": { "type": "LineString", "coordinates": [ [ 144.9894208, -37.797442799999985 ], [ 144.989368899999988, -37.7977131 ] ] } },
{ "type": "Feature", "properties": { "osm_id": "1124938351", "road_name": "Gold Street", "highway": "residential", "maxspeed_kmh": 30.0, "length_km": 0.028914282389186849 }, "geometry": { "type": "LineString", "coordinates": [ [ 144.989483400000012, -37.7970393 ], [ 144.989442700000012, -37.79729780000001 ] ] } },
{ "type": "Feature", "properties": { "osm_id": "1124938352", "road_name": "Gold Street", "highway": "residential", "maxspeed_kmh": 30.0, "length_km": 0.01765308943762052 }, "geometry": { "type": "LineString", "coordinates": [ [ 144.9895104, -37.7968817 ], [ 144.989483400000012, -37.7970393 ] ] } },
{ "type": "Feature", "properties": { "osm_id": "1126543138", "road_name": "Fitzroy Street", "highway": "residential", "maxspeed_kmh": 30.0, "length_km": 0.012880234109014826 }, "geometry": { "type": "LineString", "coordinates": [ [ 144.9780136, -37.7946009 ], [ 144.977994, -37.7947159 ] ] } },
{ "type": "Feature", "properties": { "osm_id": "1126543187", "road_name": "Fitzroy Street", "highway": "residential", "maxspeed_kmh": 30.0, "length_km": 0.059082207496838256 }, "geometry": { "type": "LineString", "coordinates": [ [ 144.977994, -37.7947159 ], [ 144.977904, -37.7952434 ] ] } },
{ "type": "Feature", "properties": { "osm_id": "1126543188", "road_name": "Fitzroy Street", "highway": "residential", "maxspeed_kmh": 30.0, "length_km": 0.011581924596835807 }, "geometry": { "type": "LineString", "coordinates": [ [ 144.977904, -37.7952434 ], [ 144.9778863, -37.7953468 ] ] } },
{ "type": "Feature", "properties": { "osm_id": "1126543393", "road_name": "Fitzroy Street", "highway": "residential", "maxspeed_kmh": 30.0, "length_km": 0.054044635074939493 }, "geometry": { "type": "LineString", "coordinates": [ [ 144.9778863, -37.7953468 ], [ 144.9778038, -37.7958293 ] ] } },
{ "type": "Feature", "properties": { "osm_id": "1126543394", "road_name": "Fitzroy Street", "highway": "residential", "maxspeed_kmh": 30.0, "length_km": 0.012027787449776927 }, "geometry": { "type": "LineString", "coordinates": [ [ 144.9778038, -37.7958293 ], [ 144.9777856, -37.7959367 ] ] } },
{ "type": "Feature", "properties": { "osm_id": "1126543435", "road_name": "Fitzroy Street", "highway": "residential", "maxspeed_kmh": 30.0, "length_km": 0.076873644475726352 }, "geometry": { "type": "LineString", "coordinates": [ [ 144.9777856, -37.7959367 ], [ 144.977669, -37.7966231 ] ] } },
{ "type": "Feature", "properties": { "osm_id": "1126543436", "road_name": "Fitzroy Street", "highway": "residential", "maxspeed_kmh": 30.0, "length_km": 0.013483628616433634 }, "geometry": { "type": "LineString", "coordinates": [ [ 144.977669, -37.7966231 ], [ 144.9776486, -37.7967435 ] ] } },
{ "type": "Feature", "properties": { "osm_id": "1126543487", "road_name": "Fitzroy Street", "highway": "residential", "maxspeed_kmh": 30.0, "length_km": 0.076761289578890127 }, "geometry": { "type": "LineString", "coordinates": [ [ 144.9776486, -37.7967435 ], [ 144.977532200000013, -37.7974289 ] ] } },
{ "type": "Feature", "properties": { "osm_id": "1126543488", "road_name": "Fitzroy Street", "highway": "residential", "maxspeed_kmh": 30.0, "length_km": 0.0092956286086783007 }, "geometry": { "type": "LineString", "coordinates": [ [ 144.977532200000013, -37.7974289 ], [ 144.9775181, -37.7975119 ] ] } },
{ "type": "Feature", "properties": { "osm_id": "1126543985", "road_name": "Fitzroy Street", "highway": "residential", "maxspeed_kmh": 30.0, "length_km": 0.010815149639946852 }, "geometry": { "type": "LineString", "coordinates": [ [ 144.977281, -37.7989222 ], [ 144.977297099999987, -37.7988256 ] ] } },
{ "type": "Feature", "properties": { "osm_id": "1126543986", "road_name": "Fitzroy Street", "highway": "residential", "maxspeed_kmh": 30.0, "length_km": 0.068078796662732366 }, "geometry": { "type": "LineString", "coordinates": [ [ 144.977297099999987, -37.7988256 ], [ 144.97739820000001, -37.7982175 ] ] } },
{ "type": "Feature", "properties": { "osm_id": "1126544209", "road_name": "Fitzroy Street", "highway": "residential", "maxspeed_kmh": 30.0, "length_km": 0.04890515233376104 }, "geometry": { "type": "LineString", "coordinates": [ [ 144.9770809, -37.8001291 ], [ 144.9771529, -37.7996922 ] ] } },
{ "type": "Feature", "properties": { "osm_id": "1126544210", "road_name": "Fitzroy Street", "highway": "residential", "maxspeed_kmh": 30.0, "length_km": 0.007056870024089822 }, "geometry": { "type": "LineString", "coordinates": [ [ 144.9771529, -37.7996922 ], [ 144.9771637, -37.7996292 ] ] } },
{ "type": "Feature", "properties": { "osm_id": "1126544578", "road_name": "Fitzroy Street", "highway": "residential", "maxspeed_kmh": 30.0, "length_km": 0.013127541023987686 }, "geometry": { "type": "LineString", "coordinates": [ [ 144.9770618, -37.8002464 ], [ 144.9770809, -37.8001291 ] ] } },
{ "type": "Feature", "properties": { "osm_id": "1126544641", "road_name": "Fitzroy Street", "highway": "residential", "maxspeed_kmh": 30.0, "length_km": 0.012922837148618822 }, "geometry": { "type": "LineString", "coordinates": [ [ 144.9770618, -37.8002464 ], [ 144.9770414, -37.8003617 ] ] } },
{ "type": "Feature", "properties": { "osm_id": "1126544712", "road_name": "Fitzroy Street", "highway": "residential", "maxspeed_kmh": 30.0, "length_km": 0.12668406703688093 }, "geometry": { "type": "LineString", "coordinates": [ [ 144.9770414, -37.8003617 ], [ 144.9768319, -37.80149 ] ] } },
{ "type": "Feature", "properties": { "osm_id": "1126544713", "road_name": "Fitzroy Street", "highway": "residential", "maxspeed_kmh": 30.0, "length_km": 0.012913304298202536 }, "geometry": { "type": "LineString", "coordinates": [ [ 144.9768319, -37.80149 ], [ 144.976796, -37.8016021 ] ] } },
{ "type": "Feature", "properties": { "osm_id": "1126545006", "road_name": "Fitzroy Street", "highway": "residential", "maxspeed_kmh": 30.0, "length_km": 0.068701611496925788 }, "geometry": { "type": "LineString", "coordinates": [ [ 144.976796, -37.8016021 ], [ 144.9766936, -37.8022157 ] ] } },
{ "type": "Feature", "properties": { "osm_id": "1126545007", "road_name": "Fitzroy Street", "highway": "residential", "maxspeed_kmh": 30.0, "length_km": 0.015711862207580484 }, "geometry": { "type": "LineString", "coordinates": [ [ 144.9766936, -37.8022157 ], [ 144.976669, -37.8023559 ] ] } },
{ "type": "Feature", "properties": { "osm_id": "1126545289", "road_name": "Fitzroy Street", "highway": "residential", "maxspeed_kmh": 30.0, "length_km": 0.067647765240601093 }, "geometry": { "type": "LineString", "coordinates": [ [ 144.976669, -37.8023559 ], [ 144.9765903, -37.802962 ] ] } },
{ "type": "Feature", "properties": { "osm_id": "1126545290", "road_name": "Fitzroy Street", "highway": "residential", "maxspeed_kmh": 30.0, "length_km": 0.015540169165278709 }, "geometry": { "type": "LineString", "coordinates": [ [ 144.9765903, -37.802962 ], [ 144.9765662, -37.8031007 ] ] } },
{ "type": "Feature", "properties": { "osm_id": "1126545627", "road_name": "Fitzroy Street", "highway": "residential", "maxspeed_kmh": 30.0, "length_km": 0.0085920680332899936 }, "geometry": { "type": "LineString", "coordinates": [ [ 144.9763223, -37.8044514 ], [ 144.976309100000037, -37.804528099999985 ] ] } },
{ "type": "Feature", "properties": { "osm_id": "1126545628", "road_name": "Fitzroy Street", "highway": "residential", "maxspeed_kmh": 30.0, "length_km": 0.12340315291770301 }, "geometry": { "type": "LineString", "coordinates": [ [ 144.976309100000037, -37.804528099999985 ], [ 144.9761302, -37.8056308 ] ] } },
{ "type": "Feature", "properties": { "osm_id": "1126546832", "road_name": "Brunswick Street", "highway": "tertiary", "maxspeed_kmh": 30.0, "length_km": 0.020739654541444125 }, "geometry": { "type": "LineString", "coordinates": [ [ 144.9772767, -37.8053904 ], [ 144.977245399999987, -37.8055756 ] ] } },
{ "type": "Feature", "properties": { "osm_id": "1127735285", "road_name": "Wellington Street", "highway": "tertiary", "maxspeed_kmh": 30.0, "length_km": 0.047740038660774885 }, "geometry": { "type": "LineString", "coordinates": [ [ 144.986436, -37.8044186 ], [ 144.986358700000039, -37.8048443 ] ] } },
{ "type": "Feature", "properties": { "osm_id": "1127735394", "road_name": "Wellington Street", "highway": "tertiary", "maxspeed_kmh": 30.0, "length_km": 0.039538949538223234 }, "geometry": { "type": "LineString", "coordinates": [ [ 144.9864944, -37.804065399999985 ], [ 144.986436, -37.8044186 ] ] } },
{ "type": "Feature", "properties": { "osm_id": "1127735611", "road_name": "Gipps Street", "highway": "tertiary", "maxspeed_kmh": 30.0, "length_km": 0.041309017228254141 }, "geometry": { "type": "LineString", "coordinates": [ [ 144.9912344, -37.804895 ], [ 144.991698899999989, -37.8049469 ] ] } },
{ "type": "Feature", "properties": { "osm_id": "1127943747", "road_name": "Langridge Street", "highway": "tertiary", "maxspeed_kmh": 30.0, "length_km": 0.011142514820081379 }, "geometry": { "type": "LineString", "coordinates": [ [ 144.991678, -37.8071358 ], [ 144.9915526, -37.8071224 ] ] } },
{ "type": "Feature", "properties": { "osm_id": "1127944460", "road_name": "Gore Street", "highway": "residential", "maxspeed_kmh": 30.0, "length_km": 0.0041257002134700727 }, "geometry": { "type": "LineString", "coordinates": [ [ 144.9814742, -37.808234799999987 ], [ 144.9814771, -37.8081977 ] ] } },
{ "type": "Feature", "properties": { "osm_id": "1127944485", "road_name": "Gertrude Street", "highway": "tertiary", "maxspeed_kmh": 30.0, "length_km": 0.029985843929605349 }, "geometry": { "type": "LineString", "coordinates": [ [ 144.982743199999987, -37.8063305 ], [ 144.9824059, -37.8062935 ] ] } },
{ "type": "Feature", "properties": { "osm_id": "1127944655", "road_name": "George Street", "highway": "residential", "maxspeed_kmh": 30.0, "length_km": 0.10243144630712145 }, "geometry": { "type": "LineString", "coordinates": [ [ 144.9805589, -37.806617 ], [ 144.9804007, -37.8075313 ] ] } },
{ "type": "Feature", "properties": { "osm_id": "1127944656", "road_name": "George Street", "highway": "residential", "maxspeed_kmh": 30.0, "length_km": 0.01290220667688113 }, "geometry": { "type": "LineString", "coordinates": [ [ 144.980514199999988, -37.8066005 ], [ 144.980533799999989, -37.8064853 ] ] } },
{ "type": "Feature", "properties": { "osm_id": "1132585232", "road_name": "Gold Street", "highway": "residential", "maxspeed_kmh": 30.0, "length_km": 0.015270207378616917 }, "geometry": { "type": "LineString", "coordinates": [ [ 144.9891638, -37.7988068 ], [ 144.9891402, -37.7989431 ] ] } },
{ "type": "Feature", "properties": { "osm_id": "1132585242", "road_name": "Gold Street", "highway": "residential", "maxspeed_kmh": 30.0, "length_km": 0.023589119403136617 }, "geometry": { "type": "LineString", "coordinates": [ [ 144.9892246, -37.798464 ], [ 144.989184200000011, -37.7986741 ] ] } },
{ "type": "Feature", "properties": { "osm_id": "1136578473", "road_name": "Young Street", "highway": "residential", "maxspeed_kmh": 30.0, "length_km": 0.083302220428193782 }, "geometry": { "type": "LineString", "coordinates": [ [ 144.978914800000013, -37.8024603 ], [ 144.9790334, -37.80171570000001 ] ] } },
{ "type": "Feature", "properties": { "osm_id": "1136580484", "road_name": "Gore Street", "highway": "residential", "maxspeed_kmh": 30.0, "length_km": 0.021475143312497936 }, "geometry": { "type": "LineString", "coordinates": [ [ 144.9828306, -37.8003038 ], [ 144.982781, -37.8004868 ] ] } },
{ "type": "Feature", "properties": { "osm_id": "1136581039", "road_name": "George Street", "highway": "residential", "maxspeed_kmh": 30.0, "length_km": 0.021809665376619471 }, "geometry": { "type": "LineString", "coordinates": [ [ 144.9819038, -37.7985329 ], [ 144.981998, -37.7987144 ] ] } },
{ "type": "Feature", "properties": { "osm_id": "1136581820", "road_name": "Easey Street", "highway": "residential", "maxspeed_kmh": 30.0, "length_km": 0.040455064798616359 }, "geometry": { "type": "LineString", "coordinates": [ [ 144.984515, -37.7975599 ], [ 144.9849709, -37.7976044 ] ] } },
{ "type": "Feature", "properties": { "osm_id": "1136627771", "road_name": "Gipps Street", "highway": "tertiary", "maxspeed_kmh": 30.0, "length_km": 0.086159398352522995 }, "geometry": { "type": "LineString", "coordinates": [ [ 144.9902635, -37.8047992 ], [ 144.9912344, -37.804895 ] ] } },
{ "type": "Feature", "properties": { "osm_id": "1153111397", "road_name": "Cambridge Street", "highway": "residential", "maxspeed_kmh": 30.0, "length_km": 0.33230581317266167 }, "geometry": { "type": "LineString", "coordinates": [ [ 144.985908200000011, -37.8022578 ], [ 144.9854169, -37.8052262 ] ] } },
{ "type": "Feature", "properties": { "osm_id": "1153111399", "road_name": "Cambridge Street", "highway": "service", "maxspeed_kmh": 30.0, "length_km": 0.022190830072391182 }, "geometry": { "type": "LineString", "coordinates": [ [ 144.985315500000041, -37.8057789 ], [ 144.9853142, -37.8055835 ] ] } },
{ "type": "Feature", "properties": { "osm_id": "1155649722", "road_name": "Napier Street", "highway": "residential", "maxspeed_kmh": 30.0, "length_km": 0.012182945550313979 }, "geometry": { "type": "LineString", "coordinates": [ [ 144.9807597, -37.7984122 ], [ 144.980776, -37.7983032 ] ] } },
{ "type": "Feature", "properties": { "osm_id": "1155649723", "road_name": "Napier Street", "highway": "residential", "maxspeed_kmh": 30.0, "length_km": 0.038450853133432474 }, "geometry": { "type": "LineString", "coordinates": [ [ 144.979449, -37.8059867 ], [ 144.9793914, -37.8063301 ] ] } },
{ "type": "Feature", "properties": { "osm_id": "1177575202", "road_name": "Wellington Street", "highway": "tertiary", "maxspeed_kmh": 30.0, "length_km": 0.037833278567692821 }, "geometry": { "type": "LineString", "coordinates": [ [ 144.9873974, -37.7989318 ], [ 144.9873399, -37.7992696 ] ] } },
{ "type": "Feature", "properties": { "osm_id": "1183530174", "road_name": "Webb Street", "highway": "residential", "maxspeed_kmh": 30.0, "length_km": 0.017896022553601051 }, "geometry": { "type": "LineString", "coordinates": [ [ 144.98218270000001, -37.8040076 ], [ 144.9819812, -37.8039867 ] ] } },
{ "type": "Feature", "properties": { "osm_id": "1183530292", "road_name": "George Street", "highway": "residential", "maxspeed_kmh": 30.0, "length_km": 0.12654322222476921 }, "geometry": { "type": "LineString", "coordinates": [ [ 144.9808095, -37.8050177 ], [ 144.9809986, -37.8038875 ] ] } },
{ "type": "Feature", "properties": { "osm_id": "1183530367", "road_name": "George Street", "highway": "residential", "maxspeed_kmh": 30.0, "length_km": 0.086465957598218068 }, "geometry": { "type": "LineString", "coordinates": [ [ 144.9806733, -37.8057892 ], [ 144.9808095, -37.8050177 ] ] } },
{ "type": "Feature", "properties": { "osm_id": "1183530573", "road_name": "Napier Street", "highway": "residential", "maxspeed_kmh": 30.0, "length_km": 0.041649593584556464 }, "geometry": { "type": "LineString", "coordinates": [ [ 144.9791885, -37.8075333 ], [ 144.9791236, -37.807905 ] ] } },
{ "type": "Feature", "properties": { "osm_id": "1183530575", "road_name": "Napier Street", "highway": "residential", "maxspeed_kmh": 30.0, "length_km": 0.010217618907540329 }, "geometry": { "type": "LineString", "coordinates": [ [ 144.9791236, -37.807905 ], [ 144.9791078, -37.8079962 ] ] } },
{ "type": "Feature", "properties": { "osm_id": "1187780106", "road_name": "Gold Street", "highway": "residential", "maxspeed_kmh": 30.0, "length_km": 0.015189646571649545 }, "geometry": { "type": "LineString", "coordinates": [ [ 144.9899443, -37.7946763 ], [ 144.989904200000012, -37.7948089 ] ] } },
{ "type": "Feature", "properties": { "osm_id": "1187780107", "road_name": "Gold Street", "highway": "residential", "maxspeed_kmh": 30.0, "length_km": 0.017625587493320466 }, "geometry": { "type": "LineString", "coordinates": [ [ 144.989904200000012, -37.7948089 ], [ 144.9898526, -37.7949593 ] ] } },
{ "type": "Feature", "properties": { "osm_id": "1187780108", "road_name": "Gold Street", "highway": "residential", "maxspeed_kmh": 30.0, "length_km": 0.018290007742018482 }, "geometry": { "type": "LineString", "coordinates": [ [ 144.9898526, -37.7949593 ], [ 144.989904200000012, -37.7948089 ] ] } },
{ "type": "Feature", "properties": { "osm_id": "1193689017", "road_name": "Moor Street", "highway": "residential", "maxspeed_kmh": 30.0, "length_km": 0.01614209558603227 }, "geometry": { "type": "LineString", "coordinates": [ [ 144.9833743, -37.8021449 ], [ 144.98355620000001, -37.8021628 ] ] } },
{ "type": "Feature", "properties": { "osm_id": "1195940574", "road_name": "Rose Street", "highway": "residential", "maxspeed_kmh": 30.0, "length_km": 0.039242714552472142 }, "geometry": { "type": "LineString", "coordinates": [ [ 144.9806663, -37.7961388 ], [ 144.9811076, -37.7961876 ] ] } },
{ "type": "Feature", "properties": { "osm_id": "1253164511", "road_name": null, "highway": "service", "maxspeed_kmh": 30.0, "length_km": 0.012430798489117401 }, "geometry": { "type": "LineString", "coordinates": [ [ 144.985836799999987, -37.805529300000011 ], [ 144.985697, -37.8055138 ] ] } },
{ "type": "Feature", "properties": { "osm_id": "1268858483", "road_name": "Langridge Street", "highway": "tertiary", "maxspeed_kmh": 30.0, "length_km": 0.14588426772045884 }, "geometry": { "type": "LineString", "coordinates": [ [ 144.98809270000001, -37.8067919 ], [ 144.9864489, -37.8066287 ] ] } },
{ "type": "Feature", "properties": { "osm_id": "1268858484", "road_name": "Langridge Street", "highway": "tertiary", "maxspeed_kmh": 30.0, "length_km": 0.022763804839213767 }, "geometry": { "type": "LineString", "coordinates": [ [ 144.9864489, -37.8066287 ], [ 144.9861932, -37.8065986 ] ] } },
{ "type": "Feature", "properties": { "osm_id": "1268858485", "road_name": "Langridge Street", "highway": "tertiary", "maxspeed_kmh": 30.0, "length_km": 0.010054590464718832 }, "geometry": { "type": "LineString", "coordinates": [ [ 144.9861932, -37.8065986 ], [ 144.9860803, -37.8065851 ] ] } },
{ "type": "Feature", "properties": { "osm_id": "1268858486", "road_name": "Langridge Street", "highway": "tertiary", "maxspeed_kmh": 30.0, "length_km": 0.0099853703206939509 }, "geometry": { "type": "LineString", "coordinates": [ [ 144.9858189, -37.8065705 ], [ 144.985705599999989, -37.8065669 ] ] } },
{ "type": "Feature", "properties": { "osm_id": "1268858487", "road_name": "Langridge Street", "highway": "tertiary", "maxspeed_kmh": 30.0, "length_km": 0.023090983109907134 }, "geometry": { "type": "LineString", "coordinates": [ [ 144.9860803, -37.8065851 ], [ 144.9858189, -37.8065705 ] ] } },
{ "type": "Feature", "properties": { "osm_id": "1268858488", "road_name": "Langridge Street", "highway": "tertiary", "maxspeed_kmh": 30.0, "length_km": 0.030302243410634845 }, "geometry": { "type": "LineString", "coordinates": [ [ 144.983809799999989, -37.8064545 ], [ 144.983469300000024, -37.8064151 ] ] } },
{ "type": "Feature", "properties": { "osm_id": "1268858489", "road_name": "Langridge Street", "highway": "tertiary", "maxspeed_kmh": 30.0, "length_km": 0.042427743303993237 }, "geometry": { "type": "LineString", "coordinates": [ [ 144.983469300000024, -37.8064151 ], [ 144.98299320000001, -37.8063565 ] ] } },
{ "type": "Feature", "properties": { "osm_id": "1268858490", "road_name": "Smith Street", "highway": "tertiary", "maxspeed_kmh": 30.0, "length_km": 0.019384702746822708 }, "geometry": { "type": "LineString", "coordinates": [ [ 144.982976799999989, -37.8064595 ], [ 144.982947599999989, -37.8066326 ] ] } },
{ "type": "Feature", "properties": { "osm_id": "1268858491", "road_name": "Langridge Street", "highway": "tertiary", "maxspeed_kmh": 30.0, "length_km": 0.23420971494805898 }, "geometry": { "type": "LineString", "coordinates": [ [ 144.990734300000014, -37.8070369 ], [ 144.98809270000001, -37.8067919 ] ] } },
{ "type": "Feature", "properties": { "osm_id": "1268858492", "road_name": "Gertrude Street", "highway": "tertiary", "maxspeed_kmh": 30.0, "length_km": 0.0075332646210184342 }, "geometry": { "type": "LineString", "coordinates": [ [ 144.973800700000027, -37.8053835 ], [ 144.9737158, -37.805375199999986 ] ] } },
{ "type": "Feature", "properties": { "osm_id": "1268858493", "road_name": "Wellington Street", "highway": "tertiary", "maxspeed_kmh": 30.0, "length_km": 0.031776611920199468 }, "geometry": { "type": "LineString", "coordinates": [ [ 144.9876203, -37.7978072 ], [ 144.9875429, -37.7980831 ] ] } },
{ "type": "Feature", "properties": { "osm_id": "1268858494", "road_name": "Wellington Street", "highway": "tertiary", "maxspeed_kmh": 30.0, "length_km": 0.030289309805107502 }, "geometry": { "type": "LineString", "coordinates": [ [ 144.9875429, -37.7980831 ], [ 144.987570799999986, -37.7978126 ] ] } },
{ "type": "Feature", "properties": { "osm_id": "1268858495", "road_name": "Wellington Street", "highway": "tertiary", "maxspeed_kmh": 30.0, "length_km": 0.0099175123132658628 }, "geometry": { "type": "LineString", "coordinates": [ [ 144.98807930000001, -37.7947278 ], [ 144.9880929, -37.7946391 ] ] } },
{ "type": "Feature", "properties": { "osm_id": "1268858496", "road_name": "Wellington Street", "highway": "tertiary", "maxspeed_kmh": 30.0, "length_km": 0.014029973146838823 }, "geometry": { "type": "LineString", "coordinates": [ [ 144.9882073, -37.7943804 ], [ 144.9881907, -37.794506 ] ] } },
{ "type": "Feature", "properties": { "osm_id": "1268858497", "road_name": "Wellington Street", "highway": "tertiary", "maxspeed_kmh": 30.0, "length_km": 0.013043223236346714 }, "geometry": { "type": "LineString", "coordinates": [ [ 144.988117200000033, -37.7944897 ], [ 144.9881393, -37.7943735 ] ] } },
{ "type": "Feature", "properties": { "osm_id": "1276257410", "road_name": "Swanston Street", "highway": "unclassified", "maxspeed_kmh": 30.0, "length_km": 0.0066885370252100706 }, "geometry": { "type": "LineString", "coordinates": [ [ 144.963743, -37.8095421 ], [ 144.963718, -37.8094852 ] ] } },
{ "type": "Feature", "properties": { "osm_id": "1292983160", "road_name": "Langridge Street", "highway": "tertiary", "maxspeed_kmh": 30.0, "length_km": 0.012432750118190491 }, "geometry": { "type": "LineString", "coordinates": [ [ 144.9908745, -37.8070501 ], [ 144.990734300000014, -37.8070369 ] ] } },
{ "type": "Feature", "properties": { "osm_id": "1292983161", "road_name": "Langridge Street", "highway": "tertiary", "maxspeed_kmh": 30.0, "length_km": 0.0066901630615037689 }, "geometry": { "type": "LineString", "coordinates": [ [ 144.99094980000001, -37.8070581 ], [ 144.9908745, -37.8070501 ] ] } },
{ "type": "Feature", "properties": { "osm_id": "1292983162", "road_name": "Langridge Street", "highway": "tertiary", "maxspeed_kmh": 30.0, "length_km": 0.0058913719839186231 }, "geometry": { "type": "LineString", "coordinates": [ [ 144.9910161, -37.807065199999982 ], [ 144.99094980000001, -37.8070581 ] ] } },
{ "type": "Feature", "properties": { "osm_id": "1292983163", "road_name": "Langridge Street", "highway": "tertiary", "maxspeed_kmh": 30.0, "length_km": 0.022497467035762143 }, "geometry": { "type": "LineString", "coordinates": [ [ 144.9912693, -37.8070922 ], [ 144.9910161, -37.807065199999982 ] ] } },
{ "type": "Feature", "properties": { "osm_id": "1292983178", "road_name": "Otter Street", "highway": "residential", "maxspeed_kmh": 30.0, "length_km": 0.017691598228617433 }, "geometry": { "type": "LineString", "coordinates": [ [ 144.985082400000039, -37.8008238 ], [ 144.985281500000013, -37.800845 ] ] } },
{ "type": "Feature", "properties": { "osm_id": "1292983179", "road_name": "Otter Street", "highway": "residential", "maxspeed_kmh": 30.0, "length_km": 0.0099167931746670743 }, "geometry": { "type": "LineString", "coordinates": [ [ 144.9844663, -37.8007583 ], [ 144.9845779, -37.8007702 ] ] } },
{ "type": "Feature", "properties": { "osm_id": "1292983180", "road_name": "Otter Street", "highway": "residential", "maxspeed_kmh": 30.0, "length_km": 0.01679377274624743 }, "geometry": { "type": "LineString", "coordinates": [ [ 144.9848934, -37.80080370000001 ], [ 144.985082400000039, -37.8008238 ] ] } },
{ "type": "Feature", "properties": { "osm_id": "1292983181", "road_name": "Otter Street", "highway": "residential", "maxspeed_kmh": 30.0, "length_km": 0.028033360158533079 }, "geometry": { "type": "LineString", "coordinates": [ [ 144.9845779, -37.8007702 ], [ 144.9848934, -37.80080370000001 ] ] } },
{ "type": "Feature", "properties": { "osm_id": "1292983182", "road_name": "George Street", "highway": "residential", "maxspeed_kmh": 30.0, "length_km": 0.01760560483610139 }, "geometry": { "type": "LineString", "coordinates": [ [ 144.982131399999986, -37.7972692 ], [ 144.9821581, -37.797112 ] ] } },
{ "type": "Feature", "properties": { "osm_id": "1292983267", "road_name": "Forest Street", "highway": "residential", "maxspeed_kmh": 30.0, "length_km": 0.14038194543253557 }, "geometry": { "type": "LineString", "coordinates": [ [ 144.9919677, -37.796819899999988 ], [ 144.9921822, -37.7955666 ] ] } },
{ "type": "Feature", "properties": { "osm_id": "1292983268", "road_name": "Gold Street", "highway": "residential", "maxspeed_kmh": 30.0, "length_km": 0.0050543746178187106 }, "geometry": { "type": "LineString", "coordinates": [ [ 144.989519199999989, -37.7968367 ], [ 144.9895104, -37.7968817 ] ] } },
{ "type": "Feature", "properties": { "osm_id": "1292983269", "road_name": "Gold Street", "highway": "residential", "maxspeed_kmh": 30.0, "length_km": 0.02669099122666585 }, "geometry": { "type": "LineString", "coordinates": [ [ 144.989629, -37.79621740000001 ], [ 144.9895856, -37.7964554 ] ] } },
{ "type": "Feature", "properties": { "osm_id": "1292983270", "road_name": "Gold Street", "highway": "residential", "maxspeed_kmh": 30.0, "length_km": 0.027293428365413465 }, "geometry": { "type": "LineString", "coordinates": [ [ 144.9897182, -37.7957379 ], [ 144.9896741, -37.795981299999987 ] ] } },
{ "type": "Feature", "properties": { "osm_id": "1292983271", "road_name": "Gold Street", "highway": "residential", "maxspeed_kmh": 30.0, "length_km": 0.02805110543389356 }, "geometry": { "type": "LineString", "coordinates": [ [ 144.9897585, -37.7954872 ], [ 144.9897182, -37.7957379 ] ] } },
{ "type": "Feature", "properties": { "osm_id": "1292983272", "road_name": "Gold Street", "highway": "residential", "maxspeed_kmh": 30.0, "length_km": 0.018014529052790516 }, "geometry": { "type": "LineString", "coordinates": [ [ 144.989840500000014, -37.795029499999984 ], [ 144.989812699999987, -37.7951903 ] ] } },
{ "type": "Feature", "properties": { "osm_id": "1292983273", "road_name": "Gold Street", "highway": "residential", "maxspeed_kmh": 30.0, "length_km": 0.014196633044940366 }, "geometry": { "type": "LineString", "coordinates": [ [ 144.989812699999987, -37.7951903 ], [ 144.9897906, -37.795317 ] ] } },
{ "type": "Feature", "properties": { "osm_id": "1292983274", "road_name": "Gold Street", "highway": "residential", "maxspeed_kmh": 30.0, "length_km": 0.0078641147891789186 }, "geometry": { "type": "LineString", "coordinates": [ [ 144.9898526, -37.7949593 ], [ 144.989840500000014, -37.795029499999984 ] ] } },
{ "type": "Feature", "properties": { "osm_id": "1292983275", "road_name": "Smith Street", "highway": "tertiary", "maxspeed_kmh": 30.0, "length_km": 0.091592818463988257 }, "geometry": { "type": "LineString", "coordinates": [ [ 144.9828934, -37.8069576 ], [ 144.982760899999988, -37.8077761 ] ] } },
{ "type": "Feature", "properties": { "osm_id": "1292983276", "road_name": "Smith Street", "highway": "tertiary", "maxspeed_kmh": 30.0, "length_km": 0.036386870656248647 }, "geometry": { "type": "LineString", "coordinates": [ [ 144.982947599999989, -37.8066326 ], [ 144.9828934, -37.8069576 ] ] } },
{ "type": "Feature", "properties": { "osm_id": "1292983277", "road_name": "Smith Street", "highway": "tertiary", "maxspeed_kmh": 30.0, "length_km": 0.030925329439567557 }, "geometry": { "type": "LineString", "coordinates": [ [ 144.982744, -37.8078726 ], [ 144.982698699999986, -37.8081489 ] ] } },
{ "type": "Feature", "properties": { "osm_id": "1292983278", "road_name": "Smith Street", "highway": "tertiary", "maxspeed_kmh": 30.0, "length_km": 0.010218852727713267 }, "geometry": { "type": "LineString", "coordinates": [ [ 144.9826333, -37.8085293 ], [ 144.9826174, -37.8086205 ] ] } },
{ "type": "Feature", "properties": { "osm_id": "1292983281", "road_name": "Smith Street", "highway": "tertiary", "maxspeed_kmh": 30.0, "length_km": 0.011860464805638156 }, "geometry": { "type": "LineString", "coordinates": [ [ 144.9826174, -37.8086205 ], [ 144.982588099999987, -37.8087248 ] ] } },
{ "type": "Feature", "properties": { "osm_id": "1292983283", "road_name": "Brunswick Street", "highway": "tertiary", "maxspeed_kmh": 30.0, "length_km": 0.0096208731407781845 }, "geometry": { "type": "LineString", "coordinates": [ [ 144.976879, -37.8080177 ], [ 144.9768618, -37.8081033 ] ] } },
{ "type": "Feature", "properties": { "osm_id": "1292983284", "road_name": "Brunswick Street", "highway": "tertiary", "maxspeed_kmh": 30.0, "length_km": 0.014492488237996036 }, "geometry": { "type": "LineString", "coordinates": [ [ 144.9769629, -37.8071421 ], [ 144.97693910000001, -37.807271299999989 ] ] } },
{ "type": "Feature", "properties": { "osm_id": "1292984602", "road_name": "Brunswick Street", "highway": "tertiary", "maxspeed_kmh": 30.0, "length_km": 0.0094849706637388197 }, "geometry": { "type": "LineString", "coordinates": [ [ 144.977245399999987, -37.8055756 ], [ 144.977231100000012, -37.8056603 ] ] } },
{ "type": "Feature", "properties": { "osm_id": "1292984603", "road_name": "Brunswick Street", "highway": "tertiary", "maxspeed_kmh": 30.0, "length_km": 0.020564778618367915 }, "geometry": { "type": "LineString", "coordinates": [ [ 144.9772049, -37.805814100000013 ], [ 144.977171700000014, -37.8059975 ] ] } },
{ "type": "Feature", "properties": { "osm_id": "1292984604", "road_name": "Brunswick Street", "highway": "tertiary", "maxspeed_kmh": 30.0, "length_km": 0.031702468341847562 }, "geometry": { "type": "LineString", "coordinates": [ [ 144.9773245, -37.8051073 ], [ 144.9772767, -37.8053904 ] ] } },
{ "type": "Feature", "properties": { "osm_id": "1292984605", "road_name": "Brunswick Street", "highway": "tertiary", "maxspeed_kmh": 30.0, "length_km": 0.02342664220906969 }, "geometry": { "type": "LineString", "coordinates": [ [ 144.977359799999988, -37.8048981 ], [ 144.9773245, -37.8051073 ] ] } },
{ "type": "Feature", "properties": { "osm_id": "1292984606", "road_name": "Brunswick Street", "highway": "tertiary", "maxspeed_kmh": 30.0, "length_km": 0.02527453084559567 }, "geometry": { "type": "LineString", "coordinates": [ [ 144.9773979, -37.8046724 ], [ 144.977359799999988, -37.8048981 ] ] } },
{ "type": "Feature", "properties": { "osm_id": "1292984607", "road_name": "Brunswick Street", "highway": "tertiary", "maxspeed_kmh": 30.0, "length_km": 0.016193780178160061 }, "geometry": { "type": "LineString", "coordinates": [ [ 144.9774224, -37.8045278 ], [ 144.9773979, -37.8046724 ] ] } },
{ "type": "Feature", "properties": { "osm_id": "1292984608", "road_name": "Brunswick Street", "highway": "tertiary", "maxspeed_kmh": 30.0, "length_km": 0.016149780659647058 }, "geometry": { "type": "LineString", "coordinates": [ [ 144.9774869, -37.804148 ], [ 144.9774624, -37.8042922 ] ] } },
{ "type": "Feature", "properties": { "osm_id": "1292984609", "road_name": "Brunswick Street", "highway": "tertiary", "maxspeed_kmh": 30.0, "length_km": 0.011389034020293181 }, "geometry": { "type": "LineString", "coordinates": [ [ 144.9775041, -37.8040463 ], [ 144.9774869, -37.804148 ] ] } },
{ "type": "Feature", "properties": { "osm_id": "1292984610", "road_name": "Brunswick Street", "highway": "tertiary", "maxspeed_kmh": 30.0, "length_km": 0.098653703225388634 }, "geometry": { "type": "LineString", "coordinates": [ [ 144.97764380000001, -37.8031644 ], [ 144.9775041, -37.8040463 ] ] } },
{ "type": "Feature", "properties": { "osm_id": "1292984611", "road_name": "Brunswick Street", "highway": "tertiary", "maxspeed_kmh": 30.0, "length_km": 0.016225699010703191 }, "geometry": { "type": "LineString", "coordinates": [ [ 144.977668100000017, -37.8030195 ], [ 144.97764380000001, -37.8031644 ] ] } },
{ "type": "Feature", "properties": { "osm_id": "1292984612", "road_name": "Brunswick Street", "highway": "tertiary", "maxspeed_kmh": 30.0, "length_km": 0.064783140904921974 }, "geometry": { "type": "LineString", "coordinates": [ [ 144.977767699999987, -37.8024412 ], [ 144.977668100000017, -37.8030195 ] ] } },
{ "type": "Feature", "properties": { "osm_id": "1292984613", "road_name": "Brunswick Street", "highway": "tertiary", "maxspeed_kmh": 30.0, "length_km": 0.012746567655928784 }, "geometry": { "type": "LineString", "coordinates": [ [ 144.9777862, -37.8023273 ], [ 144.977767699999987, -37.8024412 ] ] } },
{ "type": "Feature", "properties": { "osm_id": "1292984614", "road_name": "Brunswick Street", "highway": "tertiary", "maxspeed_kmh": 30.0, "length_km": 0.013148786520030797 }, "geometry": { "type": "LineString", "coordinates": [ [ 144.9778071, -37.80221 ], [ 144.9777862, -37.8023273 ] ] } },
{ "type": "Feature", "properties": { "osm_id": "1292984615", "road_name": "Brunswick Street", "highway": "tertiary", "maxspeed_kmh": 30.0, "length_km": 0.0088905569346223682 }, "geometry": { "type": "LineString", "coordinates": [ [ 144.9778959, -37.8016911 ], [ 144.9778808, -37.8017703 ] ] } },
{ "type": "Feature", "properties": { "osm_id": "1292984616", "road_name": "Brunswick Street", "highway": "tertiary", "maxspeed_kmh": 30.0, "length_km": 0.049232748498929703 }, "geometry": { "type": "LineString", "coordinates": [ [ 144.9778808, -37.8017703 ], [ 144.9778071, -37.80221 ] ] } },
{ "type": "Feature", "properties": { "osm_id": "1292984617", "road_name": "Brunswick Street", "highway": "tertiary", "maxspeed_kmh": 30.0, "length_km": 0.10974312147039839 }, "geometry": { "type": "LineString", "coordinates": [ [ 144.978081800000012, -37.8006412 ], [ 144.9779073, -37.8016202 ] ] } },
{ "type": "Feature", "properties": { "osm_id": "1292984618", "road_name": "Brunswick Street", "highway": "tertiary", "maxspeed_kmh": 30.0, "length_km": 0.01197876660033435 }, "geometry": { "type": "LineString", "coordinates": [ [ 144.978100500000011, -37.8005343 ], [ 144.978081800000012, -37.8006412 ] ] } },
{ "type": "Feature", "properties": { "osm_id": "1292984619", "road_name": "Brunswick Street", "highway": "tertiary", "maxspeed_kmh": 30.0, "length_km": 0.028828988159736238 }, "geometry": { "type": "LineString", "coordinates": [ [ 144.9781946, -37.7999797 ], [ 144.978151700000012, -37.8002372 ] ] } },
{ "type": "Feature", "properties": { "osm_id": "1292984620", "road_name": "Brunswick Street", "highway": "tertiary", "maxspeed_kmh": 30.0, "length_km": 0.0061800806593177143 }, "geometry": { "type": "LineString", "coordinates": [ [ 144.978203799999989, -37.7999245 ], [ 144.9781946, -37.7999797 ] ] } },
{ "type": "Feature", "properties": { "osm_id": "1292984621", "road_name": "Brunswick Street", "highway": "tertiary", "maxspeed_kmh": 30.0, "length_km": 0.012953731335515474 }, "geometry": { "type": "LineString", "coordinates": [ [ 144.9782231, -37.7998088 ], [ 144.978203799999989, -37.7999245 ] ] } },
{ "type": "Feature", "properties": { "osm_id": "1292984622", "road_name": "Brunswick Street", "highway": "tertiary", "maxspeed_kmh": 30.0, "length_km": 0.0071790333757161644 }, "geometry": { "type": "LineString", "coordinates": [ [ 144.978234, -37.799744699999984 ], [ 144.9782231, -37.7998088 ] ] } },
{ "type": "Feature", "properties": { "osm_id": "1292984623", "road_name": "Brunswick Street", "highway": "tertiary", "maxspeed_kmh": 30.0, "length_km": 0.0067076380215444703 }, "geometry": { "type": "LineString", "coordinates": [ [ 144.9782507, -37.7996459 ], [ 144.9782406, -37.7997058 ] ] } },
{ "type": "Feature", "properties": { "osm_id": "1292984624", "road_name": "Brunswick Street", "highway": "tertiary", "maxspeed_kmh": 30.0, "length_km": 0.0043565245407295103 }, "geometry": { "type": "LineString", "coordinates": [ [ 144.9782406, -37.7997058 ], [ 144.978234, -37.799744699999984 ] ] } },
{ "type": "Feature", "properties": { "osm_id": "1292984625", "road_name": "Brunswick Street", "highway": "tertiary", "maxspeed_kmh": 30.0, "length_km": 0.042926499444098584 }, "geometry": { "type": "LineString", "coordinates": [ [ 144.9783157, -37.7992626 ], [ 144.9782507, -37.7996459 ] ] } },
{ "type": "Feature", "properties": { "osm_id": "1292984626", "road_name": "Brunswick Street", "highway": "tertiary", "maxspeed_kmh": 30.0, "length_km": 0.0096656699715220486 }, "geometry": { "type": "LineString", "coordinates": [ [ 144.9783304, -37.7991763 ], [ 144.9783157, -37.7992626 ] ] } },
{ "type": "Feature", "properties": { "osm_id": "1292984627", "road_name": "Brunswick Street", "highway": "tertiary", "maxspeed_kmh": 30.0, "length_km": 0.0093239990508084195 }, "geometry": { "type": "LineString", "coordinates": [ [ 144.978366200000011, -37.7989625 ], [ 144.9783525, -37.7990458 ] ] } },
{ "type": "Feature", "properties": { "osm_id": "1292984628", "road_name": "Brunswick Street", "highway": "tertiary", "maxspeed_kmh": 30.0, "length_km": 0.058947115938475597 }, "geometry": { "type": "LineString", "coordinates": [ [ 144.9784531, -37.7984359 ], [ 144.978366200000011, -37.7989625 ] ] } },
{ "type": "Feature", "properties": { "osm_id": "1292984629", "road_name": "Brunswick Street", "highway": "tertiary", "maxspeed_kmh": 30.0, "length_km": 0.010240823205275518 }, "geometry": { "type": "LineString", "coordinates": [ [ 144.9784996, -37.7981636 ], [ 144.9784837, -37.798255 ] ] } },
{ "type": "Feature", "properties": { "osm_id": "1292984630", "road_name": "Brunswick Street", "highway": "tertiary", "maxspeed_kmh": 30.0, "length_km": 0.0088961448321852165 }, "geometry": { "type": "LineString", "coordinates": [ [ 144.9784837, -37.798255 ], [ 144.9784699, -37.7983344 ] ] } },
{ "type": "Feature", "properties": { "osm_id": "1292984631", "road_name": "Brunswick Street", "highway": "tertiary", "maxspeed_kmh": 30.0, "length_km": 0.11772752476411034 }, "geometry": { "type": "LineString", "coordinates": [ [ 144.979266200000012, -37.7936609 ], [ 144.9790878, -37.7947121 ] ] } },
{ "type": "Feature", "properties": { "osm_id": "1292984632", "road_name": "Brunswick Street", "highway": "tertiary", "maxspeed_kmh": 30.0, "length_km": 0.012027781174621895 }, "geometry": { "type": "LineString", "coordinates": [ [ 144.9793017, -37.7934516 ], [ 144.9792835, -37.793559 ] ] } },
{ "type": "Feature", "properties": { "osm_id": "1292984633", "road_name": "Bell Street", "highway": "residential", "maxspeed_kmh": 30.0, "length_km": 0.0037324795653409966 }, "geometry": { "type": "LineString", "coordinates": [ [ 144.9779981, -37.8003471 ], [ 144.978040099999987, -37.8003516 ] ] } },
{ "type": "Feature", "properties": { "osm_id": "1292984642", "road_name": "Gold Street", "highway": "residential", "maxspeed_kmh": 30.0, "length_km": 0.0099257036844599064 }, "geometry": { "type": "LineString", "coordinates": [ [ 144.9891402, -37.7989431 ], [ 144.9891249, -37.7990317 ] ] } },
{ "type": "Feature", "properties": { "osm_id": "1292984643", "road_name": "Gold Street", "highway": "residential", "maxspeed_kmh": 30.0, "length_km": 0.0082011798573496074 }, "geometry": { "type": "LineString", "coordinates": [ [ 144.9890666, -37.7993686 ], [ 144.989053899999988, -37.7994418 ] ] } },
{ "type": "Feature", "properties": { "osm_id": "1292984644", "road_name": "Gold Street", "highway": "residential", "maxspeed_kmh": 30.0, "length_km": 0.0083465227019647731 }, "geometry": { "type": "LineString", "coordinates": [ [ 144.9890795, -37.799294099999983 ], [ 144.9890666, -37.7993686 ] ] } },
{ "type": "Feature", "properties": { "osm_id": "1292984645", "road_name": "Gold Street", "highway": "residential", "maxspeed_kmh": 30.0, "length_km": 0.030167568244571518 }, "geometry": { "type": "LineString", "coordinates": [ [ 144.9892762, -37.7981953 ], [ 144.9892246, -37.798464 ] ] } },
{ "type": "Feature", "properties": { "osm_id": "1292984646", "road_name": "Gold Street", "highway": "residential", "maxspeed_kmh": 30.0, "length_km": 0.027316884544648808 }, "geometry": { "type": "LineString", "coordinates": [ [ 144.989368899999988, -37.7977131 ], [ 144.98932210000001, -37.7979564 ] ] } },
{ "type": "Feature", "properties": { "osm_id": "1292984647", "road_name": "Easey Street", "highway": "residential", "maxspeed_kmh": 30.0, "length_km": 0.0147861959757766 }, "geometry": { "type": "LineString", "coordinates": [ [ 144.9891366, -37.7980382 ], [ 144.989303, -37.7980559 ] ] } },
{ "type": "Feature", "properties": { "osm_id": "1292984648", "road_name": "Easey Street", "highway": "residential", "maxspeed_kmh": 30.0, "length_km": 0.1250189770979748 }, "geometry": { "type": "LineString", "coordinates": [ [ 144.9877291, -37.7978923 ], [ 144.9891366, -37.7980382 ] ] } },
{ "type": "Feature", "properties": { "osm_id": "1292984649", "road_name": "Easey Street", "highway": "residential", "maxspeed_kmh": 30.0, "length_km": 0.041112422614808915 }, "geometry": { "type": "LineString", "coordinates": [ [ 144.9869474, -37.7978081 ], [ 144.987410399999987, -37.797855300000016 ] ] } },
{ "type": "Feature", "properties": { "osm_id": "1292984650", "road_name": "Easey Street", "highway": "residential", "maxspeed_kmh": 30.0, "length_km": 0.023628630586459327 }, "geometry": { "type": "LineString", "coordinates": [ [ 144.9866812, -37.797781599999986 ], [ 144.9869474, -37.7978081 ] ] } },
{ "type": "Feature", "properties": { "osm_id": "1292984651", "road_name": "Easey Street", "highway": "residential", "maxspeed_kmh": 30.0, "length_km": 0.15191042706165198 }, "geometry": { "type": "LineString", "coordinates": [ [ 144.9849709, -37.7976044 ], [ 144.9866812, -37.797781599999986 ] ] } },
{ "type": "Feature", "properties": { "osm_id": "1292984652", "road_name": "Kerr Street", "highway": "residential", "maxspeed_kmh": 30.0, "length_km": 0.070094258349123278 }, "geometry": { "type": "LineString", "coordinates": [ [ 144.9835803, -37.7972546 ], [ 144.9843702, -37.7973318 ] ] } },
{ "type": "Feature", "properties": { "osm_id": "1292984653", "road_name": "Kerr Street", "highway": "residential", "maxspeed_kmh": 30.0, "length_km": 0.044470905141253278 }, "geometry": { "type": "LineString", "coordinates": [ [ 144.9801189, -37.7968879 ], [ 144.9806199, -37.7969378 ] ] } },
{ "type": "Feature", "properties": { "osm_id": "1292984654", "road_name": "Kerr Street", "highway": "residential", "maxspeed_kmh": 30.0, "length_km": 0.015415252292741545 }, "geometry": { "type": "LineString", "coordinates": [ [ 144.9752302, -37.7963679 ], [ 144.975403699999987, -37.7963862 ] ] } },
{ "type": "Feature", "properties": { "osm_id": "1313106751", "road_name": "La Trobe Street", "highway": "tertiary", "maxspeed_kmh": 30.0, "length_km": 0.033130017616268805 }, "geometry": { "type": "LineString", "coordinates": [ [ 144.961894, -37.8102004 ], [ 144.9615392, -37.8102997 ] ] } },
{ "type": "Feature", "properties": { "osm_id": "1317029651", "road_name": "Swanston Street", "highway": "unclassified", "maxspeed_kmh": 30.0, "length_km": 0.026116617334675699 }, "geometry": { "type": "LineString", "coordinates": [ [ 144.963443, -37.808891899999985 ], [ 144.963338800000031, -37.8086716 ] ] } },
{ "type": "Feature", "properties": { "osm_id": "1340213811", "road_name": "Palmer Street", "highway": "residential", "maxspeed_kmh": 30.0, "length_km": 0.096605019059385899 }, "geometry": { "type": "LineString", "coordinates": [ [ 144.9763223, -37.8044514 ], [ 144.9752822, -37.8042659 ] ] } },
{ "type": "Feature", "properties": { "osm_id": "1350826684", "road_name": null, "highway": "service", "maxspeed_kmh": 30.0, "length_km": 0.030979336880430718 }, "geometry": { "type": "LineString", "coordinates": [ [ 144.9762558, -37.7935104 ], [ 144.9762106, -37.7937872 ] ] } },
{ "type": "Feature", "properties": { "osm_id": "1421930064", "road_name": "Rose Street", "highway": "residential", "maxspeed_kmh": 30.0, "length_km": 0.077825243984169956 }, "geometry": { "type": "LineString", "coordinates": [ [ 144.9762474, -37.7956631 ], [ 144.975371599999988, -37.79557 ] ] } },
{ "type": "Feature", "properties": { "osm_id": "1426554428", "road_name": "Bell Street", "highway": "residential", "maxspeed_kmh": 30.0, "length_km": 0.0080775677732966376 }, "geometry": { "type": "LineString", "coordinates": [ [ 144.978040099999987, -37.8003516 ], [ 144.978131, -37.8003613 ] ] } },
{ "type": "Feature", "properties": { "osm_id": "1426554429", "road_name": "Bell Street", "highway": "residential", "maxspeed_kmh": 30.0, "length_km": 0.0091544096029372649 }, "geometry": { "type": "LineString", "coordinates": [ [ 144.977877400000011, -37.8003341 ], [ 144.9779804, -37.80034520000001 ] ] } },
{ "type": "Feature", "properties": { "osm_id": "1426554430", "road_name": "Bell Street", "highway": "residential", "maxspeed_kmh": 30.0, "length_km": 0.001573024782834966 }, "geometry": { "type": "LineString", "coordinates": [ [ 144.9779804, -37.80034520000001 ], [ 144.9779981, -37.8003471 ] ] } },
{ "type": "Feature", "properties": { "osm_id": "1443099216", "road_name": null, "highway": "living_street", "maxspeed_kmh": 30.0, "length_km": 0.087645039611528405 }, "geometry": { "type": "LineString", "coordinates": [ [ 145.050835, -37.7127048 ], [ 145.050771200000014, -37.7123109 ], [ 145.0511157, -37.7120332 ] ] } },
{ "type": "Feature", "properties": { "osm_id": "1454811923", "road_name": "Fitzroy Street", "highway": "residential", "maxspeed_kmh": 30.0, "length_km": 0.064867852880083579 }, "geometry": { "type": "LineString", "coordinates": [ [ 144.9775181, -37.7975119 ], [ 144.977419700000013, -37.7980911 ] ] } },
{ "type": "Feature", "properties": { "osm_id": "1503567194", "road_name": "Napier Street", "highway": "residential", "maxspeed_kmh": 30.0, "length_km": 0.005890535667441227 }, "geometry": { "type": "LineString", "coordinates": [ [ 144.980491, -37.8000559 ], [ 144.980499900000012, -37.8000033 ] ] } },
{ "type": "Feature", "properties": { "osm_id": "1532034933", "road_name": "Hotham Street", "highway": "residential", "maxspeed_kmh": 30.0, "length_km": 0.32073671735968129 }, "geometry": { "type": "LineString", "coordinates": [ [ 144.993163900000013, -37.7970152 ], [ 144.98954950000001, -37.796678100000015 ] ] } },
{ "type": "Feature", "properties": { "osm_id": "1532034934", "road_name": "Hotham Street", "highway": "residential", "maxspeed_kmh": 30.0, "length_km": 0.024595181244140594 }, "geometry": { "type": "LineString", "coordinates": [ [ 144.98927710000001, -37.7966632 ], [ 144.98954950000001, -37.796678100000015 ] ] } },
{ "type": "Feature", "properties": { "osm_id": "1532034935", "road_name": "Hotham Street", "highway": "residential", "maxspeed_kmh": 30.0, "length_km": 0.025499959813286933 }, "geometry": { "type": "LineString", "coordinates": [ [ 144.98954950000001, -37.796678100000015 ], [ 144.98927710000001, -37.7966632 ] ] } },
{ "type": "Feature", "properties": { "osm_id": "1532034936", "road_name": "Gold Street", "highway": "residential", "maxspeed_kmh": 30.0, "length_km": 0.019514504316837232 }, "geometry": { "type": "LineString", "coordinates": [ [ 144.9897906, -37.795317 ], [ 144.9897585, -37.7954872 ] ] } },
{ "type": "Feature", "properties": { "osm_id": "1532034937", "road_name": "Gold Street", "highway": "residential", "maxspeed_kmh": 30.0, "length_km": 0.019657962005274178 }, "geometry": { "type": "LineString", "coordinates": [ [ 144.9897585, -37.7954872 ], [ 144.9897906, -37.795317 ] ] } },
{ "type": "Feature", "properties": { "osm_id": "1532034938", "road_name": "Mater Street", "highway": "residential", "maxspeed_kmh": 30.0, "length_km": 0.027289982340843923 }, "geometry": { "type": "LineString", "coordinates": [ [ 144.9893944, -37.7958096 ], [ 144.989703100000014, -37.7958219 ] ] } },
{ "type": "Feature", "properties": { "osm_id": "1532034939", "road_name": "Mater Street", "highway": "residential", "maxspeed_kmh": 30.0, "length_km": 0.027414192840777701 }, "geometry": { "type": "LineString", "coordinates": [ [ 144.989694899999989, -37.7958705 ], [ 144.9893944, -37.7958096 ] ] } },
{ "type": "Feature", "properties": { "osm_id": "1532034940", "road_name": "Gold Street", "highway": "residential", "maxspeed_kmh": 30.0, "length_km": 0.0058932150857640732 }, "geometry": { "type": "LineString", "coordinates": [ [ 144.9896741, -37.795981299999987 ], [ 144.9896641, -37.796033799999989 ] ] } },
{ "type": "Feature", "properties": { "osm_id": "1532034941", "road_name": "Gold Street", "highway": "residential", "maxspeed_kmh": 30.0, "length_km": 0.02095607847660496 }, "geometry": { "type": "LineString", "coordinates": [ [ 144.9896641, -37.796033799999989 ], [ 144.989629, -37.79621740000001 ] ] } },
{ "type": "Feature", "properties": { "osm_id": "1532034942", "road_name": "Gold Street", "highway": "residential", "maxspeed_kmh": 30.0, "length_km": 0.021129694559572278 }, "geometry": { "type": "LineString", "coordinates": [ [ 144.989629, -37.79621740000001 ], [ 144.9896641, -37.796033799999989 ] ] } },
{ "type": "Feature", "properties": { "osm_id": "1532034943", "road_name": "Gold Street", "highway": "residential", "maxspeed_kmh": 30.0, "length_km": 0.014455414875656764 }, "geometry": { "type": "LineString", "coordinates": [ [ 144.9895856, -37.7964554 ], [ 144.9895636, -37.7965769 ] ] } },
{ "type": "Feature", "properties": { "osm_id": "1532034944", "road_name": "Gold Street", "highway": "residential", "maxspeed_kmh": 30.0, "length_km": 0.014291731414256482 }, "geometry": { "type": "LineString", "coordinates": [ [ 144.9895636, -37.7965769 ], [ 144.9895856, -37.7964554 ] ] } },
{ "type": "Feature", "properties": { "osm_id": "1532070013", "road_name": "Cambridge Street", "highway": "residential", "maxspeed_kmh": 30.0, "length_km": 0.049284410485711805 }, "geometry": { "type": "LineString", "coordinates": [ [ 144.9851922, -37.8065503 ], [ 144.985124399999989, -37.806991 ] ] } },
{ "type": "Feature", "properties": { "osm_id": "1532070014", "road_name": "Derby Street", "highway": "residential", "maxspeed_kmh": 30.0, "length_km": 0.075684720884044293 }, "geometry": { "type": "LineString", "coordinates": [ [ 144.985124399999989, -37.806991 ], [ 144.9859734, -37.8070949 ] ] } },
{ "type": "Feature", "properties": { "osm_id": "1532070015", "road_name": "Cambridge Street", "highway": "residential", "maxspeed_kmh": 30.0, "length_km": 0.024867877349734002 }, "geometry": { "type": "LineString", "coordinates": [ [ 144.9850827, -37.8072093 ], [ 144.985079, -37.806986 ] ] } },
{ "type": "Feature", "properties": { "osm_id": "1532070016", "road_name": "Cambridge Street", "highway": "residential", "maxspeed_kmh": 30.0, "length_km": 0.024789170929445957 }, "geometry": { "type": "LineString", "coordinates": [ [ 144.9851567, -37.8069954 ], [ 144.9850827, -37.8072093 ] ] } },
{ "type": "Feature", "properties": { "osm_id": "1532070017", "road_name": "Cambridge Street", "highway": "residential", "maxspeed_kmh": 30.0, "length_km": 0.058471499323363124 }, "geometry": { "type": "LineString", "coordinates": [ [ 144.985315500000041, -37.8057789 ], [ 144.9852319, -37.806301499999989 ] ] } },
{ "type": "Feature", "properties": { "osm_id": "1532070018", "road_name": "Langridge Street", "highway": "tertiary", "maxspeed_kmh": 30.0, "length_km": 0.045248338661161014 }, "geometry": { "type": "LineString", "coordinates": [ [ 144.985705599999989, -37.8065669 ], [ 144.9851922, -37.8065503 ] ] } },
{ "type": "Feature", "properties": { "osm_id": "1532070019", "road_name": "Cambridge Street", "highway": "residential", "maxspeed_kmh": 30.0, "length_km": 0.02831748680272729 }, "geometry": { "type": "LineString", "coordinates": [ [ 144.985156, -37.8065491 ], [ 144.9852319, -37.806301499999989 ] ] } },
{ "type": "Feature", "properties": { "osm_id": "1532070020", "road_name": "Cambridge Street", "highway": "residential", "maxspeed_kmh": 30.0, "length_km": 0.028000394755698918 }, "geometry": { "type": "LineString", "coordinates": [ [ 144.9852319, -37.806301499999989 ], [ 144.985254200000014, -37.8065523 ] ] } },
{ "type": "Feature", "properties": { "osm_id": "1532070021", "road_name": "Oxford Street", "highway": "residential", "maxspeed_kmh": 30.0, "length_km": 0.13190311379840913 }, "geometry": { "type": "LineString", "coordinates": [ [ 144.9845228, -37.8053337 ], [ 144.984322100000043, -37.8065113 ] ] } },
{ "type": "Feature", "properties": { "osm_id": "1532070022", "road_name": "Oxford Street", "highway": "residential", "maxspeed_kmh": 30.0, "length_km": 0.045879401217560525 }, "geometry": { "type": "LineString", "coordinates": [ [ 144.9845886, -37.8049326 ], [ 144.9845228, -37.8053337 ] ] } },
{ "type": "Feature", "properties": { "osm_id": "1532070023", "road_name": "Oxford Street", "highway": "residential", "maxspeed_kmh": 30.0, "length_km": 0.045479459349988177 }, "geometry": { "type": "LineString", "coordinates": [ [ 144.9845228, -37.8053337 ], [ 144.9845886, -37.8049326 ] ] } },
{ "type": "Feature", "properties": { "osm_id": "1532070024", "road_name": "Oxford Street", "highway": "residential", "maxspeed_kmh": 30.0, "length_km": 0.023878809486132361 }, "geometry": { "type": "LineString", "coordinates": [ [ 144.9851081, -37.8021731 ], [ 144.985026299999987, -37.802378 ] ] } },
{ "type": "Feature", "properties": { "osm_id": "1532070025", "road_name": "Oxford Street", "highway": "residential", "maxspeed_kmh": 30.0, "length_km": 0.024448398159859133 }, "geometry": { "type": "LineString", "coordinates": [ [ 144.985026299999987, -37.802378 ], [ 144.9850126, -37.802158 ] ] } },
{ "type": "Feature", "properties": { "osm_id": "1532133455", "road_name": "Campbell Street", "highway": "residential", "maxspeed_kmh": 30.0, "length_km": 0.013983705546635715 }, "geometry": { "type": "LineString", "coordinates": [ [ 144.9892523, -37.8021762 ], [ 144.9892022, -37.802295699999988 ] ] } },
{ "type": "Feature", "properties": { "osm_id": "1532133456", "road_name": "Campbell Street", "highway": "residential", "maxspeed_kmh": 30.0, "length_km": 0.013941294360788354 }, "geometry": { "type": "LineString", "coordinates": [ [ 144.9892022, -37.802295699999988 ], [ 144.9891945, -37.8021703 ] ] } },
{ "type": "Feature", "properties": { "osm_id": "1532133457", "road_name": "George Street", "highway": "residential", "maxspeed_kmh": 30.0, "length_km": 0.021567764348160837 }, "geometry": { "type": "LineString", "coordinates": [ [ 144.9817583, -37.7986884 ], [ 144.9819038, -37.7985329 ] ] } },
{ "type": "Feature", "properties": { "osm_id": "1532133458", "road_name": "Gore Street", "highway": "residential", "maxspeed_kmh": 30.0, "length_km": 0.022000284901359596 }, "geometry": { "type": "LineString", "coordinates": [ [ 144.982781, -37.8004868 ], [ 144.9828306, -37.8003038 ] ] } },
{ "type": "Feature", "properties": { "osm_id": "1532133459", "road_name": "Otter Street", "highway": "residential", "maxspeed_kmh": 30.0, "length_km": 0.030900383829145773 }, "geometry": { "type": "LineString", "coordinates": [ [ 144.9866682, -37.8009925 ], [ 144.9870181, -37.8009938 ] ] } },
{ "type": "Feature", "properties": { "osm_id": "1532133460", "road_name": "Otter Street", "highway": "residential", "maxspeed_kmh": 30.0, "length_km": 0.030723088633071924 }, "geometry": { "type": "LineString", "coordinates": [ [ 144.987008, -37.8010519 ], [ 144.9866682, -37.8009925 ] ] } },
{ "type": "Feature", "properties": { "osm_id": "1538943830", "road_name": "Napier Street", "highway": "residential", "maxspeed_kmh": 30.0, "length_km": 0.013438457708985442 }, "geometry": { "type": "LineString", "coordinates": [ [ 144.979085, -37.80814 ], [ 144.9790983, -37.8082569 ] ] } },
{ "type": "Feature", "properties": { "osm_id": "1538943831", "road_name": "Napier Street", "highway": "residential", "maxspeed_kmh": 30.0, "length_km": 0.023399052410706583 }, "geometry": { "type": "LineString", "coordinates": [ [ 144.979026299999987, -37.8083388 ], [ 144.979085, -37.80814 ] ] } },
{ "type": "Feature", "properties": { "osm_id": "1538943835", "road_name": "Napier Street", "highway": "residential", "maxspeed_kmh": 30.0, "length_km": 0.010072993820445767 }, "geometry": { "type": "LineString", "coordinates": [ [ 144.9790983, -37.8082569 ], [ 144.9790882, -37.8083473 ] ] } },
{ "type": "Feature", "properties": { "osm_id": "1540955936", "road_name": "Moor Street", "highway": "residential", "maxspeed_kmh": 30.0, "length_km": 0.029280797931738128 }, "geometry": { "type": "LineString", "coordinates": [ [ 144.978235500000011, -37.8016309 ], [ 144.9779035, -37.8016449 ] ] } },
{ "type": "Feature", "properties": { "osm_id": "1540955937", "road_name": "Moor Street", "highway": "residential", "maxspeed_kmh": 30.0, "length_km": 0.029275816022853816 }, "geometry": { "type": "LineString", "coordinates": [ [ 144.977918, -37.8015528 ], [ 144.978235500000011, -37.8016309 ] ] } }
]
}
